4.6369705190222227E-4,0.0072827332251268915,0.04741270376046344,0.1637986986518329,0.31681195940004636,0.3254335105827712,0.1387966973278558,0.0,0.4126984126984127
4.636970519022197E-4,0.007282733225126852,0.04741270376046318,0.163798698651832,0.316811959400045,0.3254335105827694,0.13879669732785505,0.0,0.8571428571428571
4.6369705190222216E-4,0.00728273322512689,0.04741270376046343,0.1637986986518328,0.3168119594000468,0.3254335105827712,0.13879669732785577,0.0,0.42857142857142855
4.636970519022201E-4,0.007282733225126857,0.047412703760463214,0.16379869865183205,0.3168119594000456,0.3254335105827697,0.13879669732785516,0.0,0.7936507936507936
4.636970519022217E-4,0.007282733225126883,0.04741270376046339,0.1637986986518327,0.316811959400046,0.3254335105827708,0.13879669732785563,0.0,0.5079365079365079
4.6369705190222097E-4,0.007282733225126872,0.04741270376046331,0.16379869865183236,0.3168119594000463,0.32543351058277037,0.1387966973278554,0.0,0.6349206349206349
4.636970519022224E-4,0.007282733225126893,0.04741270376046345,0.1637986986518329,0.316811959400047,0.3254335105827713,0.13879669732785582,0.0,0.3968253968253968
4.636970519022209E-4,0.00728273322512687,0.0474127037604633,0.16379869865183244,0.3168119594000455,0.32543351058277026,0.13879669732785538,0.0,0.6507936507936508
4.6369705190222216E-4,0.00728273322512689,0.04741270376046343,0.16379869865183286,0.3168119594000463,0.3254335105827712,0.13879669732785577,0.0,0.42857142857142855
4.6369705190222243E-4,0.007282733225126894,0.04741270376046346,0.16379869865183289,0.3168119594000471,0.32543351058277137,0.13879669732785585,0.0,0.38095238095238093
4.6369705190222216E-4,0.00728273322512689,0.04741270376046343,0.1637986986518328,0.31681195940004675,0.32543351058277115,0.13879669732785577,0.0,0.42857142857142855
4.6369705190222444E-4,0.007282733225126926,0.047412703760463665,0.16379869865183358,0.31681195940004875,0.32543351058277276,0.13879669732785646,0.0,0.031746031746031744
4.6369705190222053E-4,0.007282733225126865,0.04741270376046326,0.16379869865183222,0.31681195940004664,0.32543351058277004,0.13879669732785527,0.0,0.7142857142857143
4.6369705190222216E-4,0.00728273322512689,0.04741270376046343,0.1637986986518328,0.31681195940004736,0.32543351058277115,0.13879669732785577,0.0,0.42857142857142855
4.636970519022224E-4,0.007282733225126893,0.04741270376046345,0.1637986986518328,0.316811959400048,0.32543351058277126,0.13879669732785582,0.0,0.3968253968253968
4.6369705190222227E-4,0.0072827332251268915,0.04741270376046344,0.16379869865183286,0.3168119594000473,0.32543351058277126,0.1387966973278558,0.0,0.4126984126984127
4.6369705190222254E-4,0.007282733225126896,0.04741270376046347,0.16379869865183302,0.31681195940004697,0.3254335105827714,0.13879669732785588,0.0,0.36507936507936506
4.63697051902224E-4,0.007282733225126918,0.047412703760463616,0.16379869865183344,0.3168119594000478,0.3254335105827724,0.13879669732785632,0.0,0.1111111111111111
4.636970519022221E-4,0.007282733225126889,0.04741270376046342,0.16379869865183286,0.31681195940004664,0.3254335105827711,0.13879669732785574,0.0,0.4444444444444444
4.636970519022224E-4,0.007282733225126893,0.04741270376046345,0.16379869865183294,0.3168119594000467,0.32543351058277126,0.13879669732785582,0.0,0.3968253968253968
4.6369705190222455E-4,0.007282733225126927,0.04741270376046367,0.16379869865183372,0.31681195940004797,0.3254335105827728,0.1387966973278565,0.0,0.015873015873015872
4.6369705190221934E-4,0.0072827332251268456,0.047412703760463144,0.16379869865183178,0.3168119594000456,0.3254335105827692,0.13879669732785493,0.0,0.9206349206349206
4.6369705190222135E-4,0.007282733225126878,0.047412703760463346,0.16379869865183258,0.31681195940004636,0.3254335105827706,0.13879669732785552,0.0,0.5714285714285714
4.6369705190222026E-4,0.00728273322512686,0.047412703760463235,0.16379869865183214,0.3168119594000458,0.3254335105827698,0.1387966973278552,0.0,0.7619047619047619
4.6369705190222243E-4,0.007282733225126894,0.04741270376046346,0.16379869865183297,0.3168119594000473,0.3254335105827713,0.13879669732785585,0.0,0.38095238095238093
4.6369705190222265E-4,0.007282733225126898,0.04741270376046348,0.16379869865183305,0.31681195940004697,0.3254335105827715,0.1387966973278559,0.0,0.3492063492063492
4.636970519022238E-4,0.007282733225126916,0.047412703760463595,0.1637986986518335,0.3168119594000474,0.32543351058277237,0.13879669732785627,0.0,0.14285714285714285
4.6369705190222146E-4,0.007282733225126877,0.04741270376046334,0.16379869865183266,0.31681195940004614,0.32543351058277065,0.13879669732785554,0.0,0.5555555555555556
4.636970519022192E-4,0.007282733225126841,0.0474127037604631,0.16379869865183183,0.3168119594000446,0.32543351058276904,0.13879669732785488,0.0,0.9523809523809523
4.6369705190222146E-4,0.007282733225126877,0.04741270376046334,0.16379869865183258,0.3168119594000465,0.3254335105827707,0.13879669732785554,0.0,0.5555555555555556
4.6369705190222037E-4,0.00728273322512686,0.04741270376046323,0.16379869865183216,0.3168119594000458,0.3254335105827699,0.1387966973278552,0.0,0.746031746031746
4.6369705190222227E-4,0.00728273322512689,0.04741270376046342,0.16379869865183289,0.31681195940004636,0.3254335105827712,0.1387966973278558,0.0,0.4126984126984127
4.6369705190222026E-4,0.0072827332251268586,0.047412703760463214,0.16379869865183214,0.31681195940004575,0.32543351058276987,0.1387966973278552,0.0,0.7619047619047619
4.636970519022221E-4,0.007282733225126887,0.0474127037604634,0.16379869865183286,0.31681195940004714,0.32543351058277115,0.13879669732785574,0.0,0.4444444444444444
4.6369705190222135E-4,0.007282733225126876,0.04741270376046333,0.1637986986518326,0.3168119594000459,0.3254335105827706,0.13879669732785552,0.0,0.5714285714285714
4.636970519022209E-4,0.007282733225126869,0.04741270376046328,0.16379869865183244,0.3168119594000455,0.32543351058277026,0.13879669732785538,0.0,0.6507936507936508
4.636970519022215E-4,0.0072827332251268785,0.04741270376046335,0.1637986986518326,0.31681195940004664,0.32543351058277076,0.13879669732785557,0.0,0.5396825396825397
4.636970519022216E-4,0.00728273322512688,0.04741270376046336,0.1637986986518326,0.31681195940004636,0.32543351058277076,0.1387966973278556,0.0,0.5238095238095238
4.636970519022238E-4,0.007282733225126914,0.04741270376046359,0.16379869865183336,0.3168119594000483,0.32543351058277237,0.13879669732785627,0.0,0.14285714285714285
4.6369705190222037E-4,0.00728273322512686,0.047412703760463235,0.16379869865183214,0.31681195940004625,0.3254335105827699,0.1387966973278552,0.0,0.746031746031746
4.636970519022229E-4,0.0072827332251269,0.04741270376046349,0.16379869865183308,0.31681195940004764,0.32543351058277165,0.138796697327856,0.0,0.30158730158730157
4.6369705190222146E-4,0.007282733225126877,0.047412703760463346,0.1637986986518325,0.3168119594000471,0.32543351058277065,0.13879669732785554,0.0,0.5555555555555556
4.636970519022219E-4,0.007282733225126885,0.04741270376046339,0.16379869865183277,0.3168119594000472,0.325433510582771,0.13879669732785568,0.0,0.47619047619047616
4.6369705190222254E-4,0.007282733225126894,0.04741270376046346,0.16379869865183302,0.31681195940004697,0.3254335105827714,0.13879669732785588,0.0,0.36507936507936506
4.636970519022236E-4,0.0072827332251269115,0.04741270376046357,0.16379869865183336,0.31681195940004764,0.32543351058277215,0.1387966973278562,0.0,0.1746031746031746
4.6369705190222135E-4,0.007282733225126876,0.04741270376046333,0.16379869865183258,0.31681195940004636,0.3254335105827706,0.13879669732785552,0.0,0.5714285714285714
4.636970519022216E-4,0.00728273322512688,0.04741270376046336,0.1637986986518327,0.31681195940004636,0.32543351058277076,0.1387966973278556,0.0,0.5238095238095238
4.6369705190222324E-4,0.007282733225126905,0.04741270376046353,0.16379869865183327,0.3168119594000475,0.3254335105827719,0.1387966973278561,0.0,0.23809523809523808
4.636970519022189E-4,0.007282733225126837,0.04741270376046308,0.16379869865183166,0.31681195940004503,0.32543351058276887,0.1387966973278548,0.0,1.0
4.636970519022207E-4,0.0072827332251268655,0.04741270376046327,0.16379869865183236,0.31681195940004575,0.32543351058277015,0.13879669732785532,0.0,0.6825396825396826
4.6369705190221983E-4,0.007282733225126852,0.04741270376046318,0.163798698651832,0.31681195940004525,0.3254335105827695,0.13879669732785507,0.0,0.8412698412698413
4.6369705190222183E-4,0.007282733225126883,0.04741270376046338,0.16379869865183272,0.31681195940004714,0.3254335105827709,0.13879669732785566,0.0,0.49206349206349204
4.6369705190222227E-4,0.00728273322512689,0.04741270376046343,0.16379869865183294,0.31681195940004664,0.3254335105827712,0.1387966973278558,0.0,0.4126984126984127
4.6369705190222335E-4,0.007282733225126907,0.04741270376046354,0.16379869865183339,0.31681195940004714,0.325433510582772,0.13879669732785613,0.0,0.2222222222222222
4.636970519022228E-4,0.0072827332251268985,0.04741270376046348,0.16379869865183314,0.31681195940004697,0.3254335105827716,0.13879669732785596,0.0,0.31746031746031744
4.6369705190222053E-4,0.007282733225126863,0.04741270376046324,0.1637986986518323,0.31681195940004536,0.32543351058277,0.13879669732785527,0.0,0.7142857142857143
4.636970519022229E-4,0.0072827332251269,0.047412703760463484,0.1637986986518331,0.3168119594000475,0.3254335105827717,0.138796697327856,0.0,0.30158730158730157
4.6369705190222064E-4,0.007282733225126865,0.047412703760463255,0.1637986986518323,0.3168119594000459,0.32543351058277004,0.1387966973278553,0.0,0.6984126984126984
4.636970519022221E-4,0.007282733225126887,0.0474127037604634,0.16379869865183289,0.3168119594000464,0.3254335105827711,0.13879669732785574,0.0,0.4444444444444444
4.6369705190222064E-4,0.007282733225126865,0.047412703760463255,0.1637986986518323,0.3168119594000462,0.32543351058277004,0.1387966973278553,0.0,0.6984126984126984
4.636970519022238E-4,0.007282733225126914,0.04741270376046358,0.1637986986518335,0.31681195940004814,0.32543351058277237,0.13879669732785627,0.0,0.14285714285714285
4.6369705190222146E-4,0.007282733225126877,0.04741270376046334,0.16379869865183264,0.3168119594000461,0.32543351058277065,0.13879669732785554,0.0,0.5555555555555556
4.6369705190222254E-4,0.007282733225126894,0.04741270376046345,0.16379869865183302,0.31681195940004664,0.3254335105827714,0.13879669732785588,0.0,0.36507936507936506
4.6369705190222183E-4,0.007282733225126883,0.04741270376046338,0.1637986986518327,0.31681195940004686,0.3254335105827709,0.13879669732785566,0.0,0.49206349206349204
4.636970519022215E-4,0.0072827332251268785,0.04741270376046335,0.1637986986518326,0.3168119594000464,0.3254335105827707,0.13879669732785557,0.0,0.5396825396825397
4.6369705190222465E-4,0.007282733225126927,0.04741270376046367,0.16379869865183364,0.31681195940004897,0.3254335105827729,0.13879669732785652,0.0,0.0
4.6369705190222135E-4,0.007282733225126876,0.04741270376046333,0.1637986986518325,0.3168119594000472,0.32543351058277065,0.13879669732785552,0.0,0.5714285714285714
4.636970519022231E-4,0.007282733225126903,0.04741270376046351,0.16379869865183314,0.3168119594000479,0.3254335105827718,0.13879669732785604,0.0,0.2698412698412698
4.63697051902222E-4,0.0072827332251268855,0.0474127037604634,0.16379869865183266,0.3168119594000479,0.32543351058277104,0.1387966973278557,0.0,0.4603174603174603
4.6369705190222183E-4,0.007282733225126883,0.04741270376046338,0.16379869865183272,0.31681195940004725,0.3254335105827709,0.13879669732785566,0.0,0.49206349206349204
4.636970519022239E-4,0.007282733225126916,0.047412703760463595,0.1637986986518335,0.3168119594000481,0.32543351058277237,0.1387966973278563,0.0,0.12698412698412698
4.636970519022241E-4,0.007282733225126918,0.047412703760463616,0.16379869865183352,0.31681195940004814,0.3254335105827725,0.13879669732785635,0.0,0.09523809523809523
4.636970519022216E-4,0.00728273322512688,0.04741270376046336,0.16379869865183266,0.31681195940004653,0.32543351058277076,0.1387966973278556,0.0,0.5238095238095238
4.6369705190222183E-4,0.007282733225126883,0.04741270376046338,0.16379869865183272,0.3168119594000466,0.32543351058277087,0.13879669732785566,0.0,0.49206349206349204
4.636970519022241E-4,0.007282733225126918,0.047412703760463616,0.16379869865183355,0.31681195940004814,0.3254335105827725,0.13879669732785635,0.0,0.09523809523809523
4.6369705190221896E-4,0.007282733225126839,0.047412703760463096,0.16379869865183172,0.31681195940004514,0.325433510582769,0.13879669732785482,0.0,0.9841269841269841
4.636970519022215E-4,0.0072827332251268785,0.04741270376046335,0.16379869865183266,0.3168119594000467,0.3254335105827707,0.13879669732785557,0.0,0.5396825396825397
4.636970519022204E-4,0.007282733225126861,0.04741270376046324,0.16379869865183222,0.3168119594000461,0.3254335105827699,0.13879669732785524,0.0,0.7301587301587301
4.636970519022219E-4,0.007282733225126885,0.04741270376046339,0.16379869865183277,0.31681195940004714,0.325433510582771,0.13879669732785568,0.0,0.47619047619047616
4.636970519022224E-4,0.0072827332251268915,0.047412703760463436,0.16379869865183297,0.316811959400047,0.32543351058277126,0.13879669732785582,0.0,0.3968253968253968
4.63697051902224E-4,0.0072827332251269175,0.0474127037604636,0.16379869865183355,0.31681195940004797,0.3254335105827724,0.13879669732785632,0.0,0.1111111111111111
4.6369705190222124E-4,0.007282733225126874,0.04741270376046332,0.16379869865183258,0.31681195940004575,0.32543351058277054,0.1387966973278555,0.0,0.5873015873015873
4.6369705190221934E-4,0.007282733225126844,0.047412703760463124,0.1637986986518319,0.3168119594000446,0.32543351058276915,0.13879669732785493,0.0,0.9206349206349206
4.636970519022232E-4,0.0072827332251269045,0.04741270376046351,0.1637986986518332,0.3168119594000473,0.3254335105827719,0.13879669732785607,0.0,0.25396825396825395
4.6369705190221983E-4,0.007282733225126852,0.04741270376046317,0.163798698651832,0.31681195940004536,0.32543351058276954,0.13879669732785507,0.0,0.8412698412698413
4.636970519022209E-4,0.007282733225126869,0.04741270376046328,0.16379869865183241,0.31681195940004575,0.32543351058277026,0.13879669732785538,0.0,0.6507936507936508
4.6369705190222064E-4,0.007282733225126865,0.047412703760463255,0.16379869865183225,0.3168119594000461,0.32543351058277004,0.1387966973278553,0.0,0.6984126984126984
4.636970519022228E-4,0.0072827332251268985,0.04741270376046348,0.1637986986518331,0.3168119594000473,0.32543351058277165,0.13879669732785596,0.0,0.31746031746031744
4.6369705190222146E-4,0.007282733225126877,0.04741270376046334,0.16379869865183264,0.3168119594000461,0.32543351058277065,0.13879669732785554,0.0,0.5555555555555556
4.63697051902222E-4,0.0072827332251268855,0.047412703760463394,0.1637986986518328,0.31681195940004614,0.32543351058277104,0.1387966973278557,0.0,0.4603174603174603
4.6369705190222124E-4,0.007282733225126874,0.047412703760463325,0.16379869865183252,0.3168119594000462,0.32543351058277054,0.1387966973278555,0.0,0.5873015873015873
4.636970519022215E-4,0.0072827332251268785,0.04741270376046335,0.16379869865183255,0.31681195940004636,0.3254335105827707,0.13879669732785557,0.0,0.5396825396825397
4.63697051902224E-4,0.0072827332251269175,0.0474127037604636,0.16379869865183344,0.3168119594000483,0.3254335105827725,0.13879669732785632,0.0,0.1111111111111111
4.636970519022209E-4,0.007282733225126869,0.04741270376046329,0.16379869865183233,0.3168119594000466,0.3254335105827703,0.13879669732785538,0.0,0.6507936507936508
4.636970519022227E-4,0.007282733225126898,0.04741270376046348,0.16379869865183294,0.3168119594000478,0.32543351058277153,0.13879669732785593,0.0,0.3333333333333333
4.6369705190222146E-4,0.007282733225126877,0.047412703760463346,0.16379869865183247,0.31681195940004725,0.32543351058277065,0.13879669732785554,0.0,0.5555555555555556
4.636970519022215E-4,0.0072827332251268785,0.04741270376046335,0.16379869865183264,0.31681195940004686,0.32543351058277076,0.13879669732785557,0.0,0.5396825396825397
4.6369705190222373E-4,0.007282733225126913,0.047412703760463575,0.16379869865183344,0.3168119594000479,0.32543351058277226,0.13879669732785624,0.0,0.15873015873015872
4.636970519022236E-4,0.0072827332251269115,0.04741270376046357,0.16379869865183336,0.31681195940004764,0.32543351058277215,0.1387966973278562,0.0,0.1746031746031746
4.6369705190222124E-4,0.007282733225126874,0.047412703760463325,0.16379869865183252,0.316811959400046,0.32543351058277054,0.1387966973278555,0.0,0.5873015873015873
4.6369705190222146E-4,0.007282733225126877,0.047412703760463346,0.1637986986518326,0.3168119594000462,0.32543351058277065,0.13879669732785554,0.0,0.5555555555555556
4.636970519022235E-4,0.00728273322512691,0.04741270376046356,0.16379869865183333,0.31681195940004736,0.3254335105827721,0.13879669732785618,0.0,0.19047619047619047
4.636970519022189E-4,0.007282733225126837,0.04741270376046308,0.1637986986518316,0.3168119594000449,0.32543351058276887,0.1387966973278548,0.0,1.0
4.636970519022215E-4,0.0072827332251268785,0.04741270376046335,0.1637986986518326,0.3168119594000467,0.3254335105827707,0.13879669732785557,0.0,0.5396825396825397
4.636970519022211E-4,0.007282733225126872,0.047412703760463304,0.16379869865183241,0.31681195940004636,0.32543351058277037,0.13879669732785543,0.0,0.6190476190476191
4.636970519022216E-4,0.00728273322512688,0.04741270376046336,0.16379869865183264,0.3168119594000468,0.3254335105827708,0.1387966973278556,0.0,0.5238095238095238
4.636970519022219E-4,0.007282733225126885,0.04741270376046339,0.16379869865183277,0.3168119594000466,0.325433510582771,0.13879669732785568,0.0,0.47619047619047616
4.6369705190222346E-4,0.007282733225126909,0.04741270376046355,0.16379869865183333,0.3168119594000473,0.32543351058277203,0.13879669732785616,0.0,0.20634920634920634
4.6369705190222254E-4,0.007282733225126894,0.04741270376046345,0.163798698651833,0.31681195940004664,0.3254335105827714,0.13879669732785588,0.0,0.36507936507936506
4.636970519022208E-4,0.007282733225126867,0.047412703760463276,0.16379869865183236,0.3168119594000459,0.3254335105827702,0.13879669732785535,0.0,0.6666666666666666
4.636970519022228E-4,0.0072827332251268985,0.04741270376046348,0.16379869865183302,0.3168119594000471,0.32543351058277165,0.13879669732785596,0.0,0.31746031746031744
4.6369705190222037E-4,0.00728273322512686,0.04741270376046323,0.16379869865183208,0.31681195940004603,0.3254335105827699,0.1387966973278552,0.0,0.746031746031746
4.636970519022215E-4,0.0072827332251268785,0.047412703760463346,0.16379869865183258,0.31681195940004636,0.3254335105827707,0.13879669732785557,0.0,0.5396825396825397
4.636970519022212E-4,0.0072827332251268724,0.04741270376046331,0.16379869865183241,0.31681195940004664,0.3254335105827704,0.13879669732785546,0.0,0.6031746031746031
4.636970519022229E-4,0.0072827332251269,0.047412703760463484,0.16379869865183308,0.3168119594000475,0.32543351058277165,0.138796697327856,0.0,0.30158730158730157
4.636970519022216E-4,0.00728273322512688,0.04741270376046336,0.16379869865183264,0.3168119594000465,0.32543351058277076,0.1387966973278556,0.0,0.5238095238095238
4.6369705190222183E-4,0.007282733225126883,0.04741270376046337,0.1637986986518327,0.31681195940004603,0.32543351058277087,0.13879669732785566,0.0,0.49206349206349204
4.636970519022208E-4,0.007282733225126867,0.047412703760463276,0.16379869865183233,0.3168119594000457,0.32543351058277026,0.13879669732785535,0.0,0.6666666666666666
4.636970519022211E-4,0.007282733225126872,0.047412703760463304,0.16379869865183241,0.316811959400046,0.32543351058277037,0.13879669732785543,0.0,0.6190476190476191
4.6369705190222346E-4,0.007282733225126909,0.04741270376046355,0.16379869865183325,0.3168119594000477,0.3254335105827721,0.13879669732785616,0.0,0.20634920634920634
4.6369705190222097E-4,0.00728273322512687,0.0474127037604633,0.1637986986518323,0.31681195940004686,0.3254335105827703,0.1387966973278554,0.0,0.6349206349206349
4.636970519022231E-4,0.007282733225126903,0.04741270376046351,0.16379869865183308,0.316811959400048,0.3254335105827718,0.13879669732785604,0.0,0.2698412698412698
4.6369705190222243E-4,0.007282733225126893,0.04741270376046345,0.1637986986518328,0.31681195940004797,0.32543351058277137,0.13879669732785585,0.0,0.38095238095238093
4.6369705190222324E-4,0.007282733225126905,0.04741270376046353,0.16379869865183316,0.31681195940004786,0.325433510582772,0.1387966973278561,0.0,0.23809523809523808
4.6369705190222324E-4,0.007282733225126905,0.04741270376046353,0.16379869865183322,0.3168119594000475,0.3254335105827719,0.1387966973278561,0.0,0.23809523809523808
4.636970519022238E-4,0.007282733225126914,0.04741270376046359,0.16379869865183336,0.31681195940004764,0.3254335105827723,0.13879669732785627,0.0,0.14285714285714285
4.636970519022211E-4,0.007282733225126872,0.047412703760463304,0.16379869865183241,0.31681195940004564,0.32543351058277037,0.13879669732785543,0.0,0.6190476190476191
4.636970519022209E-4,0.007282733225126869,0.04741270376046329,0.16379869865183241,0.31681195940004575,0.32543351058277026,0.13879669732785538,0.0,0.6507936507936508
4.6369705190222335E-4,0.007282733225126907,0.04741270376046354,0.16379869865183327,0.3168119594000469,0.325433510582772,0.13879669732785613,0.0,0.2222222222222222
4.6369705190222146E-4,0.007282733225126877,0.047412703760463346,0.16379869865183247,0.3168119594000471,0.3254335105827707,0.13879669732785554,0.0,0.5555555555555556
4.636970519022215E-4,0.0072827332251268785,0.04741270376046335,0.16379869865183258,0.3168119594000467,0.3254335105827707,0.13879669732785557,0.0,0.5396825396825397
4.636970519022212E-4,0.0072827332251268724,0.04741270376046332,0.16379869865183244,0.3168119594000463,0.3254335105827705,0.13879669732785546,0.0,0.6031746031746031
4.636970519022236E-4,0.0072827332251269115,0.04741270376046357,0.16379869865183327,0.316811959400048,0.32543351058277215,0.1387966973278562,0.0,0.1746031746031746
4.6369705190222346E-4,0.007282733225126909,0.04741270376046355,0.16379869865183327,0.3168119594000475,0.32543351058277203,0.13879669732785616,0.0,0.20634920634920634
4.636970519022243E-4,0.007282733225126922,0.04741270376046363,0.1637986986518336,0.31681195940004764,0.32543351058277264,0.1387966973278564,0.0,0.06349206349206349
4.6369705190222216E-4,0.007282733225126889,0.04741270376046341,0.16379869865183286,0.3168119594000467,0.32543351058277115,0.13879669732785577,0.0,0.42857142857142855
4.636970519022199E-4,0.0072827332251268525,0.04741270376046317,0.16379869865183205,0.31681195940004514,0.32543351058276954,0.1387966973278551,0.0,0.8253968253968254
4.63697051902222E-4,0.0072827332251268855,0.04741270376046339,0.1637986986518328,0.3168119594000467,0.32543351058277104,0.1387966973278557,0.0,0.4603174603174603
4.6369705190222037E-4,0.00728273322512686,0.04741270376046322,0.1637986986518321,0.3168119594000459,0.3254335105827699,0.1387966973278552,0.0,0.746031746031746
4.636970519022221E-4,0.007282733225126887,0.047412703760463394,0.1637986986518328,0.3168119594000467,0.3254335105827711,0.13879669732785574,0.0,0.4444444444444444
4.636970519022199E-4,0.0072827332251268525,0.04741270376046317,0.16379869865183197,0.31681195940004564,0.3254335105827696,0.1387966973278551,0.0,0.8253968253968254
4.6369705190222254E-4,0.007282733225126894,0.04741270376046344,0.16379869865183294,0.31681195940004736,0.3254335105827715,0.13879669732785588,0.0,0.36507936507936506
4.6369705190222064E-4,0.007282733225126865,0.04741270376046325,0.16379869865183228,0.3168119594000456,0.32543351058277004,0.1387966973278553,0.0,0.6984126984126984
4.6369705190222135E-4,0.007282733225126876,0.047412703760463325,0.16379869865183258,0.31681195940004586,0.3254335105827706,0.13879669732785552,0.0,0.5714285714285714
4.636970519022201E-4,0.007282733225126856,0.04741270376046319,0.1637986986518321,0.31681195940004536,0.3254335105827697,0.13879669732785516,0.0,0.7936507936507936
4.6369705190222097E-4,0.00728273322512687,0.04741270376046328,0.16379869865183241,0.316811959400046,0.32543351058277037,0.1387966973278554,0.0,0.6349206349206349
4.6369705190222227E-4,0.00728273322512689,0.047412703760463415,0.16379869865183283,0.31681195940004697,0.32543351058277126,0.1387966973278558,0.0,0.4126984126984127
4.6369705190222135E-4,0.007282733225126876,0.047412703760463325,0.16379869865183244,0.316811959400047,0.3254335105827706,0.13879669732785552,0.0,0.5714285714285714
4.636970519022231E-4,0.007282733225126903,0.0474127037604635,0.16379869865183308,0.3168119594000477,0.3254335105827718,0.13879669732785604,0.0,0.2698412698412698
4.6369705190222183E-4,0.007282733225126883,0.047412703760463366,0.16379869865183264,0.3168119594000473,0.32543351058277087,0.13879669732785566,0.0,0.49206349206349204
4.636970519022221E-4,0.007282733225126887,0.047412703760463394,0.16379869865183277,0.3168119594000472,0.32543351058277115,0.13879669732785574,0.0,0.4444444444444444
4.6369705190222265E-4,0.007282733225126896,0.04741270376046345,0.16379869865183302,0.3168119594000471,0.3254335105827715,0.1387966973278559,0.0,0.3492063492063492
4.6369705190222346E-4,0.007282733225126909,0.04741270376046354,0.16379869865183327,0.3168119594000474,0.32543351058277203,0.13879669732785616,0.0,0.20634920634920634
4.6369705190222037E-4,0.00728273322512686,0.04741270376046322,0.1637986986518322,0.31681195940004553,0.32543351058276987,0.1387966973278552,0.0,0.746031746031746
4.636970519022204E-4,0.007282733225126861,0.04741270376046323,0.16379869865183225,0.3168119594000456,0.3254335105827699,0.13879669732785524,0.0,0.7301587301587301
4.63697051902222E-4,0.0072827332251268855,0.04741270376046339,0.16379869865183286,0.31681195940004625,0.32543351058277104,0.1387966973278557,0.0,0.4603174603174603
4.636970519022204E-4,0.007282733225126861,0.04741270376046323,0.16379869865183214,0.3168119594000463,0.32543351058277,0.13879669732785524,0.0,0.7301587301587301
4.636970519022216E-4,0.00728273322512688,0.04741270376046335,0.1637986986518326,0.31681195940004653,0.32543351058277076,0.1387966973278556,0.0,0.5238095238095238
4.6369705190222135E-4,0.007282733225126876,0.047412703760463325,0.16379869865183255,0.3168119594000464,0.3254335105827706,0.13879669732785552,0.0,0.5714285714285714
4.6369705190222227E-4,0.00728273322512689,0.047412703760463415,0.1637986986518328,0.31681195940004725,0.3254335105827712,0.1387966973278558,0.0,0.4126984126984127
4.6369705190222243E-4,0.007282733225126893,0.047412703760463436,0.16379869865183297,0.31681195940004686,0.3254335105827713,0.13879669732785585,0.0,0.38095238095238093
4.6369705190222324E-4,0.007282733225126905,0.04741270376046352,0.1637986986518333,0.316811959400047,0.3254335105827719,0.1387966973278561,0.0,0.23809523809523808
4.636970519022221E-4,0.007282733225126887,0.047412703760463394,0.16379869865183283,0.3168119594000465,0.3254335105827711,0.13879669732785574,0.0,0.4444444444444444
4.636970519022201E-4,0.007282733225126856,0.04741270376046319,0.16379869865183214,0.31681195940004525,0.3254335105827697,0.13879669732785516,0.0,0.7936507936507936
4.636970519022219E-4,0.007282733225126885,0.04741270376046338,0.16379869865183277,0.3168119594000466,0.325433510582771,0.13879669732785568,0.0,0.47619047619047616
4.6369705190222015E-4,0.007282733225126857,0.0474127037604632,0.1637986986518321,0.31681195940004575,0.3254335105827698,0.13879669732785518,0.0,0.7777777777777778
4.63697051902222E-4,0.0072827332251268855,0.04741270376046339,0.1637986986518328,0.31681195940004664,0.32543351058277104,0.1387966973278557,0.0,0.4603174603174603
4.636970519022201E-4,0.007282733225126856,0.04741270376046319,0.1637986986518321,0.316811959400046,0.3254335105827697,0.13879669732785516,0.0,0.7936507936507936
4.6369705190222243E-4,0.007282733225126893,0.047412703760463436,0.16379869865183294,0.31681195940004725,0.32543351058277137,0.13879669732785585,0.0,0.38095238095238093
4.636970519022204E-4,0.007282733225126861,0.04741270376046323,0.16379869865183222,0.3168119594000455,0.3254335105827699,0.13879669732785524,0.0,0.7301587301587301
4.636970519022219E-4,0.007282733225126885,0.04741270376046338,0.16379869865183277,0.3168119594000463,0.325433510582771,0.13879669732785568,0.0,0.47619047619047616
4.6369705190222135E-4,0.007282733225126876,0.047412703760463325,0.16379869865183252,0.31681195940004625,0.32543351058277065,0.13879669732785552,0.0,0.5714285714285714
4.636970519022219E-4,0.007282733225126885,0.04741270376046338,0.16379869865183275,0.3168119594000467,0.325433510582771,0.13879669732785568,0.0,0.47619047619047616
4.6369705190222227E-4,0.00728273322512689,0.047412703760463415,0.16379869865183283,0.31681195940004686,0.3254335105827712,0.1387966973278558,0.0,0.4126984126984127
4.63697051902222E-4,0.0072827332251268855,0.04741270376046339,0.16379869865183266,0.3168119594000475,0.3254335105827711,0.1387966973278557,0.0,0.4603174603174603
4.636970519022227E-4,0.007282733225126898,0.047412703760463464,0.16379869865183297,0.31681195940004764,0.32543351058277153,0.13879669732785593,0.0,0.3333333333333333
4.6369705190222216E-4,0.007282733225126889,0.04741270376046341,0.16379869865183275,0.31681195940004764,0.32543351058277115,0.13879669732785577,0.0,0.42857142857142855
4.63697051902222E-4,0.0072827332251268855,0.04741270376046339,0.16379869865183275,0.31681195940004714,0.3254335105827711,0.1387966973278557,0.0,0.4603174603174603
4.636970519022236E-4,0.0072827332251269115,0.047412703760463554,0.16379869865183339,0.3168119594000479,0.32543351058277215,0.1387966973278562,0.0,0.1746031746031746
4.636970519022235E-4,0.00728273322512691,0.04741270376046355,0.16379869865183333,0.3168119594000477,0.3254335105827721,0.13879669732785618,0.0,0.19047619047619047
4.636970519022209E-4,0.007282733225126869,0.047412703760463276,0.1637986986518324,0.31681195940004575,0.32543351058277026,0.13879669732785538,0.0,0.6507936507936508
4.636970519022209E-4,0.007282733225126869,0.047412703760463276,0.16379869865183241,0.3168119594000458,0.32543351058277026,0.13879669732785538,0.0,0.6507936507936508
4.6369705190222243E-4,0.007282733225126893,0.047412703760463436,0.16379869865183297,0.31681195940004653,0.3254335105827713,0.13879669732785585,0.0,0.38095238095238093
4.6369705190222037E-4,0.00728273322512686,0.04741270376046322,0.16379869865183214,0.31681195940004614,0.3254335105827699,0.1387966973278552,0.0,0.746031746031746
4.636970519022221E-4,0.007282733225126887,0.047412703760463394,0.1637986986518328,0.31681195940004725,0.3254335105827711,0.13879669732785574,0.0,0.4444444444444444
4.6369705190222135E-4,0.007282733225126876,0.047412703760463325,0.16379869865183252,0.31681195940004664,0.3254335105827706,0.13879669732785552,0.0,0.5714285714285714
4.636970519022224E-4,0.0072827332251268915,0.04741270376046342,0.16379869865183289,0.31681195940004736,0.32543351058277126,0.13879669732785582,0.0,0.3968253968253968
4.6369705190222243E-4,0.007282733225126893,0.047412703760463436,0.16379869865183297,0.316811959400047,0.3254335105827713,0.13879669732785585,0.0,0.38095238095238093
4.6369705190222373E-4,0.007282733225126913,0.04741270376046357,0.16379869865183344,0.3168119594000475,0.32543351058277226,0.13879669732785624,0.0,0.15873015873015872
4.636970519022221E-4,0.007282733225126887,0.047412703760463394,0.1637986986518328,0.31681195940004636,0.3254335105827711,0.13879669732785574,0.0,0.4444444444444444
4.636970519022201E-4,0.007282733225126856,0.04741270376046319,0.1637986986518321,0.31681195940004514,0.3254335105827697,0.13879669732785516,0.0,0.7936507936507936
4.636970519022219E-4,0.007282733225126885,0.04741270376046338,0.16379869865183275,0.31681195940004625,0.325433510582771,0.13879669732785568,0.0,0.47619047619047616
4.6369705190222026E-4,0.0072827332251268586,0.047412703760463214,0.1637986986518321,0.3168119594000458,0.32543351058276987,0.1387966973278552,0.0,0.7619047619047619
4.636970519022211E-4,0.007282733225126872,0.0474127037604633,0.16379869865183241,0.31681195940004614,0.32543351058277037,0.13879669732785543,0.0,0.6190476190476191
4.636970519022201E-4,0.007282733225126856,0.04741270376046319,0.16379869865183205,0.3168119594000458,0.3254335105827697,0.13879669732785516,0.0,0.7936507936507936
4.6369705190222254E-4,0.007282733225126894,0.04741270376046344,0.16379869865183294,0.31681195940004736,0.3254335105827715,0.13879669732785588,0.0,0.36507936507936506
4.636970519022207E-4,0.0072827332251268655,0.047412703760463255,0.16379869865183233,0.31681195940004564,0.32543351058277015,0.13879669732785532,0.0,0.6825396825396826
4.6369705190222183E-4,0.007282733225126883,0.047412703760463366,0.16379869865183272,0.3168119594000462,0.32543351058277087,0.13879669732785566,0.0,0.49206349206349204
4.6369705190222064E-4,0.007282733225126865,0.04741270376046325,0.16379869865183228,0.3168119594000456,0.3254335105827701,0.1387966973278553,0.0,0.6984126984126984
4.636970519022207E-4,0.0072827332251268655,0.047412703760463255,0.1637986986518323,0.31681195940004575,0.32543351058277015,0.13879669732785532,0.0,0.6825396825396826
4.636970519022221E-4,0.007282733225126887,0.047412703760463394,0.16379869865183275,0.3168119594000467,0.3254335105827711,0.13879669732785574,0.0,0.4444444444444444
4.636970519022215E-4,0.0072827332251268785,0.04741270376046334,0.16379869865183252,0.31681195940004714,0.32543351058277076,0.13879669732785557,0.0,0.5396825396825397
4.6369705190222216E-4,0.007282733225126889,0.04741270376046341,0.16379869865183277,0.3168119594000473,0.32543351058277115,0.13879669732785577,0.0,0.42857142857142855
4.636970519022217E-4,0.007282733225126881,0.04741270376046336,0.16379869865183258,0.3168119594000472,0.3254335105827708,0.13879669732785563,0.0,0.5079365079365079
4.63697051902222E-4,0.0072827332251268855,0.04741270376046339,0.16379869865183272,0.3168119594000471,0.3254335105827711,0.1387966973278557,0.0,0.4603174603174603
4.6369705190222346E-4,0.007282733225126909,0.04741270376046354,0.16379869865183327,0.31681195940004764,0.32543351058277203,0.13879669732785616,0.0,0.20634920634920634
4.6369705190222346E-4,0.007282733225126909,0.04741270376046354,0.16379869865183327,0.3168119594000476,0.32543351058277203,0.13879669732785616,0.0,0.20634920634920634
4.6369705190222026E-4,0.0072827332251268586,0.047412703760463214,0.16379869865183214,0.31681195940004536,0.3254335105827698,0.1387966973278552,0.0,0.7619047619047619
4.6369705190222026E-4,0.0072827332251268586,0.047412703760463214,0.16379869865183214,0.31681195940004536,0.3254335105827698,0.1387966973278552,0.0,0.7619047619047619
4.636970519022219E-4,0.007282733225126885,0.04741270376046338,0.16379869865183277,0.31681195940004586,0.325433510582771,0.13879669732785568,0.0,0.47619047619047616
4.6369705190222064E-4,0.007282733225126865,0.04741270376046325,0.1637986986518322,0.3168119594000464,0.3254335105827701,0.1387966973278553,0.0,0.6984126984126984
4.636970519022216E-4,0.00728273322512688,0.04741270376046335,0.16379869865183258,0.31681195940004686,0.32543351058277076,0.1387966973278556,0.0,0.5238095238095238
4.636970519022219E-4,0.007282733225126885,0.04741270376046338,0.1637986986518327,0.316811959400047,0.325433510582771,0.13879669732785568,0.0,0.47619047619047616
4.6369705190222243E-4,0.007282733225126893,0.047412703760463436,0.16379869865183286,0.31681195940004736,0.3254335105827713,0.13879669732785585,0.0,0.38095238095238093
4.636970519022224E-4,0.0072827332251268915,0.04741270376046342,0.16379869865183289,0.31681195940004686,0.32543351058277126,0.13879669732785582,0.0,0.3968253968253968
4.636970519022236E-4,0.0072827332251269115,0.047412703760463554,0.16379869865183336,0.31681195940004747,0.32543351058277215,0.1387966973278562,0.0,0.1746031746031746
4.6369705190222243E-4,0.007282733225126893,0.04741270376046344,0.16379869865183294,0.3168119594000466,0.3254335105827713,0.13879669732785585,0.0,0.38095238095238093
4.6369705190222053E-4,0.007282733225126863,0.04741270376046324,0.16379869865183228,0.31681195940004564,0.32543351058277,0.13879669732785527,0.0,0.7142857142857143
4.636970519022227E-4,0.007282733225126898,0.04741270376046347,0.16379869865183302,0.316811959400047,0.3254335105827716,0.13879669732785593,0.0,0.3333333333333333
4.6369705190222015E-4,0.007282733225126857,0.04741270376046321,0.16379869865183208,0.3168119594000459,0.3254335105827698,0.13879669732785518,0.0,0.7777777777777778
4.6369705190222183E-4,0.007282733225126883,0.04741270376046337,0.16379869865183272,0.3168119594000466,0.32543351058277087,0.13879669732785566,0.0,0.49206349206349204
4.6369705190222135E-4,0.007282733225126876,0.04741270376046333,0.1637986986518325,0.31681195940004675,0.3254335105827706,0.13879669732785552,0.0,0.5714285714285714
4.63697051902223E-4,0.007282733225126901,0.0474127037604635,0.1637986986518331,0.3168119594000475,0.3254335105827717,0.13879669732785602,0.0,0.2857142857142857
4.636970519022219E-4,0.007282733225126885,0.04741270376046339,0.16379869865183277,0.3168119594000466,0.325433510582771,0.13879669732785568,0.0,0.47619047619047616
4.6369705190222135E-4,0.007282733225126876,0.04741270376046333,0.16379869865183255,0.31681195940004575,0.3254335105827706,0.13879669732785552,0.0,0.5714285714285714
4.6369705190222097E-4,0.00728273322512687,0.0474127037604633,0.1637986986518324,0.3168119594000459,0.32543351058277037,0.1387966973278554,0.0,0.6349206349206349
4.636970519022212E-4,0.0072827332251268724,0.04741270376046332,0.16379869865183247,0.316811959400046,0.3254335105827704,0.13879669732785546,0.0,0.6031746031746031
4.636970519022236E-4,0.0072827332251269115,0.04741270376046357,0.1637986986518333,0.3168119594000477,0.3254335105827722,0.1387966973278562,0.0,0.1746031746031746
4.6369705190222135E-4,0.007282733225126876,0.04741270376046333,0.16379869865183244,0.31681195940004714,0.3254335105827706,0.13879669732785552,0.0,0.5714285714285714
4.6369705190222324E-4,0.007282733225126905,0.04741270376046353,0.16379869865183322,0.316811959400048,0.3254335105827719,0.1387966973278561,0.0,0.23809523809523808
4.6369705190222254E-4,0.007282733225126894,0.04741270376046346,0.16379869865183286,0.316811959400048,0.3254335105827715,0.13879669732785588,0.0,0.36507936507936506
4.636970519022231E-4,0.007282733225126903,0.04741270376046351,0.16379869865183314,0.31681195940004775,0.3254335105827718,0.13879669732785604,0.0,0.2698412698412698
4.6369705190222335E-4,0.007282733225126907,0.04741270376046354,0.16379869865183327,0.31681195940004747,0.325433510582772,0.13879669732785613,0.0,0.2222222222222222
4.6369705190222373E-4,0.007282733225126913,0.047412703760463575,0.16379869865183336,0.3168119594000476,0.32543351058277226,0.13879669732785624,0.0,0.15873015873015872
4.636970519022211E-4,0.007282733225126872,0.047412703760463304,0.16379869865183241,0.31681195940004575,0.32543351058277037,0.13879669732785543,0.0,0.6190476190476191
4.636970519022211E-4,0.007282733225126872,0.047412703760463304,0.16379869865183247,0.3168119594000457,0.32543351058277037,0.13879669732785543,0.0,0.6190476190476191
4.6369705190222324E-4,0.007282733225126905,0.04741270376046353,0.16379869865183325,0.31681195940004686,0.3254335105827719,0.1387966973278561,0.0,0.23809523809523808
4.636970519022216E-4,0.00728273322512688,0.04741270376046336,0.16379869865183255,0.31681195940004725,0.3254335105827708,0.1387966973278556,0.0,0.5238095238095238
4.6369705190222097E-4,0.00728273322512687,0.0474127037604633,0.16379869865183241,0.3168119594000462,0.3254335105827703,0.1387966973278554,0.0,0.6349206349206349
4.636970519022208E-4,0.007282733225126867,0.047412703760463276,0.1637986986518323,0.316811959400046,0.32543351058277026,0.13879669732785535,0.0,0.6666666666666666
4.636970519022235E-4,0.00728273322512691,0.04741270376046356,0.16379869865183325,0.3168119594000481,0.3254335105827721,0.13879669732785618,0.0,0.19047619047619047
4.6369705190222335E-4,0.007282733225126907,0.04741270376046354,0.16379869865183327,0.3168119594000473,0.325433510582772,0.13879669732785613,0.0,0.2222222222222222
4.636970519022238E-4,0.007282733225126914,0.04741270376046359,0.16379869865183344,0.3168119594000473,0.3254335105827723,0.13879669732785627,0.0,0.14285714285714285
4.6369705190222254E-4,0.007282733225126894,0.04741270376046344,0.16379869865183297,0.31681195940004686,0.3254335105827714,0.13879669732785588,0.0,0.36507936507936506
4.636970519022201E-4,0.007282733225126856,0.04741270376046319,0.1637986986518321,0.31681195940004514,0.3254335105827697,0.13879669732785516,0.0,0.7936507936507936
4.6369705190222216E-4,0.007282733225126889,0.04741270376046341,0.16379869865183286,0.31681195940004675,0.32543351058277115,0.13879669732785577,0.0,0.42857142857142855
4.636970519022204E-4,0.007282733225126861,0.04741270376046323,0.16379869865183216,0.31681195940004603,0.32543351058277,0.13879669732785524,0.0,0.7301587301587301
4.636970519022219E-4,0.007282733225126885,0.04741270376046338,0.16379869865183277,0.31681195940004653,0.325433510582771,0.13879669732785568,0.0,0.47619047619047616
4.636970519022199E-4,0.0072827332251268525,0.04741270376046317,0.163798698651832,0.3168119594000456,0.3254335105827696,0.1387966973278551,0.0,0.8253968253968254
4.636970519022229E-4,0.0072827332251269,0.04741270376046348,0.16379869865183308,0.3168119594000476,0.3254335105827717,0.138796697327856,0.0,0.30158730158730157
4.636970519022208E-4,0.007282733225126867,0.04741270376046327,0.1637986986518324,0.31681195940004575,0.3254335105827702,0.13879669732785535,0.0,0.6666666666666666
4.6369705190222135E-4,0.007282733225126876,0.047412703760463325,0.16379869865183258,0.31681195940004586,0.3254335105827706,0.13879669732785552,0.0,0.5714285714285714
4.6369705190222064E-4,0.007282733225126865,0.04741270376046325,0.16379869865183228,0.31681195940004575,0.3254335105827701,0.1387966973278553,0.0,0.6984126984126984
4.636970519022204E-4,0.007282733225126861,0.04741270376046323,0.16379869865183225,0.3168119594000455,0.32543351058277,0.13879669732785524,0.0,0.7301587301587301
4.6369705190222227E-4,0.00728273322512689,0.047412703760463415,0.16379869865183283,0.31681195940004686,0.32543351058277126,0.1387966973278558,0.0,0.4126984126984127
4.6369705190222064E-4,0.007282733225126865,0.04741270376046325,0.16379869865183222,0.3168119594000466,0.32543351058277004,0.1387966973278553,0.0,0.6984126984126984
4.636970519022227E-4,0.007282733225126898,0.047412703760463464,0.16379869865183302,0.3168119594000476,0.32543351058277153,0.13879669732785593,0.0,0.3333333333333333
4.63697051902222E-4,0.0072827332251268855,0.04741270376046339,0.1637986986518327,0.31681195940004736,0.32543351058277104,0.1387966973278557,0.0,0.4603174603174603
4.636970519022224E-4,0.0072827332251268915,0.04741270376046342,0.16379869865183289,0.31681195940004736,0.3254335105827713,0.13879669732785582,0.0,0.3968253968253968
4.6369705190222243E-4,0.007282733225126893,0.047412703760463436,0.16379869865183297,0.31681195940004686,0.3254335105827713,0.13879669732785585,0.0,0.38095238095238093
4.636970519022229E-4,0.0072827332251269,0.04741270376046348,0.16379869865183308,0.31681195940004714,0.32543351058277165,0.138796697327856,0.0,0.30158730158730157
4.6369705190222053E-4,0.007282733225126863,0.04741270376046324,0.16379869865183222,0.3168119594000456,0.32543351058277,0.13879669732785527,0.0,0.7142857142857143
4.6369705190222015E-4,0.007282733225126857,0.0474127037604632,0.16379869865183216,0.31681195940004525,0.32543351058276976,0.13879669732785518,0.0,0.7777777777777778
4.63697051902222E-4,0.0072827332251268855,0.04741270376046339,0.1637986986518328,0.31681195940004625,0.32543351058277104,0.1387966973278557,0.0,0.4603174603174603
4.636970519022204E-4,0.007282733225126861,0.04741270376046323,0.16379869865183216,0.3168119594000462,0.32543351058277,0.13879669732785524,0.0,0.7301587301587301
4.636970519022217E-4,0.007282733225126881,0.04741270376046336,0.1637986986518327,0.3168119594000464,0.3254335105827708,0.13879669732785563,0.0,0.5079365079365079
4.6369705190222064E-4,0.007282733225126865,0.04741270376046325,0.16379869865183228,0.31681195940004586,0.32543351058277004,0.1387966973278553,0.0,0.6984126984126984
4.6369705190222216E-4,0.007282733225126889,0.04741270376046341,0.16379869865183277,0.31681195940004714,0.32543351058277115,0.13879669732785577,0.0,0.42857142857142855
4.6369705190222216E-4,0.007282733225126889,0.04741270376046341,0.16379869865183289,0.3168119594000466,0.32543351058277115,0.13879669732785577,0.0,0.42857142857142855
4.63697051902223E-4,0.007282733225126901,0.04741270376046349,0.1637986986518332,0.3168119594000468,0.3254335105827717,0.13879669732785602,0.0,0.2857142857142857
4.6369705190222243E-4,0.007282733225126893,0.047412703760463436,0.1637986986518329,0.31681195940004664,0.3254335105827713,0.13879669732785585,0.0,0.38095238095238093
4.6369705190222037E-4,0.00728273322512686,0.04741270376046322,0.16379869865183222,0.31681195940004536,0.32543351058276987,0.1387966973278552,0.0,0.746031746031746
4.636970519022221E-4,0.007282733225126887,0.047412703760463394,0.16379869865183277,0.3168119594000466,0.3254335105827711,0.13879669732785574,0.0,0.4444444444444444
4.6369705190222026E-4,0.0072827332251268586,0.047412703760463214,0.16379869865183214,0.3168119594000459,0.32543351058276987,0.1387966973278552,0.0,0.7619047619047619
4.636970519022221E-4,0.007282733225126887,0.047412703760463394,0.16379869865183283,0.3168119594000467,0.3254335105827711,0.13879669732785574,0.0,0.4444444444444444
4.6369705190222026E-4,0.0072827332251268586,0.047412703760463214,0.16379869865183214,0.31681195940004603,0.3254335105827698,0.1387966973278552,0.0,0.7619047619047619
4.63697051902223E-4,0.007282733225126901,0.04741270376046349,0.1637986986518331,0.3168119594000475,0.32543351058277176,0.13879669732785602,0.0,0.2857142857142857
4.636970519022207E-4,0.0072827332251268655,0.047412703760463255,0.16379869865183236,0.3168119594000457,0.32543351058277015,0.13879669732785532,0.0,0.6825396825396826
4.6369705190222227E-4,0.00728273322512689,0.047412703760463415,0.16379869865183286,0.3168119594000466,0.3254335105827712,0.1387966973278558,0.0,0.4126984126984127
4.6369705190222124E-4,0.007282733225126874,0.04741270376046331,0.1637986986518325,0.31681195940004614,0.32543351058277054,0.1387966973278555,0.0,0.5873015873015873
4.6369705190222183E-4,0.007282733225126883,0.047412703760463366,0.1637986986518327,0.3168119594000466,0.3254335105827709,0.13879669732785566,0.0,0.49206349206349204
4.6369705190222265E-4,0.007282733225126896,0.04741270376046345,0.1637986986518329,0.31681195940004725,0.3254335105827715,0.1387966973278559,0.0,0.3492063492063492
4.63697051902222E-4,0.0072827332251268855,0.04741270376046339,0.1637986986518327,0.3168119594000475,0.3254335105827711,0.1387966973278557,0.0,0.4603174603174603
4.636970519022227E-4,0.007282733225126898,0.047412703760463464,0.163798698651833,0.3168119594000476,0.32543351058277153,0.13879669732785593,0.0,0.3333333333333333
4.6369705190222243E-4,0.007282733225126893,0.047412703760463436,0.16379869865183283,0.31681195940004797,0.3254335105827713,0.13879669732785585,0.0,0.38095238095238093
4.636970519022221E-4,0.007282733225126887,0.047412703760463394,0.16379869865183275,0.31681195940004714,0.32543351058277115,0.13879669732785574,0.0,0.4444444444444444
4.636970519022239E-4,0.007282733225126916,0.04741270376046358,0.16379869865183344,0.31681195940004814,0.32543351058277237,0.1387966973278563,0.0,0.12698412698412698
4.6369705190222324E-4,0.007282733225126905,0.04741270376046352,0.1637986986518332,0.3168119594000475,0.3254335105827719,0.1387966973278561,0.0,0.23809523809523808
4.636970519022211E-4,0.007282733225126872,0.0474127037604633,0.16379869865183241,0.316811959400046,0.32543351058277037,0.13879669732785543,0.0,0.6190476190476191
4.636970519022208E-4,0.007282733225126867,0.04741270376046327,0.16379869865183236,0.31681195940004575,0.3254335105827702,0.13879669732785535,0.0,0.6666666666666666
4.636970519022224E-4,0.0072827332251268915,0.04741270376046342,0.1637986986518329,0.3168119594000465,0.32543351058277126,0.13879669732785582,0.0,0.3968253968253968
4.6369705190222053E-4,0.007282733225126863,0.04741270376046324,0.1637986986518322,0.31681195940004636,0.32543351058277004,0.13879669732785527,0.0,0.7142857142857143
4.6369705190222183E-4,0.007282733225126883,0.047412703760463366,0.16379869865183272,0.3168119594000469,0.32543351058277087,0.13879669732785566,0.0,0.49206349206349204
4.6369705190222097E-4,0.00728273322512687,0.04741270376046328,0.1637986986518324,0.31681195940004636,0.3254335105827703,0.1387966973278554,0.0,0.6349206349206349
4.6369705190222227E-4,0.00728273322512689,0.047412703760463415,0.16379869865183283,0.3168119594000473,0.3254335105827712,0.1387966973278558,0.0,0.4126984126984127
4.6369705190222227E-4,0.00728273322512689,0.047412703760463415,0.16379869865183289,0.3168119594000469,0.3254335105827712,0.1387966973278558,0.0,0.4126984126984127
4.636970519022236E-4,0.0072827332251269115,0.047412703760463554,0.16379869865183339,0.31681195940004747,0.32543351058277215,0.1387966973278562,0.0,0.1746031746031746
4.636970519022224E-4,0.0072827332251268915,0.04741270376046342,0.1637986986518329,0.3168119594000466,0.32543351058277126,0.13879669732785582,0.0,0.3968253968253968
4.6369705190222026E-4,0.0072827332251268586,0.047412703760463214,0.1637986986518322,0.3168119594000453,0.3254335105827698,0.1387966973278552,0.0,0.7619047619047619
4.636970519022219E-4,0.007282733225126885,0.04741270376046338,0.16379869865183275,0.3168119594000463,0.325433510582771,0.13879669732785568,0.0,0.47619047619047616
4.636970519022204E-4,0.007282733225126861,0.04741270376046323,0.1637986986518322,0.316811959400046,0.32543351058277,0.13879669732785524,0.0,0.7301587301587301
4.636970519022211E-4,0.007282733225126872,0.0474127037604633,0.16379869865183247,0.3168119594000461,0.32543351058277037,0.13879669732785543,0.0,0.6190476190476191
4.636970519022201E-4,0.007282733225126856,0.04741270376046319,0.16379869865183205,0.3168119594000458,0.3254335105827697,0.13879669732785516,0.0,0.7936507936507936
4.636970519022227E-4,0.007282733225126898,0.047412703760463464,0.163798698651833,0.31681195940004736,0.3254335105827716,0.13879669732785593,0.0,0.3333333333333333
4.636970519022209E-4,0.007282733225126869,0.047412703760463276,0.16379869865183241,0.31681195940004586,0.32543351058277026,0.13879669732785538,0.0,0.6507936507936508
4.6369705190222183E-4,0.007282733225126883,0.047412703760463366,0.16379869865183272,0.3168119594000462,0.32543351058277087,0.13879669732785566,0.0,0.49206349206349204
4.6369705190222037E-4,0.00728273322512686,0.04741270376046322,0.1637986986518322,0.3168119594000455,0.3254335105827699,0.1387966973278552,0.0,0.746031746031746
4.6369705190222064E-4,0.007282733225126865,0.04741270376046325,0.16379869865183228,0.3168119594000456,0.3254335105827701,0.1387966973278553,0.0,0.6984126984126984
4.6369705190222227E-4,0.00728273322512689,0.047412703760463415,0.16379869865183283,0.31681195940004686,0.3254335105827712,0.1387966973278558,0.0,0.4126984126984127
4.6369705190222135E-4,0.007282733225126876,0.047412703760463325,0.1637986986518325,0.31681195940004697,0.32543351058277065,0.13879669732785552,0.0,0.5714285714285714
4.6369705190222243E-4,0.007282733225126893,0.047412703760463436,0.1637986986518329,0.31681195940004747,0.3254335105827713,0.13879669732785585,0.0,0.38095238095238093
4.6369705190222183E-4,0.007282733225126883,0.047412703760463366,0.16379869865183264,0.3168119594000473,0.32543351058277087,0.13879669732785566,0.0,0.49206349206349204
4.63697051902222E-4,0.0072827332251268855,0.04741270376046339,0.16379869865183275,0.316811959400047,0.3254335105827711,0.1387966973278557,0.0,0.4603174603174603
4.6369705190222335E-4,0.007282733225126907,0.047412703760463526,0.16379869865183327,0.3168119594000475,0.325433510582772,0.13879669732785613,0.0,0.2222222222222222
4.6369705190222335E-4,0.007282733225126907,0.047412703760463526,0.16379869865183325,0.3168119594000475,0.325433510582772,0.13879669732785613,0.0,0.2222222222222222
4.6369705190222037E-4,0.00728273322512686,0.04741270376046322,0.16379869865183214,0.3168119594000454,0.32543351058276987,0.1387966973278552,0.0,0.746031746031746
4.636970519022204E-4,0.007282733225126861,0.04741270376046323,0.16379869865183222,0.3168119594000453,0.3254335105827699,0.13879669732785524,0.0,0.7301587301587301
4.636970519022219E-4,0.007282733225126885,0.04741270376046338,0.16379869865183275,0.316811959400046,0.325433510582771,0.13879669732785568,0.0,0.47619047619047616
4.6369705190222064E-4,0.007282733225126865,0.04741270376046325,0.16379869865183225,0.31681195940004636,0.3254335105827701,0.1387966973278553,0.0,0.6984126984126984
4.6369705190222124E-4,0.007282733225126874,0.04741270376046331,0.1637986986518325,0.31681195940004653,0.32543351058277054,0.1387966973278555,0.0,0.5873015873015873
4.636970519022216E-4,0.00728273322512688,0.04741270376046335,0.16379869865183258,0.31681195940004664,0.32543351058277076,0.1387966973278556,0.0,0.5238095238095238
4.636970519022224E-4,0.0072827332251268915,0.04741270376046342,0.16379869865183286,0.3168119594000473,0.32543351058277126,0.13879669732785582,0.0,0.3968253968253968
4.6369705190222216E-4,0.007282733225126889,0.04741270376046341,0.16379869865183283,0.31681195940004664,0.32543351058277115,0.13879669732785577,0.0,0.42857142857142855
4.636970519022235E-4,0.00728273322512691,0.04741270376046355,0.16379869865183333,0.3168119594000474,0.3254335105827721,0.13879669732785618,0.0,0.19047619047619047
4.636970519022224E-4,0.0072827332251268915,0.04741270376046343,0.16379869865183289,0.3168119594000464,0.32543351058277126,0.13879669732785582,0.0,0.3968253968253968
4.636970519022204E-4,0.007282733225126861,0.047412703760463235,0.16379869865183222,0.3168119594000456,0.3254335105827699,0.13879669732785524,0.0,0.7301587301587301
4.63697051902223E-4,0.007282733225126901,0.0474127037604635,0.16379869865183308,0.31681195940004714,0.32543351058277176,0.13879669732785602,0.0,0.2857142857142857
4.636970519022201E-4,0.007282733225126856,0.0474127037604632,0.16379869865183203,0.31681195940004586,0.3254335105827697,0.13879669732785516,0.0,0.7936507936507936
4.636970519022215E-4,0.0072827332251268785,0.047412703760463346,0.16379869865183258,0.31681195940004636,0.3254335105827707,0.13879669732785557,0.0,0.5396825396825397
4.6369705190222124E-4,0.007282733225126874,0.04741270376046332,0.16379869865183244,0.3168119594000467,0.32543351058277054,0.1387966973278555,0.0,0.5873015873015873
4.6369705190222335E-4,0.007282733225126907,0.04741270376046353,0.16379869865183322,0.3168119594000477,0.325433510582772,0.13879669732785613,0.0,0.2222222222222222
4.6369705190222183E-4,0.007282733225126883,0.04741270376046337,0.16379869865183272,0.31681195940004636,0.32543351058277087,0.13879669732785566,0.0,0.49206349206349204
4.6369705190222227E-4,0.00728273322512689,0.04741270376046342,0.16379869865183286,0.3168119594000463,0.3254335105827712,0.1387966973278558,0.0,0.4126984126984127
4.6369705190222124E-4,0.007282733225126874,0.047412703760463325,0.16379869865183244,0.316811959400046,0.32543351058277054,0.1387966973278555,0.0,0.5873015873015873
4.6369705190222124E-4,0.007282733225126874,0.047412703760463325,0.16379869865183247,0.316811959400046,0.32543351058277054,0.1387966973278555,0.0,0.5873015873015873
4.636970519022236E-4,0.0072827332251269115,0.04741270376046357,0.16379869865183325,0.3168119594000477,0.3254335105827722,0.1387966973278562,0.0,0.1746031746031746
4.6369705190222124E-4,0.007282733225126874,0.047412703760463325,0.16379869865183236,0.3168119594000471,0.32543351058277054,0.1387966973278555,0.0,0.5873015873015873
4.636970519022231E-4,0.007282733225126903,0.04741270376046351,0.1637986986518331,0.3168119594000478,0.3254335105827718,0.13879669732785604,0.0,0.2698412698412698
4.6369705190222254E-4,0.007282733225126894,0.04741270376046346,0.16379869865183283,0.3168119594000481,0.3254335105827715,0.13879669732785588,0.0,0.36507936507936506
4.636970519022231E-4,0.007282733225126903,0.04741270376046351,0.1637986986518331,0.31681195940004764,0.3254335105827718,0.13879669732785604,0.0,0.2698412698412698
4.6369705190222324E-4,0.007282733225126905,0.04741270376046353,0.16379869865183322,0.31681195940004736,0.3254335105827719,0.1387966973278561,0.0,0.23809523809523808
4.636970519022241E-4,0.007282733225126918,0.047412703760463616,0.16379869865183347,0.31681195940004775,0.3254335105827725,0.13879669732785635,0.0,0.09523809523809523
4.636970519022212E-4,0.0072827332251268724,0.04741270376046332,0.16379869865183244,0.3168119594000457,0.3254335105827704,0.13879669732785546,0.0,0.6031746031746031
4.636970519022212E-4,0.0072827332251268724,0.04741270376046332,0.16379869865183247,0.3168119594000457,0.3254335105827704,0.13879669732785546,0.0,0.6031746031746031
4.6369705190222324E-4,0.007282733225126905,0.04741270376046353,0.16379869865183322,0.31681195940004697,0.3254335105827719,0.1387966973278561,0.0,0.23809523809523808
4.6369705190222146E-4,0.007282733225126877,0.047412703760463346,0.16379869865183247,0.31681195940004714,0.3254335105827707,0.13879669732785554,0.0,0.5555555555555556
4.636970519022212E-4,0.0072827332251268724,0.04741270376046332,0.16379869865183244,0.3168119594000463,0.3254335105827704,0.13879669732785546,0.0,0.6031746031746031
4.6369705190222097E-4,0.00728273322512687,0.0474127037604633,0.16379869865183233,0.3168119594000462,0.32543351058277037,0.1387966973278554,0.0,0.6349206349206349
4.6369705190222346E-4,0.007282733225126909,0.04741270376046355,0.1637986986518332,0.31681195940004786,0.32543351058277203,0.13879669732785616,0.0,0.20634920634920634
4.636970519022232E-4,0.0072827332251269045,0.04741270376046352,0.1637986986518332,0.31681195940004725,0.32543351058277187,0.13879669732785607,0.0,0.25396825396825395
4.636970519022241E-4,0.007282733225126918,0.047412703760463616,0.16379869865183352,0.3168119594000475,0.3254335105827725,0.13879669732785635,0.0,0.09523809523809523
4.636970519022221E-4,0.007282733225126887,0.047412703760463394,0.1637986986518328,0.31681195940004653,0.3254335105827711,0.13879669732785574,0.0,0.4444444444444444
4.6369705190222026E-4,0.0072827332251268586,0.047412703760463214,0.16379869865183216,0.3168119594000453,0.3254335105827698,0.1387966973278552,0.0,0.7619047619047619
4.636970519022221E-4,0.007282733225126887,0.047412703760463394,0.1637986986518328,0.31681195940004675,0.3254335105827711,0.13879669732785574,0.0,0.4444444444444444
4.636970519022204E-4,0.007282733225126861,0.04741270376046323,0.16379869865183216,0.316811959400046,0.32543351058277,0.13879669732785524,0.0,0.7301587301587301
4.636970519022219E-4,0.007282733225126885,0.04741270376046338,0.16379869865183277,0.31681195940004653,0.325433510582771,0.13879669732785568,0.0,0.47619047619047616
4.636970519022199E-4,0.0072827332251268525,0.04741270376046317,0.163798698651832,0.3168119594000456,0.3254335105827696,0.1387966973278551,0.0,0.8253968253968254
4.636970519022229E-4,0.0072827332251269,0.04741270376046348,0.16379869865183308,0.3168119594000476,0.3254335105827717,0.138796697327856,0.0,0.30158730158730157
4.636970519022207E-4,0.0072827332251268655,0.047412703760463255,0.16379869865183236,0.31681195940004564,0.32543351058277015,0.13879669732785532,0.0,0.6825396825396826
4.636970519022219E-4,0.007282733225126885,0.04741270376046338,0.16379869865183277,0.31681195940004625,0.325433510582771,0.13879669732785568,0.0,0.47619047619047616
4.636970519022207E-4,0.0072827332251268655,0.047412703760463255,0.16379869865183228,0.31681195940004575,0.32543351058277015,0.13879669732785532,0.0,0.6825396825396826
4.636970519022204E-4,0.007282733225126861,0.04741270376046323,0.16379869865183222,0.3168119594000455,0.32543351058277,0.13879669732785524,0.0,0.7301587301587301
4.636970519022224E-4,0.0072827332251268915,0.04741270376046342,0.16379869865183283,0.31681195940004697,0.3254335105827713,0.13879669732785582,0.0,0.3968253968253968
4.636970519022207E-4,0.0072827332251268655,0.047412703760463255,0.16379869865183225,0.3168119594000467,0.32543351058277015,0.13879669732785532,0.0,0.6825396825396826
4.636970519022227E-4,0.007282733225126898,0.047412703760463464,0.163798698651833,0.31681195940004747,0.32543351058277153,0.13879669732785593,0.0,0.3333333333333333
4.63697051902222E-4,0.0072827332251268855,0.04741270376046339,0.16379869865183266,0.31681195940004747,0.32543351058277104,0.1387966973278557,0.0,0.4603174603174603
4.6369705190222243E-4,0.007282733225126893,0.047412703760463436,0.16379869865183294,0.3168119594000473,0.32543351058277137,0.13879669732785585,0.0,0.38095238095238093
4.6369705190222243E-4,0.007282733225126893,0.047412703760463436,0.16379869865183297,0.31681195940004686,0.3254335105827713,0.13879669732785585,0.0,0.38095238095238093
4.6369705190222324E-4,0.007282733225126905,0.04741270376046352,0.16379869865183322,0.3168119594000473,0.3254335105827719,0.1387966973278561,0.0,0.23809523809523808
4.6369705190222064E-4,0.007282733225126865,0.04741270376046325,0.16379869865183228,0.3168119594000455,0.32543351058277004,0.1387966973278553,0.0,0.6984126984126984
4.6369705190222026E-4,0.0072827332251268586,0.047412703760463214,0.1637986986518322,0.31681195940004525,0.3254335105827698,0.1387966973278552,0.0,0.7619047619047619
4.636970519022219E-4,0.007282733225126885,0.04741270376046338,0.16379869865183277,0.3168119594000461,0.325433510582771,0.13879669732785568,0.0,0.47619047619047616
4.6369705190222053E-4,0.007282733225126863,0.04741270376046324,0.1637986986518322,0.3168119594000462,0.32543351058277004,0.13879669732785527,0.0,0.7142857142857143
4.636970519022217E-4,0.007282733225126881,0.04741270376046336,0.1637986986518327,0.3168119594000464,0.3254335105827708,0.13879669732785563,0.0,0.5079365079365079
4.6369705190222064E-4,0.007282733225126865,0.04741270376046325,0.16379869865183228,0.3168119594000458,0.32543351058277004,0.1387966973278553,0.0,0.6984126984126984
4.6369705190222265E-4,0.007282733225126896,0.04741270376046345,0.163798698651833,0.31681195940004736,0.3254335105827715,0.1387966973278559,0.0,0.3492063492063492
4.636970519022219E-4,0.007282733225126885,0.04741270376046338,0.16379869865183277,0.31681195940004636,0.325433510582771,0.13879669732785568,0.0,0.47619047619047616
4.63697051902223E-4,0.007282733225126901,0.04741270376046349,0.16379869865183316,0.31681195940004675,0.3254335105827717,0.13879669732785602,0.0,0.2857142857142857
4.6369705190222243E-4,0.007282733225126893,0.047412703760463436,0.16379869865183294,0.31681195940004664,0.3254335105827713,0.13879669732785585,0.0,0.38095238095238093
4.6369705190222026E-4,0.0072827332251268586,0.047412703760463214,0.1637986986518322,0.31681195940004536,0.3254335105827698,0.1387966973278552,0.0,0.7619047619047619
4.636970519022224E-4,0.0072827332251268915,0.04741270376046342,0.16379869865183289,0.3168119594000468,0.32543351058277126,0.13879669732785582,0.0,0.3968253968253968
4.636970519022204E-4,0.007282733225126861,0.04741270376046323,0.1637986986518322,0.316811959400046,0.32543351058277,0.13879669732785524,0.0,0.7301587301587301
4.6369705190222183E-4,0.007282733225126883,0.047412703760463366,0.16379869865183275,0.3168119594000465,0.32543351058277087,0.13879669732785566,0.0,0.49206349206349204
4.6369705190222037E-4,0.00728273322512686,0.04741270376046322,0.16379869865183216,0.3168119594000461,0.32543351058276987,0.1387966973278552,0.0,0.746031746031746
4.636970519022228E-4,0.0072827332251268985,0.04741270376046347,0.16379869865183308,0.3168119594000473,0.32543351058277165,0.13879669732785596,0.0,0.31746031746031744
4.636970519022208E-4,0.007282733225126867,0.04741270376046327,0.16379869865183241,0.3168119594000457,0.3254335105827702,0.13879669732785535,0.0,0.6666666666666666
4.63697051902222E-4,0.0072827332251268855,0.04741270376046339,0.1637986986518328,0.31681195940004625,0.32543351058277104,0.1387966973278557,0.0,0.4603174603174603
4.636970519022212E-4,0.0072827332251268724,0.047412703760463304,0.16379869865183241,0.31681195940004603,0.3254335105827705,0.13879669732785546,0.0,0.6031746031746031
4.636970519022221E-4,0.007282733225126887,0.047412703760463394,0.16379869865183275,0.31681195940004675,0.32543351058277115,0.13879669732785574,0.0,0.4444444444444444
4.636970519022227E-4,0.007282733225126898,0.047412703760463464,0.16379869865183294,0.3168119594000473,0.32543351058277153,0.13879669732785593,0.0,0.3333333333333333
4.63697051902222E-4,0.0072827332251268855,0.04741270376046339,0.16379869865183266,0.31681195940004747,0.3254335105827711,0.1387966973278557,0.0,0.4603174603174603
4.636970519022227E-4,0.007282733225126898,0.047412703760463464,0.163798698651833,0.3168119594000477,0.32543351058277153,0.13879669732785593,0.0,0.3333333333333333
4.6369705190222254E-4,0.007282733225126894,0.04741270376046344,0.16379869865183286,0.3168119594000481,0.3254335105827714,0.13879669732785588,0.0,0.36507936507936506
4.6369705190222243E-4,0.007282733225126893,0.047412703760463436,0.1637986986518329,0.31681195940004725,0.32543351058277137,0.13879669732785585,0.0,0.38095238095238093
4.636970519022238E-4,0.007282733225126914,0.047412703760463575,0.1637986986518334,0.31681195940004797,0.3254335105827723,0.13879669732785627,0.0,0.14285714285714285
4.636970519022236E-4,0.0072827332251269115,0.047412703760463554,0.16379869865183333,0.31681195940004775,0.32543351058277215,0.1387966973278562,0.0,0.1746031746031746
4.636970519022208E-4,0.007282733225126867,0.04741270376046327,0.1637986986518323,0.3168119594000457,0.3254335105827702,0.13879669732785535,0.0,0.6666666666666666
4.636970519022212E-4,0.0072827332251268724,0.047412703760463304,0.16379869865183247,0.316811959400046,0.3254335105827704,0.13879669732785546,0.0,0.6031746031746031
4.636970519022224E-4,0.0072827332251268915,0.04741270376046342,0.1637986986518329,0.3168119594000467,0.32543351058277126,0.13879669732785582,0.0,0.3968253968253968
4.636970519022207E-4,0.0072827332251268655,0.047412703760463255,0.16379869865183228,0.3168119594000464,0.32543351058277015,0.13879669732785532,0.0,0.6825396825396826
4.6369705190222183E-4,0.007282733225126883,0.047412703760463366,0.16379869865183272,0.31681195940004686,0.32543351058277087,0.13879669732785566,0.0,0.49206349206349204
4.6369705190222064E-4,0.007282733225126865,0.04741270376046325,0.16379869865183228,0.3168119594000461,0.32543351058277004,0.1387966973278553,0.0,0.6984126984126984
4.636970519022224E-4,0.0072827332251268915,0.04741270376046342,0.16379869865183289,0.3168119594000472,0.32543351058277126,0.13879669732785582,0.0,0.3968253968253968
4.6369705190222227E-4,0.00728273322512689,0.047412703760463415,0.16379869865183289,0.3168119594000468,0.3254335105827712,0.1387966973278558,0.0,0.4126984126984127
4.6369705190222346E-4,0.007282733225126909,0.04741270376046354,0.16379869865183333,0.31681195940004747,0.32543351058277203,0.13879669732785616,0.0,0.20634920634920634
4.63697051902222E-4,0.0072827332251268855,0.04741270376046339,0.16379869865183277,0.31681195940004625,0.32543351058277104,0.1387966973278557,0.0,0.4603174603174603
4.6369705190222E-4,0.007282733225126854,0.047412703760463186,0.16379869865183205,0.3168119594000451,0.3254335105827696,0.13879669732785513,0.0,0.8095238095238095
4.6369705190222183E-4,0.007282733225126883,0.047412703760463366,0.1637986986518327,0.31681195940004636,0.32543351058277087,0.13879669732785566,0.0,0.49206349206349204
4.636970519022196E-4,0.007282733225126848,0.047412703760463144,0.1637986986518319,0.3168119594000453,0.3254335105827694,0.13879669732785502,0.0,0.873015873015873
4.6369705190222053E-4,0.007282733225126863,0.04741270376046324,0.16379869865183225,0.31681195940004564,0.32543351058277,0.13879669732785527,0.0,0.7142857142857143
4.636970519022201E-4,0.007282733225126856,0.04741270376046319,0.16379869865183208,0.3168119594000457,0.3254335105827697,0.13879669732785516,0.0,0.7936507936507936
4.636970519022227E-4,0.007282733225126898,0.047412703760463464,0.16379869865183302,0.3168119594000473,0.3254335105827716,0.13879669732785593,0.0,0.3333333333333333
4.6369705190222097E-4,0.00728273322512687,0.04741270376046328,0.16379869865183244,0.31681195940004586,0.3254335105827703,0.1387966973278554,0.0,0.6349206349206349
4.636970519022219E-4,0.007282733225126885,0.04741270376046338,0.16379869865183277,0.31681195940004625,0.325433510582771,0.13879669732785568,0.0,0.47619047619047616
4.6369705190222053E-4,0.007282733225126863,0.04741270376046324,0.16379869865183222,0.31681195940004564,0.32543351058277004,0.13879669732785527,0.0,0.7142857142857143
4.636970519022208E-4,0.007282733225126867,0.04741270376046327,0.16379869865183233,0.31681195940004575,0.32543351058277026,0.13879669732785535,0.0,0.6666666666666666
4.636970519022221E-4,0.007282733225126887,0.047412703760463394,0.16379869865183275,0.31681195940004675,0.3254335105827711,0.13879669732785574,0.0,0.4444444444444444
4.636970519022211E-4,0.007282733225126872,0.0474127037604633,0.1637986986518324,0.3168119594000468,0.3254335105827704,0.13879669732785543,0.0,0.6190476190476191
4.636970519022224E-4,0.0072827332251268915,0.04741270376046342,0.16379869865183289,0.3168119594000474,0.32543351058277126,0.13879669732785582,0.0,0.3968253968253968
4.6369705190222183E-4,0.007282733225126883,0.047412703760463366,0.1637986986518326,0.3168119594000472,0.32543351058277087,0.13879669732785566,0.0,0.49206349206349204
4.636970519022221E-4,0.007282733225126887,0.047412703760463394,0.16379869865183277,0.316811959400047,0.32543351058277115,0.13879669732785574,0.0,0.4444444444444444
4.6369705190222346E-4,0.007282733225126909,0.04741270376046354,0.1637986986518333,0.3168119594000476,0.32543351058277203,0.13879669732785616,0.0,0.20634920634920634
4.6369705190222373E-4,0.007282733225126913,0.04741270376046357,0.16379869865183339,0.31681195940004764,0.32543351058277226,0.13879669732785624,0.0,0.15873015873015872
4.6369705190222053E-4,0.007282733225126863,0.04741270376046324,0.16379869865183222,0.3168119594000455,0.32543351058277,0.13879669732785527,0.0,0.7142857142857143
4.636970519022204E-4,0.007282733225126861,0.04741270376046323,0.1637986986518322,0.3168119594000453,0.3254335105827699,0.13879669732785524,0.0,0.7301587301587301
4.63697051902222E-4,0.0072827332251268855,0.04741270376046339,0.16379869865183277,0.3168119594000461,0.32543351058277104,0.1387966973278557,0.0,0.4603174603174603
4.6369705190222064E-4,0.007282733225126865,0.04741270376046325,0.16379869865183222,0.31681195940004625,0.3254335105827701,0.1387966973278553,0.0,0.6984126984126984
4.636970519022211E-4,0.007282733225126872,0.0474127037604633,0.16379869865183241,0.3168119594000464,0.32543351058277037,0.13879669732785543,0.0,0.6190476190476191
4.6369705190222146E-4,0.007282733225126877,0.04741270376046333,0.16379869865183252,0.3168119594000467,0.32543351058277065,0.13879669732785554,0.0,0.5555555555555556
4.636970519022224E-4,0.0072827332251268915,0.04741270376046342,0.16379869865183286,0.3168119594000472,0.32543351058277126,0.13879669732785582,0.0,0.3968253968253968
4.6369705190222227E-4,0.00728273322512689,0.047412703760463415,0.16379869865183286,0.31681195940004664,0.3254335105827712,0.1387966973278558,0.0,0.4126984126984127
4.6369705190222335E-4,0.007282733225126907,0.047412703760463526,0.16379869865183327,0.3168119594000472,0.325433510582772,0.13879669732785613,0.0,0.2222222222222222
4.6369705190222135E-4,0.007282733225126876,0.04741270376046333,0.16379869865183258,0.3168119594000459,0.3254335105827706,0.13879669732785552,0.0,0.5714285714285714
4.6369705190221945E-4,0.0072827332251268456,0.04741270376046313,0.16379869865183191,0.3168119594000447,0.3254335105827692,0.13879669732785496,0.0,0.9047619047619048
4.6369705190222227E-4,0.00728273322512689,0.04741270376046342,0.16379869865183283,0.31681195940004697,0.32543351058277126,0.1387966973278558,0.0,0.4126984126984127
4.636970519022204E-4,0.007282733225126861,0.047412703760463235,0.16379869865183222,0.31681195940004586,0.32543351058277,0.13879669732785524,0.0,0.7301587301587301
4.636970519022216E-4,0.00728273322512688,0.04741270376046336,0.1637986986518327,0.3168119594000461,0.32543351058277076,0.1387966973278556,0.0,0.5238095238095238
4.6369705190222053E-4,0.007282733225126863,0.04741270376046324,0.16379869865183222,0.3168119594000461,0.32543351058277,0.13879669732785527,0.0,0.7142857142857143
4.636970519022228E-4,0.0072827332251268985,0.04741270376046348,0.1637986986518331,0.3168119594000475,0.32543351058277165,0.13879669732785596,0.0,0.31746031746031744
4.6369705190222124E-4,0.007282733225126874,0.04741270376046332,0.16379869865183258,0.3168119594000459,0.32543351058277054,0.1387966973278555,0.0,0.5873015873015873
4.6369705190222124E-4,0.007282733225126874,0.04741270376046332,0.16379869865183252,0.31681195940004586,0.32543351058277054,0.1387966973278555,0.0,0.5873015873015873
4.636970519022215E-4,0.0072827332251268785,0.04741270376046335,0.16379869865183258,0.31681195940004653,0.32543351058277076,0.13879669732785557,0.0,0.5396825396825397
4.636970519022216E-4,0.00728273322512688,0.04741270376046336,0.1637986986518326,0.3168119594000465,0.32543351058277076,0.1387966973278556,0.0,0.5238095238095238
4.6369705190222417E-4,0.00728273322512692,0.04741270376046362,0.16379869865183344,0.31681195940004886,0.3254335105827726,0.13879669732785638,0.0,0.07936507936507936
4.636970519022209E-4,0.007282733225126869,0.04741270376046329,0.16379869865183233,0.31681195940004664,0.3254335105827703,0.13879669732785538,0.0,0.6507936507936508
4.636970519022229E-4,0.0072827332251269,0.04741270376046349,0.16379869865183308,0.3168119594000478,0.32543351058277165,0.138796697327856,0.0,0.30158730158730157
4.636970519022216E-4,0.00728273322512688,0.04741270376046336,0.16379869865183255,0.3168119594000474,0.32543351058277076,0.1387966973278556,0.0,0.5238095238095238
4.6369705190222183E-4,0.007282733225126883,0.04741270376046338,0.16379869865183272,0.31681195940004714,0.3254335105827709,0.13879669732785566,0.0,0.49206349206349204
4.636970519022231E-4,0.007282733225126903,0.04741270376046351,0.16379869865183322,0.31681195940004747,0.3254335105827718,0.13879669732785604,0.0,0.2698412698412698
4.636970519022238E-4,0.007282733225126914,0.04741270376046359,0.1637986986518334,0.3168119594000479,0.3254335105827723,0.13879669732785627,0.0,0.14285714285714285
4.6369705190222146E-4,0.007282733225126877,0.047412703760463346,0.1637986986518326,0.31681195940004625,0.32543351058277065,0.13879669732785554,0.0,0.5555555555555556
4.6369705190222135E-4,0.007282733225126876,0.04741270376046333,0.1637986986518326,0.3168119594000461,0.3254335105827706,0.13879669732785552,0.0,0.5714285714285714
4.636970519022236E-4,0.0072827332251269115,0.04741270376046357,0.1637986986518334,0.3168119594000476,0.32543351058277215,0.1387966973278562,0.0,0.1746031746031746
4.6369705190221896E-4,0.007282733225126839,0.047412703760463096,0.1637986986518317,0.31681195940004514,0.325433510582769,0.13879669732785482,0.0,0.9841269841269841
4.6369705190222135E-4,0.007282733225126876,0.04741270376046333,0.1637986986518326,0.3168119594000464,0.3254335105827706,0.13879669732785552,0.0,0.5714285714285714
4.636970519022204E-4,0.007282733225126861,0.04741270376046324,0.16379869865183222,0.3168119594000459,0.3254335105827699,0.13879669732785524,0.0,0.7301587301587301
4.6369705190222183E-4,0.007282733225126883,0.04741270376046338,0.16379869865183275,0.31681195940004697,0.3254335105827709,0.13879669732785566,0.0,0.49206349206349204
4.636970519022217E-4,0.007282733225126881,0.04741270376046337,0.16379869865183277,0.3168119594000464,0.3254335105827708,0.13879669732785563,0.0,0.5079365079365079
4.6369705190222335E-4,0.007282733225126907,0.04741270376046354,0.16379869865183336,0.3168119594000474,0.325433510582772,0.13879669732785613,0.0,0.2222222222222222
4.63697051902222E-4,0.0072827332251268855,0.04741270376046339,0.16379869865183286,0.31681195940004686,0.32543351058277104,0.1387966973278557,0.0,0.4603174603174603
4.636970519022201E-4,0.007282733225126856,0.04741270376046319,0.1637986986518321,0.31681195940004525,0.3254335105827697,0.13879669732785516,0.0,0.7936507936507936
4.636970519022219E-4,0.007282733225126885,0.04741270376046338,0.16379869865183272,0.31681195940004697,0.325433510582771,0.13879669732785568,0.0,0.47619047619047616
4.636970519022209E-4,0.007282733225126869,0.047412703760463276,0.1637986986518324,0.3168119594000462,0.32543351058277026,0.13879669732785538,0.0,0.6507936507936508
4.63697051902222E-4,0.0072827332251268855,0.04741270376046339,0.16379869865183286,0.31681195940004636,0.32543351058277104,0.1387966973278557,0.0,0.4603174603174603
4.6369705190222124E-4,0.007282733225126874,0.04741270376046331,0.1637986986518325,0.3168119594000465,0.32543351058277054,0.1387966973278555,0.0,0.5873015873015873
4.636970519022229E-4,0.0072827332251269,0.04741270376046348,0.16379869865183316,0.31681195940004797,0.3254335105827717,0.138796697327856,0.0,0.30158730158730157
4.6369705190222146E-4,0.007282733225126877,0.04741270376046333,0.16379869865183266,0.3168119594000461,0.32543351058277065,0.13879669732785554,0.0,0.5555555555555556
4.636970519022211E-4,0.007282733225126872,0.0474127037604633,0.16379869865183247,0.316811959400046,0.32543351058277037,0.13879669732785543,0.0,0.6190476190476191
4.636970519022211E-4,0.007282733225126872,0.0474127037604633,0.16379869865183241,0.31681195940004653,0.3254335105827704,0.13879669732785543,0.0,0.6190476190476191
4.6369705190222135E-4,0.007282733225126876,0.047412703760463325,0.16379869865183252,0.3168119594000463,0.3254335105827706,0.13879669732785552,0.0,0.5714285714285714
4.636970519022236E-4,0.0072827332251269115,0.047412703760463554,0.16379869865183327,0.31681195940004847,0.3254335105827722,0.1387966973278562,0.0,0.1746031746031746
4.636970519022204E-4,0.007282733225126861,0.04741270376046323,0.1637986986518322,0.3168119594000464,0.32543351058277,0.13879669732785524,0.0,0.7301587301587301
4.636970519022227E-4,0.007282733225126898,0.047412703760463464,0.163798698651833,0.3168119594000476,0.32543351058277153,0.13879669732785593,0.0,0.3333333333333333
4.6369705190222135E-4,0.007282733225126876,0.047412703760463325,0.1637986986518325,0.31681195940004714,0.3254335105827706,0.13879669732785552,0.0,0.5714285714285714
4.636970519022219E-4,0.007282733225126885,0.04741270376046338,0.16379869865183277,0.31681195940004736,0.325433510582771,0.13879669732785568,0.0,0.47619047619047616
4.636970519022231E-4,0.007282733225126903,0.0474127037604635,0.16379869865183322,0.3168119594000475,0.3254335105827718,0.13879669732785604,0.0,0.2698412698412698
4.636970519022229E-4,0.0072827332251269,0.04741270376046348,0.16379869865183308,0.3168119594000474,0.32543351058277165,0.138796697327856,0.0,0.30158730158730157
4.6369705190222097E-4,0.00728273322512687,0.04741270376046328,0.16379869865183244,0.3168119594000463,0.3254335105827703,0.1387966973278554,0.0,0.6349206349206349
4.636970519022215E-4,0.0072827332251268785,0.04741270376046334,0.1637986986518327,0.31681195940004636,0.3254335105827707,0.13879669732785557,0.0,0.5396825396825397
4.636970519022229E-4,0.0072827332251269,0.04741270376046348,0.16379869865183314,0.3168119594000476,0.3254335105827717,0.138796697327856,0.0,0.30158730158730157
4.6369705190221923E-4,0.007282733225126843,0.04741270376046311,0.16379869865183183,0.31681195940004525,0.32543351058276915,0.1387966973278549,0.0,0.9365079365079365
4.6369705190222124E-4,0.007282733225126874,0.04741270376046331,0.16379869865183258,0.3168119594000462,0.32543351058277054,0.1387966973278555,0.0,0.5873015873015873
4.636970519022199E-4,0.0072827332251268525,0.04741270376046317,0.16379869865183205,0.31681195940004553,0.32543351058276954,0.1387966973278551,0.0,0.8253968253968254
4.636970519022217E-4,0.007282733225126881,0.04741270376046336,0.16379869865183272,0.3168119594000472,0.32543351058277087,0.13879669732785563,0.0,0.5079365079365079
4.63697051902222E-4,0.0072827332251268855,0.04741270376046339,0.16379869865183289,0.3168119594000467,0.32543351058277104,0.1387966973278557,0.0,0.4603174603174603
4.6369705190222254E-4,0.007282733225126894,0.04741270376046344,0.16379869865183308,0.31681195940004697,0.3254335105827714,0.13879669732785588,0.0,0.36507936507936506
4.6369705190222254E-4,0.007282733225126894,0.04741270376046344,0.16379869865183302,0.3168119594000471,0.3254335105827714,0.13879669732785588,0.0,0.36507936507936506
4.636970519022204E-4,0.007282733225126861,0.04741270376046323,0.16379869865183225,0.3168119594000456,0.3254335105827699,0.13879669732785524,0.0,0.7301587301587301
4.636970519022231E-4,0.007282733225126903,0.0474127037604635,0.16379869865183316,0.3168119594000477,0.3254335105827718,0.13879669732785604,0.0,0.2698412698412698
4.636970519022212E-4,0.0072827332251268724,0.047412703760463304,0.1637986986518325,0.3168119594000464,0.3254335105827704,0.13879669732785546,0.0,0.6031746031746031
4.636970519022216E-4,0.00728273322512688,0.04741270376046335,0.16379869865183275,0.3168119594000463,0.32543351058277076,0.1387966973278556,0.0,0.5238095238095238
4.636970519022216E-4,0.00728273322512688,0.04741270376046335,0.16379869865183264,0.3168119594000469,0.3254335105827708,0.1387966973278556,0.0,0.5238095238095238
4.636970519022229E-4,0.0072827332251269,0.04741270376046348,0.16379869865183316,0.31681195940004786,0.3254335105827717,0.138796697327856,0.0,0.30158730158730157
4.636970519022216E-4,0.00728273322512688,0.04741270376046335,0.16379869865183272,0.3168119594000465,0.32543351058277076,0.1387966973278556,0.0,0.5238095238095238
4.6369705190222254E-4,0.007282733225126894,0.04741270376046344,0.16379869865183302,0.31681195940004697,0.3254335105827714,0.13879669732785588,0.0,0.36507936507936506
4.636970519022211E-4,0.007282733225126872,0.0474127037604633,0.16379869865183241,0.3168119594000465,0.3254335105827704,0.13879669732785543,0.0,0.6190476190476191
4.6369705190222135E-4,0.007282733225126876,0.047412703760463325,0.16379869865183252,0.31681195940004636,0.3254335105827706,0.13879669732785552,0.0,0.5714285714285714
4.63697051902224E-4,0.0072827332251269175,0.047412703760463595,0.16379869865183339,0.31681195940004875,0.3254335105827725,0.13879669732785632,0.0,0.1111111111111111
4.6369705190222124E-4,0.007282733225126874,0.04741270376046331,0.16379869865183247,0.316811959400047,0.32543351058277054,0.1387966973278555,0.0,0.5873015873015873
4.636970519022228E-4,0.0072827332251268985,0.04741270376046347,0.16379869865183308,0.3168119594000477,0.3254335105827716,0.13879669732785596,0.0,0.31746031746031744
4.636970519022219E-4,0.007282733225126885,0.04741270376046338,0.16379869865183266,0.3168119594000478,0.325433510582771,0.13879669732785568,0.0,0.47619047619047616
4.63697051902222E-4,0.0072827332251268855,0.04741270376046339,0.16379869865183283,0.3168119594000474,0.3254335105827711,0.1387966973278557,0.0,0.4603174603174603
4.6369705190222346E-4,0.007282733225126909,0.04741270376046354,0.1637986986518333,0.3168119594000479,0.32543351058277203,0.13879669732785616,0.0,0.20634920634920634
4.636970519022232E-4,0.0072827332251269045,0.04741270376046351,0.1637986986518332,0.31681195940004775,0.32543351058277187,0.13879669732785607,0.0,0.25396825396825395
4.636970519022211E-4,0.007282733225126872,0.0474127037604633,0.16379869865183244,0.3168119594000463,0.32543351058277037,0.13879669732785543,0.0,0.6190476190476191
4.636970519022217E-4,0.007282733225126881,0.04741270376046336,0.16379869865183272,0.31681195940004664,0.3254335105827708,0.13879669732785563,0.0,0.5079365079365079
4.636970519022235E-4,0.00728273322512691,0.04741270376046355,0.16379869865183336,0.316811959400048,0.32543351058277215,0.13879669732785618,0.0,0.19047619047619047
4.636970519022196E-4,0.007282733225126848,0.047412703760463144,0.16379869865183194,0.3168119594000455,0.3254335105827694,0.13879669732785502,0.0,0.873015873015873
4.636970519022215E-4,0.0072827332251268785,0.04741270376046334,0.1637986986518327,0.3168119594000467,0.3254335105827707,0.13879669732785557,0.0,0.5396825396825397
4.636970519022201E-4,0.007282733225126856,0.04741270376046319,0.16379869865183214,0.3168119594000459,0.3254335105827697,0.13879669732785516,0.0,0.7936507936507936
4.6369705190222183E-4,0.007282733225126883,0.047412703760463366,0.16379869865183275,0.3168119594000473,0.3254335105827709,0.13879669732785566,0.0,0.49206349206349204
4.6369705190222216E-4,0.007282733225126889,0.04741270376046341,0.16379869865183294,0.316811959400047,0.32543351058277115,0.13879669732785577,0.0,0.42857142857142855
4.636970519022228E-4,0.0072827332251268985,0.04741270376046347,0.16379869865183316,0.3168119594000474,0.3254335105827716,0.13879669732785596,0.0,0.31746031746031744
4.6369705190222216E-4,0.007282733225126889,0.04741270376046341,0.16379869865183289,0.3168119594000468,0.32543351058277115,0.13879669732785577,0.0,0.42857142857142855
4.6369705190222E-4,0.007282733225126854,0.047412703760463186,0.1637986986518321,0.3168119594000452,0.3254335105827696,0.13879669732785513,0.0,0.8095238095238095
4.636970519022228E-4,0.0072827332251268985,0.04741270376046347,0.16379869865183305,0.31681195940004747,0.32543351058277165,0.13879669732785596,0.0,0.31746031746031744
4.636970519022201E-4,0.007282733225126856,0.04741270376046319,0.1637986986518321,0.3168119594000456,0.3254335105827697,0.13879669732785516,0.0,0.7936507936507936
4.636970519022215E-4,0.0072827332251268785,0.04741270376046334,0.1637986986518327,0.3168119594000464,0.3254335105827707,0.13879669732785557,0.0,0.5396825396825397
4.636970519022211E-4,0.007282733225126872,0.0474127037604633,0.16379869865183244,0.3168119594000464,0.3254335105827704,0.13879669732785543,0.0,0.6190476190476191
4.636970519022228E-4,0.0072827332251268985,0.04741270376046347,0.16379869865183314,0.31681195940004764,0.32543351058277165,0.13879669732785596,0.0,0.31746031746031744
4.636970519022216E-4,0.00728273322512688,0.04741270376046335,0.16379869865183272,0.3168119594000464,0.32543351058277076,0.1387966973278556,0.0,0.5238095238095238
4.636970519022219E-4,0.007282733225126885,0.04741270376046338,0.16379869865183277,0.3168119594000466,0.325433510582771,0.13879669732785568,0.0,0.47619047619047616
4.6369705190222097E-4,0.00728273322512687,0.04741270376046328,0.16379869865183241,0.31681195940004636,0.32543351058277037,0.1387966973278554,0.0,0.6349206349206349
4.636970519022217E-4,0.007282733225126881,0.04741270376046336,0.16379869865183266,0.31681195940004664,0.3254335105827708,0.13879669732785563,0.0,0.5079365079365079
4.636970519022235E-4,0.00728273322512691,0.04741270376046355,0.1637986986518333,0.3168119594000483,0.32543351058277215,0.13879669732785618,0.0,0.19047619047619047
4.6369705190222097E-4,0.00728273322512687,0.04741270376046328,0.1637986986518324,0.3168119594000466,0.32543351058277037,0.1387966973278554,0.0,0.6349206349206349
4.636970519022221E-4,0.007282733225126887,0.047412703760463394,0.1637986986518328,0.3168119594000473,0.3254335105827711,0.13879669732785574,0.0,0.4444444444444444
4.636970519022219E-4,0.007282733225126885,0.04741270376046338,0.16379869865183266,0.31681195940004747,0.325433510582771,0.13879669732785568,0.0,0.47619047619047616
4.636970519022217E-4,0.007282733225126881,0.04741270376046336,0.1637986986518327,0.31681195940004714,0.32543351058277087,0.13879669732785563,0.0,0.5079365079365079
4.6369705190222346E-4,0.007282733225126909,0.04741270376046354,0.16379869865183336,0.31681195940004786,0.32543351058277203,0.13879669732785616,0.0,0.20634920634920634
4.636970519022229E-4,0.0072827332251269,0.04741270376046348,0.1637986986518331,0.31681195940004747,0.32543351058277165,0.138796697327856,0.0,0.30158730158730157
4.636970519022207E-4,0.0072827332251268655,0.047412703760463255,0.16379869865183236,0.3168119594000459,0.32543351058277015,0.13879669732785532,0.0,0.6825396825396826
4.636970519022217E-4,0.007282733225126881,0.04741270376046336,0.16379869865183272,0.3168119594000465,0.3254335105827708,0.13879669732785563,0.0,0.5079365079365079
4.6369705190222324E-4,0.007282733225126905,0.04741270376046352,0.16379869865183327,0.31681195940004764,0.3254335105827719,0.1387966973278561,0.0,0.23809523809523808
4.6369705190221945E-4,0.0072827332251268456,0.047412703760463124,0.16379869865183186,0.3168119594000453,0.32543351058276926,0.13879669732785496,0.0,0.9047619047619048
4.636970519022207E-4,0.0072827332251268655,0.047412703760463255,0.16379869865183236,0.3168119594000462,0.32543351058277015,0.13879669732785532,0.0,0.6825396825396826
4.6369705190222037E-4,0.00728273322512686,0.04741270376046322,0.1637986986518322,0.316811959400046,0.32543351058276987,0.1387966973278552,0.0,0.746031746031746
4.636970519022215E-4,0.0072827332251268785,0.04741270376046334,0.16379869865183266,0.31681195940004686,0.32543351058277076,0.13879669732785557,0.0,0.5396825396825397
4.6369705190222227E-4,0.00728273322512689,0.047412703760463415,0.16379869865183297,0.316811959400047,0.3254335105827712,0.1387966973278558,0.0,0.4126984126984127
4.6369705190222265E-4,0.007282733225126896,0.04741270376046345,0.1637986986518331,0.3168119594000471,0.3254335105827715,0.1387966973278559,0.0,0.3492063492063492
4.636970519022219E-4,0.007282733225126885,0.04741270376046338,0.16379869865183275,0.31681195940004653,0.325433510582771,0.13879669732785568,0.0,0.47619047619047616
4.6369705190222E-4,0.007282733225126854,0.047412703760463186,0.16379869865183208,0.3168119594000452,0.3254335105827696,0.13879669732785513,0.0,0.8095238095238095
4.636970519022219E-4,0.007282733225126885,0.04741270376046338,0.16379869865183275,0.3168119594000466,0.325433510582771,0.13879669732785568,0.0,0.47619047619047616
4.636970519022204E-4,0.007282733225126861,0.04741270376046323,0.16379869865183216,0.31681195940004603,0.32543351058277,0.13879669732785524,0.0,0.7301587301587301
4.636970519022219E-4,0.007282733225126885,0.04741270376046338,0.16379869865183277,0.3168119594000466,0.325433510582771,0.13879669732785568,0.0,0.47619047619047616
4.6369705190222026E-4,0.0072827332251268586,0.047412703760463214,0.1637986986518321,0.31681195940004586,0.3254335105827698,0.1387966973278552,0.0,0.7619047619047619
4.636970519022227E-4,0.007282733225126898,0.047412703760463464,0.16379869865183302,0.3168119594000476,0.3254335105827716,0.13879669732785593,0.0,0.3333333333333333
4.636970519022208E-4,0.007282733225126867,0.04741270376046327,0.1637986986518324,0.31681195940004575,0.3254335105827702,0.13879669732785535,0.0,0.6666666666666666
4.636970519022219E-4,0.007282733225126885,0.04741270376046338,0.16379869865183275,0.31681195940004636,0.325433510582771,0.13879669732785568,0.0,0.47619047619047616
4.636970519022204E-4,0.007282733225126861,0.04741270376046323,0.16379869865183216,0.31681195940004564,0.32543351058277,0.13879669732785524,0.0,0.7301587301587301
4.636970519022208E-4,0.007282733225126867,0.04741270376046327,0.16379869865183236,0.3168119594000459,0.3254335105827702,0.13879669732785535,0.0,0.6666666666666666
4.6369705190222254E-4,0.007282733225126894,0.04741270376046344,0.16379869865183289,0.31681195940004725,0.3254335105827714,0.13879669732785588,0.0,0.36507936507936506
4.636970519022216E-4,0.00728273322512688,0.04741270376046335,0.16379869865183255,0.31681195940004725,0.3254335105827708,0.1387966973278556,0.0,0.5238095238095238
4.636970519022227E-4,0.007282733225126898,0.047412703760463464,0.16379869865183297,0.3168119594000476,0.32543351058277153,0.13879669732785593,0.0,0.3333333333333333
4.6369705190222227E-4,0.00728273322512689,0.047412703760463415,0.1637986986518328,0.3168119594000477,0.3254335105827712,0.1387966973278558,0.0,0.4126984126984127
4.6369705190222243E-4,0.007282733225126893,0.047412703760463436,0.16379869865183294,0.3168119594000476,0.32543351058277137,0.13879669732785585,0.0,0.38095238095238093
4.636970519022232E-4,0.0072827332251269045,0.04741270376046351,0.16379869865183325,0.3168119594000475,0.32543351058277187,0.13879669732785607,0.0,0.25396825396825395
4.63697051902224E-4,0.0072827332251269175,0.047412703760463595,0.16379869865183344,0.316811959400048,0.3254335105827724,0.13879669732785632,0.0,0.1111111111111111
4.6369705190222037E-4,0.00728273322512686,0.04741270376046322,0.1637986986518322,0.3168119594000454,0.32543351058276987,0.1387966973278552,0.0,0.746031746031746
4.636970519022204E-4,0.007282733225126861,0.04741270376046323,0.16379869865183228,0.3168119594000454,0.3254335105827699,0.13879669732785524,0.0,0.7301587301587301
4.6369705190222227E-4,0.00728273322512689,0.047412703760463415,0.1637986986518329,0.3168119594000464,0.3254335105827712,0.1387966973278558,0.0,0.4126984126984127
4.6369705190222053E-4,0.007282733225126863,0.04741270376046324,0.1637986986518322,0.31681195940004625,0.32543351058277004,0.13879669732785527,0.0,0.7142857142857143
4.636970519022217E-4,0.007282733225126881,0.04741270376046336,0.1637986986518327,0.31681195940004675,0.3254335105827708,0.13879669732785563,0.0,0.5079365079365079
4.6369705190222124E-4,0.007282733225126874,0.04741270376046331,0.16379869865183252,0.31681195940004636,0.32543351058277054,0.1387966973278555,0.0,0.5873015873015873
4.6369705190222265E-4,0.007282733225126896,0.04741270376046345,0.163798698651833,0.31681195940004747,0.3254335105827715,0.1387966973278559,0.0,0.3492063492063492
4.6369705190222216E-4,0.007282733225126889,0.04741270376046341,0.16379869865183289,0.31681195940004675,0.32543351058277115,0.13879669732785577,0.0,0.42857142857142855
4.636970519022236E-4,0.0072827332251269115,0.047412703760463554,0.1637986986518334,0.31681195940004747,0.32543351058277215,0.1387966973278562,0.0,0.1746031746031746
4.636970519022216E-4,0.007282733225126882,0.047412703760463325,0.16379869865183264,0.31681195940004653,0.32543351058277076,0.1387966973278556,0.0,0.5238095238095238
4.6369705190222037E-4,0.007282733225126861,0.04741270376046319,0.16379869865183222,0.31681195940004553,0.32543351058276987,0.1387966973278552,0.0,0.746031746031746
4.6369705190222183E-4,0.007282733225126885,0.047412703760463346,0.16379869865183272,0.31681195940004664,0.32543351058277087,0.13879669732785566,0.0,0.49206349206349204
4.636970519022204E-4,0.007282733225126863,0.04741270376046321,0.16379869865183216,0.31681195940004603,0.3254335105827699,0.13879669732785524,0.0,0.7301587301587301
4.636970519022219E-4,0.0072827332251268855,0.04741270376046335,0.16379869865183277,0.31681195940004653,0.325433510582771,0.13879669732785568,0.0,0.47619047619047616
4.6369705190222053E-4,0.007282733225126865,0.047412703760463214,0.16379869865183222,0.31681195940004603,0.32543351058277,0.13879669732785527,0.0,0.7142857142857143
4.6369705190222183E-4,0.007282733225126885,0.047412703760463346,0.16379869865183272,0.316811959400047,0.32543351058277087,0.13879669732785566,0.0,0.49206349206349204
4.6369705190222064E-4,0.0072827332251268655,0.04741270376046322,0.1637986986518323,0.3168119594000457,0.32543351058277004,0.1387966973278553,0.0,0.6984126984126984
4.6369705190222146E-4,0.0072827332251268785,0.047412703760463304,0.16379869865183258,0.31681195940004614,0.3254335105827707,0.13879669732785554,0.0,0.5555555555555556
4.6369705190222124E-4,0.007282733225126876,0.04741270376046329,0.1637986986518325,0.31681195940004625,0.32543351058277054,0.1387966973278555,0.0,0.5873015873015873
4.636970519022212E-4,0.007282733225126874,0.047412703760463276,0.16379869865183247,0.31681195940004614,0.3254335105827705,0.13879669732785546,0.0,0.6031746031746031
4.6369705190222183E-4,0.007282733225126885,0.047412703760463346,0.16379869865183264,0.31681195940004675,0.3254335105827709,0.13879669732785566,0.0,0.49206349206349204
4.6369705190222183E-4,0.007282733225126885,0.047412703760463346,0.16379869865183264,0.3168119594000473,0.3254335105827709,0.13879669732785566,0.0,0.49206349206349204
4.636970519022228E-4,0.0072827332251269,0.04741270376046345,0.16379869865183302,0.3168119594000475,0.3254335105827716,0.13879669732785596,0.0,0.31746031746031744
4.636970519022215E-4,0.00728273322512688,0.04741270376046332,0.16379869865183252,0.31681195940004697,0.32543351058277076,0.13879669732785557,0.0,0.5396825396825397
4.636970519022219E-4,0.0072827332251268855,0.04741270376046335,0.16379869865183272,0.3168119594000472,0.325433510582771,0.13879669732785568,0.0,0.47619047619047616
4.6369705190222265E-4,0.007282733225126898,0.04741270376046343,0.16379869865183305,0.31681195940004714,0.3254335105827715,0.1387966973278559,0.0,0.3492063492063492
4.636970519022227E-4,0.0072827332251268985,0.047412703760463436,0.16379869865183302,0.3168119594000472,0.32543351058277153,0.13879669732785593,0.0,0.3333333333333333
4.6369705190222026E-4,0.00728273322512686,0.047412703760463186,0.16379869865183214,0.3168119594000456,0.3254335105827698,0.1387966973278552,0.0,0.7619047619047619
4.6369705190222037E-4,0.007282733225126861,0.04741270376046319,0.16379869865183222,0.31681195940004553,0.32543351058276987,0.1387966973278552,0.0,0.746031746031746
4.636970519022217E-4,0.007282733225126883,0.04741270376046334,0.1637986986518327,0.31681195940004636,0.3254335105827708,0.13879669732785563,0.0,0.5079365079365079
4.6369705190222015E-4,0.0072827332251268586,0.04741270376046318,0.16379869865183208,0.3168119594000458,0.3254335105827698,0.13879669732785518,0.0,0.7777777777777778
4.6369705190222146E-4,0.0072827332251268785,0.047412703760463304,0.16379869865183264,0.3168119594000464,0.32543351058277065,0.13879669732785554,0.0,0.5555555555555556
4.636970519022211E-4,0.007282733225126873,0.04741270376046327,0.16379869865183247,0.3168119594000463,0.3254335105827704,0.13879669732785543,0.0,0.6190476190476191
4.63697051902222E-4,0.007282733225126887,0.047412703760463366,0.16379869865183277,0.3168119594000472,0.32543351058277104,0.1387966973278557,0.0,0.4603174603174603
4.6369705190222216E-4,0.00728273322512689,0.04741270376046338,0.16379869865183289,0.31681195940004675,0.32543351058277115,0.13879669732785577,0.0,0.42857142857142855
4.6369705190222243E-4,0.007282733225126894,0.04741270376046341,0.16379869865183297,0.31681195940004686,0.3254335105827713,0.13879669732785585,0.0,0.38095238095238093
4.636970519022221E-4,0.007282733225126889,0.04741270376046337,0.1637986986518328,0.31681195940004675,0.3254335105827711,0.13879669732785574,0.0,0.4444444444444444
4.6369705190222026E-4,0.00728273322512686,0.047412703760463186,0.1637986986518322,0.31681195940004553,0.3254335105827698,0.1387966973278552,0.0,0.7619047619047619
4.636970519022217E-4,0.007282733225126883,0.04741270376046334,0.16379869865183266,0.3168119594000465,0.3254335105827708,0.13879669732785563,0.0,0.5079365079365079
4.636970519022204E-4,0.007282733225126863,0.04741270376046321,0.1637986986518322,0.3168119594000459,0.3254335105827699,0.13879669732785524,0.0,0.7301587301587301
4.636970519022219E-4,0.0072827332251268855,0.04741270376046335,0.16379869865183277,0.3168119594000466,0.325433510582771,0.13879669732785568,0.0,0.47619047619047616
4.636970519022207E-4,0.007282733225126867,0.047412703760463235,0.16379869865183233,0.3168119594000462,0.32543351058277015,0.13879669732785532,0.0,0.6825396825396826
4.636970519022219E-4,0.0072827332251268855,0.04741270376046335,0.16379869865183275,0.316811959400047,0.325433510582771,0.13879669732785568,0.0,0.47619047619047616
4.6369705190222097E-4,0.007282733225126872,0.04741270376046326,0.16379869865183247,0.316811959400046,0.3254335105827703,0.1387966973278554,0.0,0.6349206349206349
4.636970519022221E-4,0.007282733225126889,0.04741270376046337,0.16379869865183283,0.31681195940004664,0.32543351058277115,0.13879669732785574,0.0,0.4444444444444444
4.6369705190222124E-4,0.007282733225126876,0.04741270376046329,0.16379869865183247,0.31681195940004625,0.32543351058277054,0.1387966973278555,0.0,0.5873015873015873
4.6369705190222146E-4,0.0072827332251268785,0.047412703760463304,0.16379869865183255,0.3168119594000464,0.32543351058277065,0.13879669732785554,0.0,0.5555555555555556
4.636970519022219E-4,0.0072827332251268855,0.04741270376046335,0.1637986986518327,0.3168119594000467,0.325433510582771,0.13879669732785568,0.0,0.47619047619047616
4.636970519022219E-4,0.0072827332251268855,0.04741270376046335,0.16379869865183266,0.3168119594000473,0.325433510582771,0.13879669732785568,0.0,0.47619047619047616
4.6369705190222243E-4,0.007282733225126894,0.04741270376046341,0.16379869865183294,0.3168119594000474,0.3254335105827713,0.13879669732785585,0.0,0.38095238095238093
4.63697051902222E-4,0.007282733225126887,0.047412703760463366,0.1637986986518327,0.31681195940004736,0.3254335105827711,0.1387966973278557,0.0,0.4603174603174603
4.636970519022217E-4,0.007282733225126883,0.04741270376046334,0.1637986986518327,0.316811959400047,0.32543351058277087,0.13879669732785563,0.0,0.5079365079365079
4.636970519022229E-4,0.007282733225126902,0.04741270376046346,0.1637986986518331,0.31681195940004747,0.32543351058277165,0.138796697327856,0.0,0.30158730158730157
4.636970519022228E-4,0.0072827332251269,0.04741270376046345,0.16379869865183305,0.31681195940004736,0.3254335105827716,0.13879669732785596,0.0,0.31746031746031744
4.636970519022207E-4,0.007282733225126867,0.047412703760463235,0.1637986986518323,0.31681195940004586,0.32543351058277015,0.13879669732785532,0.0,0.6825396825396826
4.636970519022207E-4,0.007282733225126867,0.047412703760463235,0.16379869865183236,0.3168119594000458,0.32543351058277015,0.13879669732785532,0.0,0.6825396825396826
4.636970519022217E-4,0.007282733225126883,0.04741270376046334,0.16379869865183266,0.31681195940004625,0.3254335105827708,0.13879669732785563,0.0,0.5079365079365079
4.6369705190222064E-4,0.0072827332251268655,0.04741270376046322,0.16379869865183228,0.3168119594000463,0.32543351058277004,0.1387966973278553,0.0,0.6984126984126984
4.6369705190222183E-4,0.007282733225126885,0.047412703760463346,0.16379869865183272,0.3168119594000469,0.32543351058277087,0.13879669732785566,0.0,0.49206349206349204
4.6369705190222124E-4,0.007282733225126876,0.04741270376046329,0.1637986986518325,0.31681195940004664,0.32543351058277054,0.1387966973278555,0.0,0.5873015873015873
4.6369705190222216E-4,0.00728273322512689,0.04741270376046338,0.16379869865183283,0.3168119594000473,0.32543351058277115,0.13879669732785577,0.0,0.42857142857142855
4.636970519022219E-4,0.0072827332251268855,0.04741270376046335,0.16379869865183277,0.31681195940004675,0.325433510582771,0.13879669732785568,0.0,0.47619047619047616
4.636970519022228E-4,0.0072827332251269,0.04741270376046345,0.1637986986518331,0.31681195940004714,0.3254335105827716,0.13879669732785596,0.0,0.31746031746031744
4.636970519022212E-4,0.007282733225126874,0.047412703760463276,0.16379869865183247,0.3168119594000461,0.3254335105827704,0.13879669732785546,0.0,0.6031746031746031
4.636970519022204E-4,0.007282733225126863,0.04741270376046321,0.16379869865183225,0.3168119594000456,0.3254335105827699,0.13879669732785524,0.0,0.7301587301587301
4.636970519022216E-4,0.007282733225126882,0.047412703760463325,0.16379869865183264,0.31681195940004636,0.32543351058277076,0.1387966973278556,0.0,0.5238095238095238
4.6369705190222053E-4,0.007282733225126865,0.047412703760463214,0.16379869865183222,0.31681195940004614,0.32543351058277,0.13879669732785527,0.0,0.7142857142857143
4.6369705190222097E-4,0.007282733225126872,0.04741270376046326,0.16379869865183244,0.31681195940004603,0.3254335105827703,0.1387966973278554,0.0,0.6349206349206349
4.6369705190222064E-4,0.0072827332251268655,0.04741270376046322,0.16379869865183225,0.3168119594000462,0.32543351058277004,0.1387966973278553,0.0,0.6984126984126984
4.6369705190222183E-4,0.007282733225126885,0.047412703760463346,0.16379869865183272,0.316811959400047,0.32543351058277087,0.13879669732785566,0.0,0.49206349206349204
4.636970519022207E-4,0.007282733225126867,0.047412703760463235,0.16379869865183236,0.3168119594000458,0.32543351058277015,0.13879669732785532,0.0,0.6825396825396826
4.6369705190222146E-4,0.0072827332251268785,0.047412703760463304,0.1637986986518326,0.31681195940004614,0.3254335105827707,0.13879669732785554,0.0,0.5555555555555556
4.636970519022212E-4,0.007282733225126874,0.047412703760463276,0.16379869865183247,0.3168119594000462,0.3254335105827704,0.13879669732785546,0.0,0.6031746031746031
4.636970519022209E-4,0.00728273322512687,0.04741270376046325,0.1637986986518324,0.31681195940004603,0.32543351058277026,0.13879669732785538,0.0,0.6507936507936508
4.6369705190222183E-4,0.007282733225126885,0.047412703760463346,0.16379869865183266,0.3168119594000466,0.32543351058277087,0.13879669732785566,0.0,0.49206349206349204
4.636970519022217E-4,0.007282733225126883,0.04741270376046334,0.16379869865183266,0.3168119594000471,0.32543351058277087,0.13879669732785563,0.0,0.5079365079365079
4.636970519022219E-4,0.0072827332251268855,0.04741270376046335,0.16379869865183272,0.3168119594000471,0.325433510582771,0.13879669732785568,0.0,0.47619047619047616
4.636970519022217E-4,0.007282733225126883,0.04741270376046334,0.16379869865183264,0.3168119594000472,0.32543351058277087,0.13879669732785563,0.0,0.5079365079365079
4.6369705190222183E-4,0.007282733225126885,0.047412703760463346,0.16379869865183272,0.3168119594000471,0.3254335105827709,0.13879669732785566,0.0,0.49206349206349204
4.636970519022228E-4,0.0072827332251269,0.04741270376046345,0.16379869865183308,0.3168119594000473,0.3254335105827716,0.13879669732785596,0.0,0.31746031746031744
4.6369705190222265E-4,0.007282733225126898,0.04741270376046343,0.163798698651833,0.3168119594000472,0.3254335105827715,0.1387966973278559,0.0,0.3492063492063492
4.636970519022201E-4,0.007282733225126857,0.047412703760463165,0.16379869865183208,0.3168119594000453,0.3254335105827697,0.13879669732785516,0.0,0.7936507936507936
4.6369705190222026E-4,0.00728273322512686,0.047412703760463186,0.16379869865183222,0.31681195940004536,0.3254335105827698,0.1387966973278552,0.0,0.7619047619047619
4.636970519022216E-4,0.007282733225126882,0.047412703760463325,0.1637986986518327,0.31681195940004614,0.32543351058277076,0.1387966973278556,0.0,0.5238095238095238
4.6369705190222015E-4,0.0072827332251268586,0.04741270376046318,0.16379869865183208,0.31681195940004586,0.3254335105827698,0.13879669732785518,0.0,0.7777777777777778
4.636970519022211E-4,0.007282733225126873,0.04741270376046327,0.16379869865183247,0.3168119594000465,0.32543351058277037,0.13879669732785543,0.0,0.6190476190476191
4.6369705190222135E-4,0.007282733225126878,0.0474127037604633,0.16379869865183255,0.31681195940004653,0.32543351058277065,0.13879669732785552,0.0,0.5714285714285714
4.63697051902222E-4,0.007282733225126887,0.047412703760463366,0.16379869865183275,0.31681195940004714,0.32543351058277104,0.1387966973278557,0.0,0.4603174603174603
4.636970519022219E-4,0.0072827332251268855,0.04741270376046335,0.16379869865183277,0.3168119594000467,0.325433510582771,0.13879669732785568,0.0,0.47619047619047616
4.6369705190222265E-4,0.007282733225126898,0.04741270376046343,0.16379869865183302,0.3168119594000471,0.3254335105827715,0.1387966973278559,0.0,0.3492063492063492
4.6369705190222216E-4,0.007282733225126889,0.04741270376046341,0.16379869865183283,0.3168119594000466,0.32543351058277115,0.13879669732785577,0.0,0.42857142857142855
4.636970519022201E-4,0.007282733225126856,0.04741270376046319,0.1637986986518321,0.3168119594000452,0.3254335105827697,0.13879669732785516,0.0,0.7936507936507936
4.636970519022221E-4,0.007282733225126887,0.047412703760463394,0.16379869865183277,0.31681195940004675,0.3254335105827711,0.13879669732785574,0.0,0.4444444444444444
4.6369705190222053E-4,0.007282733225126863,0.04741270376046324,0.16379869865183222,0.3168119594000461,0.32543351058277004,0.13879669732785527,0.0,0.7142857142857143
4.636970519022216E-4,0.00728273322512688,0.04741270376046335,0.1637986986518327,0.3168119594000464,0.32543351058277076,0.1387966973278556,0.0,0.5238095238095238
4.6369705190222037E-4,0.00728273322512686,0.04741270376046322,0.16379869865183214,0.3168119594000459,0.32543351058276987,0.1387966973278552,0.0,0.746031746031746
4.636970519022229E-4,0.0072827332251269,0.04741270376046348,0.16379869865183308,0.31681195940004764,0.3254335105827717,0.138796697327856,0.0,0.30158730158730157
4.636970519022209E-4,0.007282733225126869,0.047412703760463276,0.16379869865183244,0.3168119594000458,0.32543351058277026,0.13879669732785538,0.0,0.6507936507936508
4.636970519022219E-4,0.007282733225126885,0.04741270376046338,0.16379869865183277,0.3168119594000463,0.325433510582771,0.13879669732785568,0.0,0.47619047619047616
4.6369705190222053E-4,0.007282733225126863,0.04741270376046324,0.16379869865183222,0.3168119594000458,0.32543351058277004,0.13879669732785527,0.0,0.7142857142857143
4.636970519022207E-4,0.0072827332251268655,0.047412703760463255,0.16379869865183233,0.31681195940004575,0.32543351058277015,0.13879669732785532,0.0,0.6825396825396826
4.6369705190222254E-4,0.007282733225126894,0.04741270376046344,0.1637986986518329,0.31681195940004725,0.3254335105827714,0.13879669732785588,0.0,0.36507936507936506
4.6369705190222135E-4,0.007282733225126876,0.047412703760463325,0.16379869865183247,0.3168119594000471,0.32543351058277065,0.13879669732785552,0.0,0.5714285714285714
4.6369705190222243E-4,0.007282733225126893,0.047412703760463436,0.16379869865183294,0.3168119594000473,0.3254335105827713,0.13879669732785585,0.0,0.38095238095238093
4.6369705190222243E-4,0.007282733225126893,0.047412703760463436,0.16379869865183286,0.3168119594000479,0.3254335105827713,0.13879669732785585,0.0,0.38095238095238093
4.6369705190222243E-4,0.007282733225126893,0.047412703760463436,0.16379869865183294,0.31681195940004747,0.32543351058277137,0.13879669732785585,0.0,0.38095238095238093
4.636970519022231E-4,0.007282733225126903,0.0474127037604635,0.1637986986518332,0.3168119594000474,0.3254335105827718,0.13879669732785604,0.0,0.2698412698412698
4.636970519022238E-4,0.007282733225126914,0.047412703760463575,0.16379869865183339,0.3168119594000478,0.3254335105827723,0.13879669732785627,0.0,0.14285714285714285
4.636970519022204E-4,0.007282733225126861,0.04741270376046323,0.16379869865183222,0.3168119594000454,0.3254335105827699,0.13879669732785524,0.0,0.7301587301587301
4.6369705190222015E-4,0.007282733225126857,0.0474127037604632,0.16379869865183216,0.3168119594000452,0.32543351058276976,0.13879669732785518,0.0,0.7777777777777778
4.6369705190222216E-4,0.007282733225126889,0.04741270376046341,0.16379869865183289,0.3168119594000464,0.32543351058277115,0.13879669732785577,0.0,0.42857142857142855
4.6369705190222053E-4,0.007282733225126863,0.04741270376046324,0.16379869865183222,0.3168119594000462,0.32543351058277004,0.13879669732785527,0.0,0.7142857142857143
4.6369705190222135E-4,0.007282733225126876,0.047412703760463325,0.16379869865183258,0.3168119594000464,0.3254335105827706,0.13879669732785552,0.0,0.5714285714285714
4.636970519022211E-4,0.007282733225126872,0.0474127037604633,0.16379869865183241,0.31681195940004625,0.32543351058277037,0.13879669732785543,0.0,0.6190476190476191
4.6369705190222254E-4,0.007282733225126894,0.04741270376046344,0.16379869865183294,0.31681195940004747,0.3254335105827714,0.13879669732785588,0.0,0.36507936507936506
4.636970519022221E-4,0.007282733225126887,0.047412703760463394,0.16379869865183286,0.3168119594000466,0.3254335105827711,0.13879669732785574,0.0,0.4444444444444444
4.636970519022236E-4,0.0072827332251269115,0.047412703760463554,0.1637986986518334,0.31681195940004747,0.32543351058277215,0.1387966973278562,0.0,0.1746031746031746
4.6369705190222146E-4,0.0072827332251268785,0.047412703760463304,0.16379869865183258,0.3168119594000464,0.32543351058277065,0.13879669732785554,0.0,0.5555555555555556
4.636970519022204E-4,0.007282733225126863,0.04741270376046321,0.16379869865183225,0.3168119594000456,0.3254335105827699,0.13879669732785524,0.0,0.7301587301587301
4.63697051902222E-4,0.007282733225126887,0.047412703760463366,0.16379869865183277,0.31681195940004675,0.32543351058277104,0.1387966973278557,0.0,0.4603174603174603
4.636970519022207E-4,0.007282733225126867,0.047412703760463235,0.1637986986518323,0.31681195940004625,0.32543351058277015,0.13879669732785532,0.0,0.6825396825396826
4.636970519022221E-4,0.007282733225126889,0.04741270376046337,0.16379869865183286,0.3168119594000466,0.3254335105827711,0.13879669732785574,0.0,0.4444444444444444
4.6369705190222053E-4,0.007282733225126865,0.047412703760463214,0.16379869865183222,0.316811959400046,0.32543351058277,0.13879669732785527,0.0,0.7142857142857143
4.63697051902222E-4,0.007282733225126887,0.047412703760463366,0.1637986986518328,0.3168119594000472,0.32543351058277104,0.1387966973278557,0.0,0.4603174603174603
4.636970519022208E-4,0.007282733225126869,0.04741270376046324,0.16379869865183241,0.31681195940004586,0.3254335105827702,0.13879669732785535,0.0,0.6666666666666666
4.636970519022215E-4,0.00728273322512688,0.04741270376046332,0.16379869865183264,0.31681195940004625,0.32543351058277076,0.13879669732785557,0.0,0.5396825396825397
4.636970519022207E-4,0.007282733225126867,0.047412703760463235,0.1637986986518323,0.316811959400046,0.32543351058277015,0.13879669732785532,0.0,0.6825396825396826
4.636970519022209E-4,0.00728273322512687,0.04741270376046325,0.1637986986518324,0.3168119594000459,0.3254335105827703,0.13879669732785538,0.0,0.6507936507936508
4.636970519022219E-4,0.0072827332251268855,0.04741270376046335,0.1637986986518327,0.31681195940004686,0.325433510582771,0.13879669732785568,0.0,0.47619047619047616
4.636970519022215E-4,0.00728273322512688,0.04741270376046332,0.16379869865183252,0.31681195940004714,0.32543351058277076,0.13879669732785557,0.0,0.5396825396825397
4.6369705190222254E-4,0.007282733225126896,0.04741270376046342,0.16379869865183297,0.3168119594000473,0.3254335105827714,0.13879669732785588,0.0,0.36507936507936506
4.6369705190222183E-4,0.007282733225126885,0.047412703760463346,0.16379869865183266,0.31681195940004725,0.3254335105827709,0.13879669732785566,0.0,0.49206349206349204
4.63697051902222E-4,0.007282733225126887,0.047412703760463366,0.16379869865183277,0.3168119594000472,0.3254335105827711,0.1387966973278557,0.0,0.4603174603174603
4.636970519022227E-4,0.0072827332251268985,0.047412703760463436,0.16379869865183308,0.3168119594000472,0.32543351058277153,0.13879669732785593,0.0,0.3333333333333333
4.6369705190222254E-4,0.007282733225126896,0.04741270376046342,0.16379869865183297,0.3168119594000471,0.3254335105827714,0.13879669732785588,0.0,0.36507936507936506
4.6369705190222015E-4,0.0072827332251268586,0.04741270376046318,0.1637986986518321,0.3168119594000455,0.32543351058276976,0.13879669732785518,0.0,0.7777777777777778
4.6369705190222026E-4,0.00728273322512686,0.047412703760463186,0.1637986986518322,0.31681195940004536,0.3254335105827698,0.1387966973278552,0.0,0.7619047619047619
4.636970519022216E-4,0.007282733225126882,0.047412703760463325,0.16379869865183264,0.31681195940004625,0.32543351058277076,0.1387966973278556,0.0,0.5238095238095238
4.6369705190222037E-4,0.007282733225126861,0.04741270376046319,0.16379869865183216,0.31681195940004603,0.3254335105827699,0.1387966973278552,0.0,0.746031746031746
4.6369705190222135E-4,0.007282733225126878,0.0474127037604633,0.1637986986518326,0.3168119594000463,0.3254335105827706,0.13879669732785552,0.0,0.5714285714285714
4.636970519022208E-4,0.007282733225126869,0.04741270376046324,0.16379869865183236,0.3168119594000461,0.32543351058277026,0.13879669732785535,0.0,0.6666666666666666
4.636970519022221E-4,0.007282733225126889,0.04741270376046337,0.1637986986518328,0.3168119594000473,0.3254335105827711,0.13879669732785574,0.0,0.4444444444444444
4.636970519022221E-4,0.007282733225126889,0.04741270376046337,0.16379869865183289,0.3168119594000467,0.3254335105827711,0.13879669732785574,0.0,0.4444444444444444
4.6369705190222254E-4,0.007282733225126896,0.04741270376046342,0.16379869865183302,0.3168119594000469,0.3254335105827714,0.13879669732785588,0.0,0.36507936507936506
4.6369705190222227E-4,0.0072827332251268915,0.047412703760463394,0.16379869865183283,0.3168119594000468,0.3254335105827712,0.1387966973278558,0.0,0.4126984126984127
4.6369705190222037E-4,0.007282733225126861,0.04741270376046319,0.1637986986518322,0.3168119594000455,0.32543351058276987,0.1387966973278552,0.0,0.746031746031746
4.636970519022219E-4,0.0072827332251268855,0.04741270376046335,0.1637986986518327,0.3168119594000466,0.325433510582771,0.13879669732785568,0.0,0.47619047619047616
4.636970519022207E-4,0.007282733225126867,0.047412703760463235,0.1637986986518323,0.3168119594000461,0.32543351058277015,0.13879669732785532,0.0,0.6825396825396826
4.636970519022221E-4,0.007282733225126889,0.04741270376046337,0.16379869865183286,0.3168119594000467,0.3254335105827711,0.13879669732785574,0.0,0.4444444444444444
4.636970519022208E-4,0.007282733225126869,0.04741270376046324,0.16379869865183233,0.31681195940004625,0.3254335105827702,0.13879669732785535,0.0,0.6666666666666666
4.6369705190222243E-4,0.007282733225126894,0.04741270376046341,0.1637986986518329,0.3168119594000474,0.3254335105827713,0.13879669732785585,0.0,0.38095238095238093
4.6369705190222135E-4,0.007282733225126878,0.0474127037604633,0.16379869865183258,0.31681195940004625,0.3254335105827706,0.13879669732785552,0.0,0.5714285714285714
4.636970519022227E-4,0.0072827332251268985,0.047412703760463436,0.16379869865183302,0.31681195940004714,0.3254335105827716,0.13879669732785593,0.0,0.3333333333333333
4.6369705190222135E-4,0.007282733225126878,0.0474127037604633,0.1637986986518325,0.31681195940004636,0.3254335105827706,0.13879669732785552,0.0,0.5714285714285714
4.636970519022216E-4,0.007282733225126882,0.047412703760463325,0.16379869865183258,0.31681195940004653,0.32543351058277076,0.1387966973278556,0.0,0.5238095238095238
4.63697051902222E-4,0.007282733225126887,0.047412703760463366,0.1637986986518327,0.3168119594000468,0.3254335105827711,0.1387966973278557,0.0,0.4603174603174603
4.636970519022221E-4,0.007282733225126889,0.04741270376046337,0.16379869865183272,0.3168119594000474,0.32543351058277115,0.13879669732785574,0.0,0.4444444444444444
4.6369705190222254E-4,0.007282733225126896,0.04741270376046342,0.16379869865183297,0.3168119594000474,0.3254335105827714,0.13879669732785588,0.0,0.36507936507936506
4.6369705190222216E-4,0.00728273322512689,0.04741270376046338,0.16379869865183277,0.3168119594000475,0.3254335105827712,0.13879669732785577,0.0,0.42857142857142855
4.636970519022217E-4,0.007282733225126883,0.04741270376046334,0.16379869865183266,0.31681195940004697,0.32543351058277087,0.13879669732785563,0.0,0.5079365079365079
4.636970519022231E-4,0.0072827332251269045,0.04741270376046348,0.16379869865183316,0.3168119594000476,0.3254335105827718,0.13879669732785604,0.0,0.2698412698412698
4.636970519022232E-4,0.007282733225126906,0.047412703760463484,0.16379869865183314,0.31681195940004764,0.32543351058277187,0.13879669732785607,0.0,0.25396825396825395
4.636970519022208E-4,0.007282733225126869,0.04741270376046324,0.1637986986518323,0.3168119594000459,0.3254335105827702,0.13879669732785535,0.0,0.6666666666666666
4.6369705190222064E-4,0.0072827332251268655,0.04741270376046322,0.16379869865183228,0.3168119594000458,0.32543351058277004,0.1387966973278553,0.0,0.6984126984126984
4.6369705190222183E-4,0.007282733225126885,0.047412703760463346,0.1637986986518327,0.31681195940004636,0.32543351058277087,0.13879669732785566,0.0,0.49206349206349204
4.636970519022207E-4,0.007282733225126867,0.047412703760463235,0.16379869865183228,0.31681195940004636,0.32543351058277015,0.13879669732785532,0.0,0.6825396825396826
4.636970519022216E-4,0.007282733225126882,0.047412703760463325,0.16379869865183266,0.31681195940004675,0.32543351058277076,0.1387966973278556,0.0,0.5238095238095238
4.636970519022211E-4,0.007282733225126873,0.04741270376046327,0.16379869865183241,0.31681195940004653,0.3254335105827704,0.13879669732785543,0.0,0.6190476190476191
4.6369705190222227E-4,0.0072827332251268915,0.047412703760463394,0.16379869865183283,0.31681195940004736,0.3254335105827712,0.1387966973278558,0.0,0.4126984126984127
4.63697051902222E-4,0.007282733225126887,0.047412703760463366,0.16379869865183283,0.3168119594000468,0.32543351058277104,0.1387966973278557,0.0,0.4603174603174603
4.636970519022228E-4,0.0072827332251269,0.04741270376046345,0.16379869865183308,0.31681195940004725,0.3254335105827716,0.13879669732785596,0.0,0.31746031746031744
4.636970519022212E-4,0.007282733225126874,0.047412703760463276,0.16379869865183247,0.3168119594000461,0.3254335105827704,0.13879669732785546,0.0,0.6031746031746031
4.6369705190222053E-4,0.007282733225126865,0.047412703760463214,0.1637986986518323,0.3168119594000457,0.32543351058277,0.13879669732785527,0.0,0.7142857142857143
4.636970519022219E-4,0.0072827332251268855,0.04741270376046335,0.16379869865183275,0.3168119594000466,0.325433510582771,0.13879669732785568,0.0,0.47619047619047616
4.636970519022207E-4,0.007282733225126867,0.047412703760463235,0.1637986986518323,0.31681195940004614,0.32543351058277015,0.13879669732785532,0.0,0.6825396825396826
4.6369705190222097E-4,0.007282733225126872,0.04741270376046326,0.16379869865183247,0.31681195940004603,0.3254335105827703,0.1387966973278554,0.0,0.6349206349206349
4.636970519022207E-4,0.007282733225126867,0.047412703760463235,0.1637986986518323,0.3168119594000462,0.32543351058277015,0.13879669732785532,0.0,0.6825396825396826
4.636970519022219E-4,0.0072827332251268855,0.04741270376046335,0.16379869865183277,0.3168119594000471,0.325433510582771,0.13879669732785568,0.0,0.47619047619047616
4.636970519022209E-4,0.00728273322512687,0.04741270376046325,0.16379869865183241,0.316811959400046,0.32543351058277026,0.13879669732785538,0.0,0.6507936507936508
4.6369705190222183E-4,0.007282733225126885,0.047412703760463346,0.16379869865183272,0.3168119594000465,0.3254335105827709,0.13879669732785566,0.0,0.49206349206349204
4.636970519022208E-4,0.007282733225126869,0.04741270376046324,0.16379869865183236,0.316811959400046,0.3254335105827702,0.13879669732785535,0.0,0.6666666666666666
4.636970519022208E-4,0.007282733225126869,0.04741270376046324,0.16379869865183236,0.3168119594000459,0.3254335105827702,0.13879669732785535,0.0,0.6666666666666666
4.636970519022217E-4,0.007282733225126883,0.04741270376046334,0.16379869865183264,0.3168119594000466,0.3254335105827708,0.13879669732785563,0.0,0.5079365079365079
4.636970519022216E-4,0.007282733225126882,0.047412703760463325,0.16379869865183258,0.3168119594000471,0.3254335105827708,0.1387966973278556,0.0,0.5238095238095238
4.63697051902222E-4,0.007282733225126887,0.047412703760463366,0.16379869865183277,0.31681195940004714,0.32543351058277104,0.1387966973278557,0.0,0.4603174603174603
4.636970519022219E-4,0.0072827332251268855,0.04741270376046335,0.1637986986518327,0.31681195940004725,0.325433510582771,0.13879669732785568,0.0,0.47619047619047616
4.6369705190222183E-4,0.007282733225126885,0.047412703760463346,0.16379869865183272,0.316811959400047,0.3254335105827709,0.13879669732785566,0.0,0.49206349206349204
4.636970519022228E-4,0.0072827332251269,0.04741270376046345,0.1637986986518331,0.3168119594000473,0.3254335105827716,0.13879669732785596,0.0,0.31746031746031744
4.6369705190222265E-4,0.007282733225126898,0.04741270376046343,0.16379869865183302,0.3168119594000472,0.3254335105827715,0.1387966973278559,0.0,0.3492063492063492
4.6369705190222015E-4,0.0072827332251268586,0.04741270376046318,0.16379869865183214,0.31681195940004536,0.32543351058276976,0.13879669732785518,0.0,0.7777777777777778
4.6369705190222015E-4,0.0072827332251268586,0.04741270376046318,0.16379869865183216,0.3168119594000453,0.32543351058276976,0.13879669732785518,0.0,0.7777777777777778
4.636970519022217E-4,0.007282733225126883,0.04741270376046334,0.16379869865183266,0.3168119594000462,0.3254335105827708,0.13879669732785563,0.0,0.5079365079365079
4.6369705190222037E-4,0.007282733225126861,0.04741270376046319,0.16379869865183216,0.31681195940004603,0.3254335105827699,0.1387966973278552,0.0,0.746031746031746
4.6369705190222097E-4,0.007282733225126872,0.04741270376046326,0.16379869865183247,0.31681195940004636,0.3254335105827703,0.1387966973278554,0.0,0.6349206349206349
4.6369705190222124E-4,0.007282733225126876,0.04741270376046329,0.16379869865183252,0.3168119594000465,0.32543351058277054,0.1387966973278555,0.0,0.5873015873015873
4.636970519022219E-4,0.0072827332251268855,0.04741270376046335,0.16379869865183275,0.3168119594000472,0.325433510582771,0.13879669732785568,0.0,0.47619047619047616
4.636970519022219E-4,0.0072827332251268855,0.04741270376046335,0.16379869865183277,0.3168119594000467,0.325433510582771,0.13879669732785568,0.0,0.47619047619047616
4.6369705190222265E-4,0.007282733225126898,0.04741270376046343,0.16379869865183305,0.3168119594000471,0.3254335105827715,0.1387966973278559,0.0,0.3492063492063492
4.636970519022221E-4,0.007282733225126887,0.047412703760463394,0.16379869865183277,0.31681195940004653,0.3254335105827711,0.13879669732785574,0.0,0.4444444444444444
4.636970519022201E-4,0.007282733225126856,0.04741270376046319,0.1637986986518321,0.3168119594000452,0.3254335105827697,0.13879669732785516,0.0,0.7936507936507936
4.63697051902222E-4,0.0072827332251268855,0.04741270376046339,0.16379869865183272,0.3168119594000467,0.32543351058277104,0.1387966973278557,0.0,0.4603174603174603
4.6369705190222053E-4,0.007282733225126863,0.04741270376046324,0.1637986986518322,0.3168119594000461,0.32543351058277004,0.13879669732785527,0.0,0.7142857142857143
4.636970519022216E-4,0.00728273322512688,0.04741270376046335,0.16379869865183266,0.3168119594000463,0.32543351058277076,0.1387966973278556,0.0,0.5238095238095238
4.6369705190222037E-4,0.00728273322512686,0.04741270376046322,0.16379869865183214,0.3168119594000459,0.32543351058276987,0.1387966973278552,0.0,0.746031746031746
4.636970519022229E-4,0.0072827332251269,0.04741270376046348,0.1637986986518331,0.3168119594000476,0.3254335105827717,0.138796697327856,0.0,0.30158730158730157
4.636970519022207E-4,0.0072827332251268655,0.047412703760463255,0.16379869865183236,0.31681195940004564,0.32543351058277015,0.13879669732785532,0.0,0.6825396825396826
4.6369705190222216E-4,0.007282733225126889,0.04741270376046341,0.16379869865183283,0.3168119594000465,0.32543351058277115,0.13879669732785577,0.0,0.42857142857142855
4.636970519022207E-4,0.0072827332251268655,0.047412703760463255,0.16379869865183225,0.31681195940004586,0.32543351058277015,0.13879669732785532,0.0,0.6825396825396826
4.636970519022209E-4,0.007282733225126869,0.047412703760463276,0.16379869865183233,0.31681195940004586,0.32543351058277026,0.13879669732785538,0.0,0.6507936507936508
4.6369705190222265E-4,0.007282733225126896,0.04741270376046345,0.16379869865183289,0.31681195940004725,0.3254335105827715,0.1387966973278559,0.0,0.3492063492063492
4.636970519022216E-4,0.00728273322512688,0.04741270376046335,0.16379869865183255,0.31681195940004725,0.3254335105827708,0.1387966973278556,0.0,0.5238095238095238
4.6369705190222265E-4,0.007282733225126896,0.04741270376046345,0.16379869865183297,0.31681195940004747,0.3254335105827715,0.1387966973278559,0.0,0.3492063492063492
4.6369705190222243E-4,0.007282733225126893,0.047412703760463436,0.1637986986518328,0.31681195940004786,0.3254335105827713,0.13879669732785585,0.0,0.38095238095238093
4.6369705190222243E-4,0.007282733225126893,0.047412703760463436,0.16379869865183294,0.3168119594000474,0.32543351058277137,0.13879669732785585,0.0,0.38095238095238093
4.6369705190222324E-4,0.007282733225126905,0.04741270376046352,0.16379869865183322,0.31681195940004747,0.3254335105827719,0.1387966973278561,0.0,0.23809523809523808
4.636970519022239E-4,0.007282733225126916,0.04741270376046358,0.1637986986518334,0.31681195940004786,0.32543351058277237,0.1387966973278563,0.0,0.12698412698412698
4.6369705190222064E-4,0.007282733225126865,0.04741270376046325,0.16379869865183228,0.31681195940004553,0.32543351058277004,0.1387966973278553,0.0,0.6984126984126984
4.636970519022208E-4,0.007282733225126867,0.04741270376046327,0.16379869865183236,0.31681195940004564,0.3254335105827702,0.13879669732785535,0.0,0.6666666666666666
4.6369705190222227E-4,0.00728273322512689,0.047412703760463415,0.16379869865183283,0.31681195940004653,0.3254335105827712,0.1387966973278558,0.0,0.4126984126984127
4.6369705190222053E-4,0.007282733225126863,0.04741270376046324,0.1637986986518322,0.31681195940004625,0.32543351058277004,0.13879669732785527,0.0,0.7142857142857143
4.636970519022217E-4,0.007282733225126881,0.04741270376046336,0.16379869865183266,0.31681195940004675,0.3254335105827708,0.13879669732785563,0.0,0.5079365079365079
4.6369705190222124E-4,0.007282733225126874,0.04741270376046331,0.16379869865183247,0.31681195940004636,0.32543351058277054,0.1387966973278555,0.0,0.5873015873015873
4.6369705190222254E-4,0.007282733225126894,0.04741270376046344,0.16379869865183294,0.31681195940004736,0.3254335105827714,0.13879669732785588,0.0,0.36507936507936506
4.636970519022221E-4,0.007282733225126887,0.047412703760463394,0.16379869865183286,0.3168119594000466,0.3254335105827711,0.13879669732785574,0.0,0.4444444444444444
4.636970519022235E-4,0.00728273322512691,0.04741270376046355,0.16379869865183333,0.3168119594000474,0.3254335105827721,0.13879669732785618,0.0,0.19047619047619047
4.6369705190222124E-4,0.007282733225126876,0.04741270376046329,0.16379869865183252,0.3168119594000462,0.32543351058277054,0.1387966973278555,0.0,0.5873015873015873
4.6369705190222053E-4,0.007282733225126865,0.047412703760463214,0.1637986986518323,0.31681195940004564,0.32543351058277,0.13879669732785527,0.0,0.7142857142857143
4.636970519022219E-4,0.0072827332251268855,0.04741270376046335,0.16379869865183272,0.31681195940004664,0.325433510582771,0.13879669732785568,0.0,0.47619047619047616
4.6369705190222053E-4,0.007282733225126865,0.047412703760463214,0.16379869865183222,0.31681195940004614,0.32543351058277,0.13879669732785527,0.0,0.7142857142857143
4.636970519022221E-4,0.007282733225126889,0.04741270376046337,0.16379869865183286,0.3168119594000466,0.3254335105827711,0.13879669732785574,0.0,0.4444444444444444
4.6369705190222064E-4,0.0072827332251268655,0.04741270376046322,0.16379869865183228,0.3168119594000461,0.32543351058277004,0.1387966973278553,0.0,0.6984126984126984
4.63697051902222E-4,0.007282733225126887,0.047412703760463366,0.1637986986518328,0.31681195940004714,0.32543351058277104,0.1387966973278557,0.0,0.4603174603174603
4.636970519022207E-4,0.007282733225126867,0.047412703760463235,0.1637986986518324,0.31681195940004575,0.32543351058277015,0.13879669732785532,0.0,0.6825396825396826
4.636970519022215E-4,0.00728273322512688,0.04741270376046332,0.16379869865183264,0.31681195940004614,0.32543351058277076,0.13879669732785557,0.0,0.5396825396825397
4.636970519022207E-4,0.007282733225126867,0.047412703760463235,0.16379869865183228,0.3168119594000459,0.32543351058277015,0.13879669732785532,0.0,0.6825396825396826
4.636970519022209E-4,0.00728273322512687,0.04741270376046325,0.1637986986518324,0.31681195940004586,0.3254335105827703,0.13879669732785538,0.0,0.6507936507936508
4.63697051902222E-4,0.007282733225126887,0.047412703760463366,0.16379869865183266,0.31681195940004686,0.3254335105827711,0.1387966973278557,0.0,0.4603174603174603
4.636970519022215E-4,0.00728273322512688,0.04741270376046332,0.16379869865183252,0.31681195940004714,0.32543351058277076,0.13879669732785557,0.0,0.5396825396825397
4.636970519022227E-4,0.0072827332251268985,0.047412703760463436,0.16379869865183302,0.3168119594000474,0.32543351058277153,0.13879669732785593,0.0,0.3333333333333333
4.6369705190222183E-4,0.007282733225126885,0.047412703760463346,0.16379869865183264,0.31681195940004725,0.3254335105827709,0.13879669732785566,0.0,0.49206349206349204
4.636970519022221E-4,0.007282733225126889,0.04741270376046337,0.1637986986518328,0.31681195940004725,0.32543351058277115,0.13879669732785574,0.0,0.4444444444444444
4.636970519022227E-4,0.0072827332251268985,0.047412703760463436,0.16379869865183308,0.31681195940004714,0.32543351058277153,0.13879669732785593,0.0,0.3333333333333333
4.636970519022227E-4,0.0072827332251268985,0.047412703760463436,0.16379869865183302,0.31681195940004714,0.32543351058277153,0.13879669732785593,0.0,0.3333333333333333
4.6369705190222E-4,0.007282733225126856,0.04741270376046316,0.16379869865183203,0.3168119594000453,0.3254335105827696,0.13879669732785513,0.0,0.8095238095238095
4.6369705190222037E-4,0.007282733225126861,0.04741270376046319,0.16379869865183222,0.3168119594000454,0.32543351058276987,0.1387966973278552,0.0,0.746031746031746
4.636970519022216E-4,0.007282733225126882,0.047412703760463325,0.16379869865183264,0.31681195940004625,0.32543351058277076,0.1387966973278556,0.0,0.5238095238095238
4.6369705190222037E-4,0.007282733225126861,0.04741270376046319,0.16379869865183216,0.31681195940004603,0.3254335105827699,0.1387966973278552,0.0,0.746031746031746
4.6369705190222146E-4,0.0072827332251268785,0.047412703760463304,0.16379869865183266,0.31681195940004636,0.32543351058277065,0.13879669732785554,0.0,0.5555555555555556
4.636970519022208E-4,0.007282733225126869,0.04741270376046324,0.1637986986518324,0.3168119594000461,0.32543351058277026,0.13879669732785535,0.0,0.6666666666666666
4.63697051902222E-4,0.007282733225126887,0.047412703760463366,0.1637986986518328,0.31681195940004714,0.32543351058277104,0.1387966973278557,0.0,0.4603174603174603
4.6369705190222183E-4,0.007282733225126885,0.047412703760463346,0.16379869865183277,0.3168119594000464,0.32543351058277087,0.13879669732785566,0.0,0.49206349206349204
4.636970519022224E-4,0.007282733225126893,0.0474127037604634,0.16379869865183294,0.3168119594000467,0.32543351058277126,0.13879669732785582,0.0,0.3968253968253968
4.6369705190222183E-4,0.007282733225126885,0.047412703760463346,0.1637986986518327,0.3168119594000465,0.32543351058277087,0.13879669732785566,0.0,0.49206349206349204
4.636970519022204E-4,0.007282733225126863,0.04741270376046321,0.16379869865183222,0.3168119594000456,0.3254335105827699,0.13879669732785524,0.0,0.7301587301587301
4.63697051902222E-4,0.007282733225126887,0.047412703760463366,0.16379869865183275,0.3168119594000467,0.32543351058277104,0.1387966973278557,0.0,0.4603174603174603
4.6369705190222053E-4,0.007282733225126865,0.047412703760463214,0.16379869865183222,0.316811959400046,0.32543351058277,0.13879669732785527,0.0,0.7142857142857143
4.63697051902222E-4,0.007282733225126887,0.047412703760463366,0.16379869865183283,0.31681195940004664,0.32543351058277104,0.1387966973278557,0.0,0.4603174603174603
4.636970519022208E-4,0.007282733225126869,0.04741270376046324,0.16379869865183233,0.31681195940004625,0.3254335105827702,0.13879669732785535,0.0,0.6666666666666666
4.6369705190222216E-4,0.00728273322512689,0.04741270376046338,0.16379869865183286,0.31681195940004714,0.32543351058277115,0.13879669732785577,0.0,0.42857142857142855
4.636970519022212E-4,0.007282733225126874,0.047412703760463276,0.1637986986518325,0.31681195940004614,0.3254335105827704,0.13879669732785546,0.0,0.6031746031746031
4.6369705190222254E-4,0.007282733225126896,0.04741270376046342,0.163798698651833,0.3168119594000469,0.3254335105827715,0.13879669732785588,0.0,0.36507936507936506
4.636970519022215E-4,0.00728273322512688,0.04741270376046332,0.16379869865183252,0.31681195940004653,0.3254335105827707,0.13879669732785557,0.0,0.5396825396825397
4.6369705190222183E-4,0.007282733225126885,0.047412703760463346,0.16379869865183266,0.31681195940004664,0.32543351058277087,0.13879669732785566,0.0,0.49206349206349204
4.6369705190222216E-4,0.00728273322512689,0.04741270376046338,0.16379869865183275,0.316811959400047,0.3254335105827712,0.13879669732785577,0.0,0.42857142857142855
4.636970519022221E-4,0.007282733225126889,0.04741270376046337,0.16379869865183272,0.31681195940004736,0.32543351058277115,0.13879669732785574,0.0,0.4444444444444444
4.6369705190222265E-4,0.007282733225126898,0.04741270376046343,0.163798698651833,0.3168119594000475,0.3254335105827715,0.1387966973278559,0.0,0.3492063492063492
4.636970519022221E-4,0.007282733225126889,0.04741270376046337,0.16379869865183272,0.31681195940004747,0.32543351058277115,0.13879669732785574,0.0,0.4444444444444444
4.636970519022221E-4,0.007282733225126889,0.04741270376046337,0.1637986986518328,0.31681195940004714,0.32543351058277115,0.13879669732785574,0.0,0.4444444444444444
4.636970519022231E-4,0.0072827332251269045,0.04741270376046348,0.16379869865183316,0.3168119594000476,0.3254335105827718,0.13879669732785604,0.0,0.2698412698412698
4.6369705190222324E-4,0.007282733225126907,0.04741270376046349,0.1637986986518332,0.31681195940004775,0.3254335105827719,0.1387966973278561,0.0,0.23809523809523808
4.6369705190222053E-4,0.007282733225126865,0.047412703760463214,0.16379869865183222,0.3168119594000457,0.32543351058277,0.13879669732785527,0.0,0.7142857142857143
4.6369705190222064E-4,0.0072827332251268655,0.04741270376046322,0.16379869865183228,0.3168119594000458,0.32543351058277004,0.1387966973278553,0.0,0.6984126984126984
4.636970519022219E-4,0.0072827332251268855,0.04741270376046335,0.16379869865183272,0.3168119594000466,0.325433510582771,0.13879669732785568,0.0,0.47619047619047616
4.6369705190222026E-4,0.00728273322512686,0.047412703760463186,0.1637986986518321,0.31681195940004586,0.3254335105827698,0.1387966973278552,0.0,0.7619047619047619
4.6369705190222183E-4,0.007282733225126885,0.047412703760463346,0.16379869865183275,0.3168119594000469,0.32543351058277087,0.13879669732785566,0.0,0.49206349206349204
4.636970519022208E-4,0.007282733225126869,0.04741270376046324,0.16379869865183233,0.31681195940004636,0.32543351058277026,0.13879669732785535,0.0,0.6666666666666666
4.636970519022221E-4,0.007282733225126889,0.04741270376046337,0.1637986986518328,0.31681195940004714,0.3254335105827711,0.13879669732785574,0.0,0.4444444444444444
4.6369705190222183E-4,0.007282733225126885,0.047412703760463346,0.16379869865183275,0.3168119594000467,0.32543351058277087,0.13879669732785566,0.0,0.49206349206349204
4.636970519022227E-4,0.0072827332251268985,0.047412703760463436,0.16379869865183308,0.3168119594000472,0.32543351058277153,0.13879669732785593,0.0,0.3333333333333333
4.6369705190222124E-4,0.007282733225126876,0.04741270376046329,0.16379869865183252,0.31681195940004614,0.32543351058277054,0.1387966973278555,0.0,0.5873015873015873
4.6369705190222015E-4,0.0072827332251268586,0.04741270376046318,0.16379869865183216,0.3168119594000454,0.32543351058276976,0.13879669732785518,0.0,0.7777777777777778
4.6369705190222183E-4,0.007282733225126885,0.047412703760463346,0.1637986986518327,0.31681195940004653,0.32543351058277087,0.13879669732785566,0.0,0.49206349206349204
4.636970519022204E-4,0.007282733225126863,0.04741270376046321,0.1637986986518322,0.3168119594000459,0.3254335105827699,0.13879669732785524,0.0,0.7301587301587301
4.636970519022212E-4,0.007282733225126874,0.047412703760463276,0.16379869865183252,0.31681195940004625,0.3254335105827704,0.13879669732785546,0.0,0.6031746031746031
4.636970519022208E-4,0.007282733225126869,0.04741270376046324,0.16379869865183233,0.3168119594000463,0.3254335105827702,0.13879669732785535,0.0,0.6666666666666666
4.636970519022219E-4,0.0072827332251268855,0.04741270376046335,0.16379869865183277,0.316811959400047,0.325433510582771,0.13879669732785568,0.0,0.47619047619047616
4.636970519022207E-4,0.007282733225126867,0.047412703760463235,0.16379869865183236,0.3168119594000458,0.32543351058277015,0.13879669732785532,0.0,0.6825396825396826
4.6369705190222183E-4,0.007282733225126885,0.047412703760463346,0.16379869865183272,0.3168119594000464,0.3254335105827709,0.13879669732785566,0.0,0.49206349206349204
4.636970519022208E-4,0.007282733225126869,0.04741270376046324,0.1637986986518323,0.3168119594000459,0.3254335105827702,0.13879669732785535,0.0,0.6666666666666666
4.6369705190222097E-4,0.007282733225126872,0.04741270376046326,0.16379869865183241,0.316811959400046,0.3254335105827703,0.1387966973278554,0.0,0.6349206349206349
4.636970519022217E-4,0.007282733225126883,0.04741270376046334,0.16379869865183264,0.3168119594000466,0.3254335105827708,0.13879669732785563,0.0,0.5079365079365079
4.6369705190222146E-4,0.0072827332251268785,0.047412703760463304,0.1637986986518325,0.31681195940004686,0.3254335105827707,0.13879669732785554,0.0,0.5555555555555556
4.63697051902222E-4,0.007282733225126887,0.047412703760463366,0.16379869865183277,0.31681195940004714,0.32543351058277104,0.1387966973278557,0.0,0.4603174603174603
4.636970519022219E-4,0.0072827332251268855,0.04741270376046335,0.16379869865183266,0.31681195940004725,0.325433510582771,0.13879669732785568,0.0,0.47619047619047616
4.636970519022219E-4,0.0072827332251268855,0.04741270376046335,0.16379869865183275,0.316811959400047,0.325433510582771,0.13879669732785568,0.0,0.47619047619047616
4.636970519022229E-4,0.007282733225126902,0.04741270376046346,0.16379869865183314,0.31681195940004736,0.32543351058277165,0.138796697327856,0.0,0.30158730158730157
4.636970519022228E-4,0.0072827332251269,0.04741270376046345,0.16379869865183308,0.3168119594000473,0.3254335105827716,0.13879669732785596,0.0,0.31746031746031744
4.6369705190222E-4,0.007282733225126856,0.04741270376046316,0.16379869865183203,0.31681195940004525,0.3254335105827696,0.13879669732785513,0.0,0.8095238095238095
4.6369705190222026E-4,0.00728273322512686,0.047412703760463186,0.16379869865183216,0.31681195940004536,0.3254335105827698,0.1387966973278552,0.0,0.7619047619047619
4.636970519022217E-4,0.007282733225126883,0.04741270376046334,0.16379869865183266,0.3168119594000462,0.3254335105827708,0.13879669732785563,0.0,0.5079365079365079
4.6369705190222037E-4,0.007282733225126861,0.04741270376046319,0.16379869865183214,0.3168119594000459,0.3254335105827699,0.1387966973278552,0.0,0.746031746031746
4.6369705190222097E-4,0.007282733225126872,0.04741270376046326,0.16379869865183244,0.31681195940004636,0.3254335105827703,0.1387966973278554,0.0,0.6349206349206349
4.636970519022211E-4,0.007282733225126873,0.04741270376046327,0.16379869865183241,0.3168119594000464,0.3254335105827704,0.13879669732785543,0.0,0.6190476190476191
4.636970519022219E-4,0.0072827332251268855,0.04741270376046335,0.16379869865183277,0.316811959400047,0.325433510582771,0.13879669732785568,0.0,0.47619047619047616
4.636970519022219E-4,0.0072827332251268855,0.04741270376046335,0.16379869865183277,0.3168119594000466,0.325433510582771,0.13879669732785568,0.0,0.47619047619047616
4.6369705190222265E-4,0.007282733225126898,0.04741270376046343,0.16379869865183302,0.31681195940004697,0.3254335105827715,0.1387966973278559,0.0,0.3492063492063492
4.636970519022215E-4,0.0072827332251268785,0.047412703760463346,0.16379869865183266,0.3168119594000461,0.3254335105827707,0.13879669732785557,0.0,0.5396825396825397
4.636970519022196E-4,0.007282733225126848,0.04741270376046315,0.16379869865183197,0.3168119594000448,0.32543351058276937,0.13879669732785502,0.0,0.873015873015873
4.636970519022224E-4,0.0072827332251268915,0.04741270376046343,0.1637986986518329,0.316811959400047,0.3254335105827713,0.13879669732785582,0.0,0.3968253968253968
4.6369705190222064E-4,0.007282733225126865,0.047412703760463255,0.1637986986518323,0.316811959400046,0.3254335105827701,0.1387966973278553,0.0,0.6984126984126984
4.636970519022219E-4,0.007282733225126885,0.04741270376046339,0.16379869865183277,0.31681195940004625,0.325433510582771,0.13879669732785568,0.0,0.47619047619047616
4.6369705190222064E-4,0.007282733225126865,0.047412703760463255,0.16379869865183228,0.31681195940004614,0.32543351058277004,0.1387966973278553,0.0,0.6984126984126984
4.636970519022228E-4,0.0072827332251268985,0.04741270376046348,0.16379869865183314,0.3168119594000475,0.32543351058277165,0.13879669732785596,0.0,0.31746031746031744
4.6369705190222135E-4,0.007282733225126876,0.04741270376046333,0.1637986986518326,0.316811959400046,0.3254335105827706,0.13879669732785552,0.0,0.5714285714285714
4.6369705190222124E-4,0.007282733225126874,0.04741270376046332,0.16379869865183252,0.31681195940004586,0.32543351058277054,0.1387966973278555,0.0,0.5873015873015873
4.636970519022215E-4,0.0072827332251268785,0.04741270376046335,0.16379869865183258,0.31681195940004653,0.32543351058277076,0.13879669732785557,0.0,0.5396825396825397
4.636970519022216E-4,0.00728273322512688,0.04741270376046336,0.1637986986518326,0.3168119594000465,0.32543351058277076,0.1387966973278556,0.0,0.5238095238095238
4.6369705190222417E-4,0.00728273322512692,0.04741270376046362,0.16379869865183344,0.31681195940004886,0.3254335105827726,0.13879669732785638,0.0,0.07936507936507936
4.636970519022211E-4,0.007282733225126872,0.047412703760463304,0.16379869865183241,0.3168119594000468,0.3254335105827704,0.13879669732785543,0.0,0.6190476190476191
4.63697051902223E-4,0.007282733225126901,0.047412703760463505,0.16379869865183314,0.31681195940004786,0.3254335105827717,0.13879669732785602,0.0,0.2857142857142857
4.636970519022217E-4,0.007282733225126881,0.04741270376046337,0.1637986986518326,0.31681195940004747,0.3254335105827708,0.13879669732785563,0.0,0.5079365079365079
4.6369705190222183E-4,0.007282733225126883,0.04741270376046338,0.16379869865183272,0.31681195940004714,0.3254335105827709,0.13879669732785566,0.0,0.49206349206349204
4.636970519022232E-4,0.0072827332251269045,0.04741270376046352,0.16379869865183325,0.3168119594000475,0.32543351058277187,0.13879669732785607,0.0,0.25396825396825395
4.636970519022238E-4,0.007282733225126914,0.04741270376046359,0.1637986986518334,0.3168119594000479,0.3254335105827723,0.13879669732785627,0.0,0.14285714285714285
4.6369705190222146E-4,0.007282733225126877,0.047412703760463346,0.1637986986518326,0.31681195940004625,0.32543351058277065,0.13879669732785554,0.0,0.5555555555555556
4.636970519022215E-4,0.0072827332251268785,0.04741270376046335,0.16379869865183266,0.3168119594000462,0.3254335105827707,0.13879669732785557,0.0,0.5396825396825397
4.636970519022235E-4,0.00728273322512691,0.04741270376046356,0.16379869865183336,0.3168119594000475,0.3254335105827721,0.13879669732785618,0.0,0.19047619047619047
4.6369705190221896E-4,0.007282733225126839,0.047412703760463096,0.1637986986518317,0.31681195940004514,0.325433510582769,0.13879669732785482,0.0,0.9841269841269841
4.6369705190222135E-4,0.007282733225126876,0.04741270376046333,0.1637986986518326,0.3168119594000464,0.3254335105827706,0.13879669732785552,0.0,0.5714285714285714
4.636970519022204E-4,0.007282733225126861,0.04741270376046324,0.16379869865183222,0.3168119594000459,0.3254335105827699,0.13879669732785524,0.0,0.7301587301587301
4.636970519022217E-4,0.007282733225126881,0.04741270376046337,0.16379869865183272,0.3168119594000469,0.32543351058277087,0.13879669732785563,0.0,0.5079365079365079
4.6369705190222183E-4,0.007282733225126883,0.04741270376046338,0.1637986986518328,0.3168119594000465,0.32543351058277087,0.13879669732785566,0.0,0.49206349206349204
4.6369705190222346E-4,0.007282733225126909,0.04741270376046355,0.16379869865183336,0.31681195940004747,0.32543351058277203,0.13879669732785616,0.0,0.20634920634920634
4.636970519022221E-4,0.007282733225126887,0.047412703760463394,0.16379869865183289,0.3168119594000469,0.3254335105827711,0.13879669732785574,0.0,0.4444444444444444
4.636970519022201E-4,0.007282733225126856,0.04741270376046319,0.1637986986518321,0.31681195940004525,0.3254335105827697,0.13879669732785516,0.0,0.7936507936507936
4.63697051902222E-4,0.0072827332251268855,0.04741270376046339,0.16379869865183277,0.316811959400047,0.3254335105827711,0.1387966973278557,0.0,0.4603174603174603
4.636970519022211E-4,0.007282733225126872,0.0474127037604633,0.16379869865183247,0.31681195940004636,0.32543351058277037,0.13879669732785543,0.0,0.6190476190476191
4.6369705190222216E-4,0.007282733225126889,0.04741270376046341,0.1637986986518329,0.3168119594000465,0.32543351058277115,0.13879669732785577,0.0,0.42857142857142855
4.6369705190222135E-4,0.007282733225126876,0.047412703760463325,0.16379869865183252,0.31681195940004653,0.32543351058277065,0.13879669732785552,0.0,0.5714285714285714
4.636970519022229E-4,0.0072827332251269,0.04741270376046348,0.16379869865183316,0.31681195940004797,0.3254335105827717,0.138796697327856,0.0,0.30158730158730157
4.636970519022215E-4,0.0072827332251268785,0.04741270376046334,0.1637986986518327,0.31681195940004614,0.3254335105827707,0.13879669732785557,0.0,0.5396825396825397
4.636970519022211E-4,0.007282733225126872,0.0474127037604633,0.1637986986518325,0.316811959400046,0.32543351058277037,0.13879669732785543,0.0,0.6190476190476191
4.636970519022211E-4,0.007282733225126872,0.0474127037604633,0.16379869865183241,0.31681195940004653,0.3254335105827704,0.13879669732785543,0.0,0.6190476190476191
4.6369705190222146E-4,0.007282733225126877,0.04741270376046333,0.16379869865183255,0.31681195940004636,0.32543351058277065,0.13879669732785554,0.0,0.5555555555555556
4.6369705190222373E-4,0.007282733225126913,0.04741270376046357,0.16379869865183327,0.3168119594000485,0.32543351058277226,0.13879669732785624,0.0,0.15873015873015872
4.6369705190222064E-4,0.007282733225126865,0.04741270376046325,0.16379869865183228,0.31681195940004653,0.3254335105827701,0.1387966973278553,0.0,0.6984126984126984
4.63697051902223E-4,0.007282733225126901,0.04741270376046349,0.1637986986518331,0.3168119594000478,0.3254335105827717,0.13879669732785602,0.0,0.2857142857142857
4.6369705190222146E-4,0.007282733225126877,0.04741270376046333,0.16379869865183252,0.3168119594000472,0.32543351058277065,0.13879669732785554,0.0,0.5555555555555556
4.63697051902222E-4,0.0072827332251268855,0.04741270376046339,0.16379869865183283,0.3168119594000474,0.3254335105827711,0.1387966973278557,0.0,0.4603174603174603
4.636970519022231E-4,0.007282733225126903,0.0474127037604635,0.16379869865183322,0.3168119594000475,0.3254335105827718,0.13879669732785604,0.0,0.2698412698412698
4.636970519022229E-4,0.0072827332251269,0.04741270376046348,0.16379869865183308,0.3168119594000474,0.32543351058277165,0.138796697327856,0.0,0.30158730158730157
4.6369705190222097E-4,0.00728273322512687,0.04741270376046328,0.16379869865183247,0.3168119594000463,0.3254335105827703,0.1387966973278554,0.0,0.6349206349206349
4.636970519022216E-4,0.00728273322512688,0.04741270376046335,0.1637986986518327,0.3168119594000464,0.32543351058277076,0.1387966973278556,0.0,0.5238095238095238
4.63697051902223E-4,0.007282733225126901,0.04741270376046349,0.16379869865183316,0.31681195940004764,0.32543351058277176,0.13879669732785602,0.0,0.2857142857142857
4.6369705190221934E-4,0.007282733225126844,0.04741270376046312,0.16379869865183183,0.3168119594000453,0.3254335105827692,0.13879669732785493,0.0,0.9206349206349206
4.6369705190222124E-4,0.007282733225126874,0.04741270376046331,0.16379869865183258,0.3168119594000462,0.32543351058277054,0.1387966973278555,0.0,0.5873015873015873
4.6369705190222E-4,0.007282733225126854,0.047412703760463186,0.16379869865183208,0.3168119594000456,0.3254335105827696,0.13879669732785513,0.0,0.8095238095238095
4.636970519022217E-4,0.007282733225126881,0.04741270376046336,0.16379869865183275,0.3168119594000472,0.32543351058277087,0.13879669732785563,0.0,0.5079365079365079
4.636970519022221E-4,0.007282733225126887,0.047412703760463394,0.1637986986518329,0.31681195940004675,0.3254335105827711,0.13879669732785574,0.0,0.4444444444444444
4.6369705190222254E-4,0.007282733225126894,0.04741270376046344,0.16379869865183308,0.31681195940004697,0.3254335105827714,0.13879669732785588,0.0,0.36507936507936506
4.6369705190222254E-4,0.007282733225126894,0.04741270376046344,0.16379869865183302,0.3168119594000471,0.3254335105827714,0.13879669732785588,0.0,0.36507936507936506
4.6369705190222064E-4,0.007282733225126865,0.04741270376046325,0.1637986986518323,0.31681195940004575,0.32543351058277004,0.1387966973278553,0.0,0.6984126984126984
4.6369705190222324E-4,0.007282733225126905,0.04741270376046352,0.1637986986518332,0.31681195940004786,0.325433510582772,0.1387966973278561,0.0,0.23809523809523808
4.6369705190222124E-4,0.007282733225126874,0.04741270376046331,0.16379869865183255,0.3168119594000465,0.32543351058277054,0.1387966973278555,0.0,0.5873015873015873
4.63697051902222E-4,0.0072827332251268855,0.04741270376046339,0.16379869865183286,0.3168119594000466,0.32543351058277104,0.1387966973278557,0.0,0.4603174603174603
4.6369705190222183E-4,0.007282733225126883,0.047412703760463366,0.16379869865183272,0.316811959400047,0.3254335105827709,0.13879669732785566,0.0,0.49206349206349204
4.63697051902223E-4,0.007282733225126901,0.04741270376046349,0.1637986986518332,0.3168119594000479,0.32543351058277176,0.13879669732785602,0.0,0.2857142857142857
4.6369705190222183E-4,0.007282733225126883,0.047412703760463366,0.16379869865183275,0.3168119594000466,0.32543351058277087,0.13879669732785566,0.0,0.49206349206349204
4.6369705190222254E-4,0.007282733225126894,0.04741270376046344,0.16379869865183302,0.31681195940004697,0.3254335105827714,0.13879669732785588,0.0,0.36507936507936506
4.6369705190222124E-4,0.007282733225126874,0.04741270376046331,0.16379869865183244,0.31681195940004664,0.32543351058277054,0.1387966973278555,0.0,0.5873015873015873
4.636970519022215E-4,0.0072827332251268785,0.04741270376046334,0.16379869865183255,0.31681195940004653,0.3254335105827707,0.13879669732785557,0.0,0.5396825396825397
4.636970519022239E-4,0.007282733225126916,0.04741270376046358,0.16379869865183336,0.3168119594000487,0.3254335105827724,0.1387966973278563,0.0,0.12698412698412698
4.6369705190222135E-4,0.007282733225126876,0.047412703760463325,0.1637986986518325,0.3168119594000471,0.32543351058277065,0.13879669732785552,0.0,0.5714285714285714
4.636970519022232E-4,0.0072827332251269045,0.04741270376046351,0.1637986986518332,0.31681195940004797,0.32543351058277187,0.13879669732785607,0.0,0.25396825396825395
4.63697051902222E-4,0.0072827332251268855,0.04741270376046339,0.1637986986518327,0.31681195940004786,0.32543351058277104,0.1387966973278557,0.0,0.4603174603174603
4.6369705190222227E-4,0.00728273322512689,0.047412703760463415,0.16379869865183289,0.3168119594000476,0.32543351058277126,0.1387966973278558,0.0,0.4126984126984127
4.636970519022236E-4,0.0072827332251269115,0.047412703760463554,0.16379869865183336,0.316811959400048,0.32543351058277215,0.1387966973278562,0.0,0.1746031746031746
4.636970519022232E-4,0.0072827332251269045,0.04741270376046351,0.1637986986518332,0.31681195940004775,0.32543351058277187,0.13879669732785607,0.0,0.25396825396825395
4.636970519022211E-4,0.007282733225126872,0.0474127037604633,0.16379869865183247,0.3168119594000463,0.32543351058277037,0.13879669732785543,0.0,0.6190476190476191
4.6369705190222183E-4,0.007282733225126883,0.047412703760463366,0.16379869865183272,0.3168119594000467,0.32543351058277087,0.13879669732785566,0.0,0.49206349206349204
4.636970519022235E-4,0.00728273322512691,0.04741270376046355,0.16379869865183333,0.316811959400048,0.32543351058277215,0.13879669732785618,0.0,0.19047619047619047
4.636970519022196E-4,0.007282733225126848,0.047412703760463144,0.16379869865183197,0.3168119594000455,0.3254335105827694,0.13879669732785502,0.0,0.873015873015873
4.636970519022217E-4,0.007282733225126881,0.04741270376046336,0.16379869865183272,0.3168119594000468,0.3254335105827708,0.13879669732785563,0.0,0.5079365079365079
4.6369705190222E-4,0.007282733225126854,0.047412703760463186,0.16379869865183208,0.31681195940004586,0.3254335105827696,0.13879669732785513,0.0,0.8095238095238095
4.636970519022219E-4,0.007282733225126885,0.04741270376046338,0.1637986986518328,0.31681195940004736,0.325433510582771,0.13879669732785568,0.0,0.47619047619047616
4.636970519022224E-4,0.0072827332251268915,0.04741270376046342,0.163798698651833,0.31681195940004714,0.32543351058277126,0.13879669732785582,0.0,0.3968253968253968
4.636970519022229E-4,0.0072827332251269,0.04741270376046348,0.16379869865183316,0.31681195940004747,0.32543351058277165,0.138796697327856,0.0,0.30158730158730157
4.6369705190222216E-4,0.007282733225126889,0.04741270376046341,0.1637986986518329,0.3168119594000468,0.32543351058277115,0.13879669732785577,0.0,0.42857142857142855
4.636970519022201E-4,0.007282733225126856,0.04741270376046319,0.16379869865183214,0.31681195940004525,0.3254335105827697,0.13879669732785516,0.0,0.7936507936507936
4.636970519022228E-4,0.0072827332251268985,0.04741270376046347,0.16379869865183308,0.31681195940004747,0.32543351058277165,0.13879669732785596,0.0,0.31746031746031744
4.636970519022204E-4,0.007282733225126861,0.04741270376046323,0.16379869865183225,0.3168119594000458,0.32543351058277,0.13879669732785524,0.0,0.7301587301587301
4.636970519022217E-4,0.007282733225126881,0.04741270376046336,0.16379869865183272,0.31681195940004653,0.3254335105827708,0.13879669732785563,0.0,0.5079365079365079
4.636970519022212E-4,0.0072827332251268724,0.047412703760463304,0.16379869865183247,0.31681195940004653,0.3254335105827705,0.13879669732785546,0.0,0.6031746031746031
4.636970519022228E-4,0.0072827332251268985,0.04741270376046347,0.16379869865183314,0.31681195940004764,0.32543351058277165,0.13879669732785596,0.0,0.31746031746031744
4.636970519022217E-4,0.007282733225126881,0.04741270376046336,0.16379869865183275,0.3168119594000465,0.3254335105827708,0.13879669732785563,0.0,0.5079365079365079
4.6369705190222183E-4,0.007282733225126883,0.047412703760463366,0.16379869865183275,0.3168119594000465,0.32543351058277087,0.13879669732785566,0.0,0.49206349206349204
4.636970519022211E-4,0.007282733225126872,0.0474127037604633,0.16379869865183241,0.3168119594000464,0.3254335105827704,0.13879669732785543,0.0,0.6190476190476191
4.636970519022217E-4,0.007282733225126881,0.04741270376046336,0.16379869865183266,0.31681195940004664,0.3254335105827708,0.13879669732785563,0.0,0.5079365079365079
4.636970519022235E-4,0.00728273322512691,0.04741270376046355,0.1637986986518333,0.3168119594000483,0.32543351058277215,0.13879669732785618,0.0,0.19047619047619047
4.636970519022212E-4,0.0072827332251268724,0.047412703760463304,0.16379869865183247,0.3168119594000467,0.3254335105827705,0.13879669732785546,0.0,0.6031746031746031
4.6369705190222254E-4,0.007282733225126894,0.04741270376046344,0.16379869865183297,0.31681195940004764,0.3254335105827714,0.13879669732785588,0.0,0.36507936507936506
4.636970519022219E-4,0.007282733225126885,0.04741270376046338,0.16379869865183266,0.31681195940004747,0.325433510582771,0.13879669732785568,0.0,0.47619047619047616
4.636970519022219E-4,0.007282733225126885,0.04741270376046338,0.16379869865183277,0.31681195940004725,0.325433510582771,0.13879669732785568,0.0,0.47619047619047616
4.636970519022236E-4,0.0072827332251269115,0.047412703760463554,0.1637986986518334,0.31681195940004797,0.32543351058277215,0.1387966973278562,0.0,0.1746031746031746
4.636970519022228E-4,0.0072827332251268985,0.04741270376046347,0.16379869865183308,0.3168119594000474,0.3254335105827716,0.13879669732785596,0.0,0.31746031746031744
4.636970519022207E-4,0.0072827332251268655,0.047412703760463255,0.16379869865183236,0.3168119594000459,0.32543351058277015,0.13879669732785532,0.0,0.6825396825396826
4.6369705190222183E-4,0.007282733225126883,0.047412703760463366,0.16379869865183275,0.31681195940004653,0.32543351058277087,0.13879669732785566,0.0,0.49206349206349204
4.636970519022232E-4,0.0072827332251269045,0.04741270376046351,0.16379869865183325,0.3168119594000476,0.32543351058277187,0.13879669732785607,0.0,0.25396825396825395
4.6369705190221945E-4,0.0072827332251268456,0.047412703760463124,0.16379869865183186,0.3168119594000453,0.32543351058276926,0.13879669732785496,0.0,0.9047619047619048
4.6369705190222097E-4,0.00728273322512687,0.04741270376046328,0.16379869865183247,0.31681195940004636,0.3254335105827703,0.1387966973278554,0.0,0.6349206349206349
4.6369705190222053E-4,0.007282733225126863,0.04741270376046324,0.16379869865183225,0.31681195940004614,0.32543351058277,0.13879669732785527,0.0,0.7142857142857143
4.636970519022215E-4,0.0072827332251268785,0.04741270376046334,0.1637986986518327,0.31681195940004686,0.32543351058277076,0.13879669732785557,0.0,0.5396825396825397
4.636970519022224E-4,0.0072827332251268915,0.04741270376046342,0.16379869865183297,0.3168119594000471,0.32543351058277126,0.13879669732785582,0.0,0.3968253968253968
4.6369705190222265E-4,0.007282733225126896,0.04741270376046345,0.16379869865183308,0.3168119594000471,0.3254335105827715,0.1387966973278559,0.0,0.3492063492063492
4.636970519022219E-4,0.007282733225126885,0.04741270376046338,0.16379869865183277,0.31681195940004653,0.325433510582771,0.13879669732785568,0.0,0.47619047619047616
4.6369705190222015E-4,0.007282733225126857,0.0474127037604632,0.16379869865183216,0.3168119594000453,0.32543351058276976,0.13879669732785518,0.0,0.7777777777777778
4.63697051902222E-4,0.0072827332251268855,0.04741270376046339,0.1637986986518328,0.3168119594000467,0.32543351058277104,0.1387966973278557,0.0,0.4603174603174603
4.6369705190222053E-4,0.007282733225126863,0.04741270376046324,0.16379869865183222,0.3168119594000461,0.32543351058277004,0.13879669732785527,0.0,0.7142857142857143
4.6369705190222227E-4,0.00728273322512689,0.047412703760463415,0.16379869865183289,0.31681195940004686,0.3254335105827712,0.1387966973278558,0.0,0.4126984126984127
4.6369705190222037E-4,0.00728273322512686,0.04741270376046322,0.16379869865183214,0.3168119594000459,0.32543351058276987,0.1387966973278552,0.0,0.746031746031746
4.636970519022227E-4,0.007282733225126898,0.047412703760463464,0.16379869865183302,0.3168119594000476,0.3254335105827716,0.13879669732785593,0.0,0.3333333333333333
4.636970519022208E-4,0.007282733225126867,0.04741270376046327,0.1637986986518324,0.31681195940004575,0.3254335105827702,0.13879669732785535,0.0,0.6666666666666666
4.636970519022219E-4,0.007282733225126885,0.04741270376046338,0.16379869865183275,0.31681195940004636,0.325433510582771,0.13879669732785568,0.0,0.47619047619047616
4.636970519022207E-4,0.0072827332251268655,0.047412703760463255,0.16379869865183225,0.31681195940004586,0.32543351058277015,0.13879669732785532,0.0,0.6825396825396826
4.6369705190222124E-4,0.007282733225126874,0.04741270376046331,0.16379869865183252,0.3168119594000462,0.32543351058277054,0.1387966973278555,0.0,0.5873015873015873
4.636970519022224E-4,0.0072827332251268915,0.04741270376046342,0.16379869865183283,0.31681195940004714,0.32543351058277126,0.13879669732785582,0.0,0.3968253968253968
4.636970519022219E-4,0.007282733225126885,0.04741270376046338,0.16379869865183266,0.3168119594000474,0.325433510582771,0.13879669732785568,0.0,0.47619047619047616
4.636970519022232E-4,0.0072827332251269045,0.04741270376046351,0.16379869865183314,0.3168119594000479,0.32543351058277187,0.13879669732785607,0.0,0.25396825396825395
4.6369705190222227E-4,0.00728273322512689,0.047412703760463415,0.16379869865183277,0.3168119594000477,0.3254335105827712,0.1387966973278558,0.0,0.4126984126984127
4.6369705190222254E-4,0.007282733225126894,0.04741270376046344,0.16379869865183297,0.31681195940004764,0.3254335105827715,0.13879669732785588,0.0,0.36507936507936506
4.636970519022232E-4,0.0072827332251269045,0.04741270376046351,0.16379869865183322,0.3168119594000475,0.32543351058277187,0.13879669732785607,0.0,0.25396825396825395
4.636970519022239E-4,0.007282733225126916,0.04741270376046358,0.1637986986518334,0.31681195940004797,0.32543351058277237,0.1387966973278563,0.0,0.12698412698412698
4.636970519022204E-4,0.007282733225126861,0.04741270376046323,0.16379869865183222,0.3168119594000455,0.3254335105827699,0.13879669732785524,0.0,0.7301587301587301
4.6369705190222053E-4,0.007282733225126863,0.04741270376046324,0.16379869865183228,0.3168119594000455,0.32543351058277,0.13879669732785527,0.0,0.7142857142857143
4.6369705190222227E-4,0.00728273322512689,0.047412703760463415,0.1637986986518329,0.3168119594000464,0.3254335105827712,0.1387966973278558,0.0,0.4126984126984127
4.6369705190222064E-4,0.007282733225126865,0.04741270376046325,0.16379869865183222,0.3168119594000463,0.3254335105827701,0.1387966973278553,0.0,0.6984126984126984
4.636970519022219E-4,0.007282733225126885,0.04741270376046338,0.16379869865183275,0.3168119594000469,0.325433510582771,0.13879669732785568,0.0,0.47619047619047616
4.6369705190222135E-4,0.007282733225126876,0.047412703760463325,0.16379869865183255,0.3168119594000464,0.3254335105827706,0.13879669732785552,0.0,0.5714285714285714
4.6369705190222265E-4,0.007282733225126896,0.04741270376046345,0.16379869865183297,0.31681195940004747,0.3254335105827715,0.1387966973278559,0.0,0.3492063492063492
4.6369705190222227E-4,0.00728273322512689,0.047412703760463415,0.16379869865183289,0.3168119594000468,0.3254335105827712,0.1387966973278558,0.0,0.4126984126984127
4.636970519022236E-4,0.0072827332251269115,0.047412703760463554,0.16379869865183339,0.31681195940004747,0.32543351058277215,0.1387966973278562,0.0,0.1746031746031746
4.636970519022217E-4,0.007282733225126883,0.04741270376046334,0.16379869865183266,0.3168119594000466,0.3254335105827708,0.13879669732785563,0.0,0.5079365079365079
4.636970519022204E-4,0.007282733225126863,0.04741270376046321,0.16379869865183225,0.3168119594000456,0.3254335105827699,0.13879669732785524,0.0,0.7301587301587301
4.6369705190222183E-4,0.007282733225126885,0.047412703760463346,0.16379869865183272,0.31681195940004664,0.32543351058277087,0.13879669732785566,0.0,0.49206349206349204
4.636970519022204E-4,0.007282733225126863,0.04741270376046321,0.1637986986518322,0.31681195940004603,0.3254335105827699,0.13879669732785524,0.0,0.7301587301587301
4.6369705190222227E-4,0.0072827332251268915,0.047412703760463394,0.16379869865183289,0.31681195940004675,0.3254335105827712,0.1387966973278558,0.0,0.4126984126984127
4.6369705190222064E-4,0.0072827332251268655,0.04741270376046322,0.16379869865183228,0.3168119594000461,0.32543351058277004,0.1387966973278553,0.0,0.6984126984126984
4.636970519022219E-4,0.0072827332251268855,0.04741270376046335,0.16379869865183275,0.3168119594000471,0.325433510582771,0.13879669732785568,0.0,0.47619047619047616
4.6369705190222097E-4,0.007282733225126872,0.04741270376046326,0.16379869865183244,0.3168119594000459,0.3254335105827703,0.1387966973278554,0.0,0.6349206349206349
4.6369705190222146E-4,0.0072827332251268785,0.047412703760463304,0.1637986986518326,0.31681195940004614,0.3254335105827707,0.13879669732785554,0.0,0.5555555555555556
4.6369705190222135E-4,0.007282733225126878,0.0474127037604633,0.1637986986518325,0.3168119594000463,0.32543351058277065,0.13879669732785552,0.0,0.5714285714285714
4.6369705190222146E-4,0.0072827332251268785,0.047412703760463304,0.16379869865183255,0.31681195940004636,0.3254335105827707,0.13879669732785554,0.0,0.5555555555555556
4.636970519022217E-4,0.007282733225126883,0.04741270376046334,0.1637986986518326,0.3168119594000467,0.32543351058277087,0.13879669732785563,0.0,0.5079365079365079
4.636970519022219E-4,0.0072827332251268855,0.04741270376046335,0.16379869865183266,0.3168119594000474,0.325433510582771,0.13879669732785568,0.0,0.47619047619047616
4.636970519022232E-4,0.007282733225126906,0.047412703760463484,0.16379869865183314,0.31681195940004775,0.32543351058277187,0.13879669732785607,0.0,0.25396825396825395
4.636970519022217E-4,0.007282733225126883,0.04741270376046334,0.1637986986518326,0.3168119594000471,0.32543351058277087,0.13879669732785563,0.0,0.5079365079365079
4.63697051902222E-4,0.007282733225126887,0.047412703760463366,0.16379869865183275,0.31681195940004725,0.3254335105827711,0.1387966973278557,0.0,0.4603174603174603
4.636970519022228E-4,0.0072827332251269,0.04741270376046345,0.1637986986518331,0.3168119594000473,0.3254335105827716,0.13879669732785596,0.0,0.31746031746031744
4.6369705190222265E-4,0.007282733225126898,0.04741270376046343,0.163798698651833,0.31681195940004714,0.3254335105827715,0.1387966973278559,0.0,0.3492063492063492
4.6369705190222026E-4,0.00728273322512686,0.047412703760463186,0.16379869865183214,0.3168119594000456,0.3254335105827698,0.1387966973278552,0.0,0.7619047619047619
4.636970519022204E-4,0.007282733225126863,0.04741270376046321,0.16379869865183225,0.3168119594000456,0.3254335105827699,0.13879669732785524,0.0,0.7301587301587301
4.636970519022217E-4,0.007282733225126883,0.04741270376046334,0.1637986986518327,0.31681195940004636,0.3254335105827708,0.13879669732785563,0.0,0.5079365079365079
4.6369705190222015E-4,0.0072827332251268586,0.04741270376046318,0.1637986986518321,0.3168119594000458,0.3254335105827698,0.13879669732785518,0.0,0.7777777777777778
4.636970519022215E-4,0.00728273322512688,0.04741270376046332,0.16379869865183264,0.31681195940004653,0.3254335105827707,0.13879669732785557,0.0,0.5396825396825397
4.6369705190222124E-4,0.007282733225126876,0.04741270376046329,0.16379869865183252,0.3168119594000464,0.32543351058277054,0.1387966973278555,0.0,0.5873015873015873
4.63697051902222E-4,0.007282733225126887,0.047412703760463366,0.16379869865183275,0.3168119594000472,0.32543351058277104,0.1387966973278557,0.0,0.4603174603174603
4.6369705190222243E-4,0.007282733225126894,0.04741270376046341,0.16379869865183297,0.3168119594000469,0.3254335105827713,0.13879669732785585,0.0,0.38095238095238093
4.6369705190222254E-4,0.007282733225126896,0.04741270376046342,0.16379869865183302,0.31681195940004697,0.3254335105827714,0.13879669732785588,0.0,0.36507936507936506
4.6369705190222243E-4,0.007282733225126894,0.04741270376046341,0.16379869865183294,0.31681195940004697,0.3254335105827713,0.13879669732785585,0.0,0.38095238095238093
4.6369705190222037E-4,0.007282733225126861,0.04741270376046319,0.16379869865183222,0.3168119594000456,0.32543351058276987,0.1387966973278552,0.0,0.746031746031746
4.636970519022219E-4,0.0072827332251268855,0.04741270376046335,0.16379869865183272,0.3168119594000466,0.325433510582771,0.13879669732785568,0.0,0.47619047619047616
4.6369705190222053E-4,0.007282733225126865,0.047412703760463214,0.16379869865183222,0.316811959400046,0.32543351058277,0.13879669732785527,0.0,0.7142857142857143
4.6369705190222227E-4,0.0072827332251268915,0.047412703760463394,0.1637986986518329,0.31681195940004686,0.3254335105827712,0.1387966973278558,0.0,0.4126984126984127
4.636970519022207E-4,0.007282733225126867,0.047412703760463235,0.1637986986518323,0.3168119594000462,0.32543351058277015,0.13879669732785532,0.0,0.6825396825396826
4.6369705190222216E-4,0.00728273322512689,0.04741270376046338,0.16379869865183286,0.31681195940004725,0.32543351058277115,0.13879669732785577,0.0,0.42857142857142855
4.6369705190222135E-4,0.007282733225126878,0.0474127037604633,0.16379869865183258,0.31681195940004625,0.3254335105827706,0.13879669732785552,0.0,0.5714285714285714
4.6369705190222216E-4,0.00728273322512689,0.04741270376046338,0.16379869865183283,0.3168119594000467,0.3254335105827712,0.13879669732785577,0.0,0.42857142857142855
4.6369705190222135E-4,0.007282733225126878,0.0474127037604633,0.1637986986518325,0.3168119594000463,0.3254335105827706,0.13879669732785552,0.0,0.5714285714285714
4.636970519022217E-4,0.007282733225126883,0.04741270376046334,0.16379869865183266,0.31681195940004664,0.3254335105827708,0.13879669732785563,0.0,0.5079365079365079
4.636970519022219E-4,0.0072827332251268855,0.04741270376046335,0.16379869865183264,0.3168119594000467,0.325433510582771,0.13879669732785568,0.0,0.47619047619047616
4.636970519022221E-4,0.007282733225126889,0.04741270376046337,0.16379869865183272,0.3168119594000474,0.32543351058277115,0.13879669732785574,0.0,0.4444444444444444
4.636970519022229E-4,0.007282733225126902,0.04741270376046346,0.16379869865183308,0.31681195940004775,0.32543351058277165,0.138796697327856,0.0,0.30158730158730157
4.636970519022219E-4,0.0072827332251268855,0.04741270376046335,0.16379869865183264,0.3168119594000473,0.325433510582771,0.13879669732785568,0.0,0.47619047619047616
4.6369705190222183E-4,0.007282733225126885,0.047412703760463346,0.16379869865183272,0.3168119594000471,0.3254335105827709,0.13879669732785566,0.0,0.49206349206349204
4.636970519022231E-4,0.0072827332251269045,0.04741270376046348,0.1637986986518332,0.31681195940004764,0.3254335105827718,0.13879669732785604,0.0,0.2698412698412698
4.636970519022228E-4,0.0072827332251269,0.04741270376046345,0.16379869865183302,0.31681195940004736,0.3254335105827716,0.13879669732785596,0.0,0.31746031746031744
4.636970519022207E-4,0.007282733225126867,0.047412703760463235,0.1637986986518323,0.31681195940004586,0.32543351058277015,0.13879669732785532,0.0,0.6825396825396826
4.636970519022208E-4,0.007282733225126869,0.04741270376046324,0.1637986986518324,0.31681195940004586,0.3254335105827702,0.13879669732785535,0.0,0.6666666666666666
4.636970519022217E-4,0.007282733225126883,0.04741270376046334,0.16379869865183266,0.31681195940004625,0.3254335105827708,0.13879669732785563,0.0,0.5079365079365079
4.6369705190222064E-4,0.0072827332251268655,0.04741270376046322,0.16379869865183225,0.3168119594000463,0.32543351058277004,0.1387966973278553,0.0,0.6984126984126984
4.636970519022219E-4,0.0072827332251268855,0.04741270376046335,0.16379869865183277,0.316811959400047,0.325433510582771,0.13879669732785568,0.0,0.47619047619047616
4.6369705190222146E-4,0.0072827332251268785,0.047412703760463304,0.16379869865183255,0.31681195940004675,0.3254335105827707,0.13879669732785554,0.0,0.5555555555555556
4.636970519022224E-4,0.007282733225126893,0.0474127037604634,0.16379869865183289,0.3168119594000474,0.32543351058277126,0.13879669732785582,0.0,0.3968253968253968
4.636970519022224E-4,0.007282733225126893,0.0474127037604634,0.16379869865183294,0.3168119594000471,0.32543351058277126,0.13879669732785582,0.0,0.3968253968253968
4.636970519022229E-4,0.007282733225126902,0.04741270376046346,0.1637986986518331,0.3168119594000472,0.32543351058277165,0.138796697327856,0.0,0.30158730158730157
4.6369705190222135E-4,0.007282733225126878,0.0474127037604633,0.16379869865183255,0.3168119594000462,0.3254335105827706,0.13879669732785552,0.0,0.5714285714285714
4.6369705190222053E-4,0.007282733225126865,0.047412703760463214,0.16379869865183228,0.3168119594000457,0.32543351058277,0.13879669732785527,0.0,0.7142857142857143
4.636970519022217E-4,0.007282733225126883,0.04741270376046334,0.1637986986518327,0.3168119594000464,0.3254335105827708,0.13879669732785563,0.0,0.5079365079365079
4.6369705190222064E-4,0.0072827332251268655,0.04741270376046322,0.16379869865183228,0.3168119594000462,0.32543351058277004,0.1387966973278553,0.0,0.6984126984126984
4.636970519022215E-4,0.00728273322512688,0.04741270376046332,0.16379869865183264,0.3168119594000464,0.3254335105827707,0.13879669732785557,0.0,0.5396825396825397
4.636970519022207E-4,0.007282733225126867,0.047412703760463235,0.1637986986518323,0.31681195940004625,0.32543351058277015,0.13879669732785532,0.0,0.6825396825396826
4.636970519022219E-4,0.0072827332251268855,0.04741270376046335,0.16379869865183277,0.3168119594000471,0.325433510582771,0.13879669732785568,0.0,0.47619047619047616
4.636970519022209E-4,0.00728273322512687,0.04741270376046325,0.16379869865183241,0.3168119594000459,0.32543351058277026,0.13879669732785538,0.0,0.6507936507936508
4.6369705190222146E-4,0.0072827332251268785,0.047412703760463304,0.1637986986518326,0.31681195940004614,0.3254335105827707,0.13879669732785554,0.0,0.5555555555555556
4.6369705190222135E-4,0.007282733225126878,0.0474127037604633,0.16379869865183252,0.3168119594000463,0.3254335105827706,0.13879669732785552,0.0,0.5714285714285714
4.636970519022212E-4,0.007282733225126874,0.047412703760463276,0.16379869865183247,0.3168119594000462,0.3254335105827704,0.13879669732785546,0.0,0.6031746031746031
4.636970519022217E-4,0.007282733225126883,0.04741270376046334,0.16379869865183266,0.31681195940004653,0.3254335105827708,0.13879669732785563,0.0,0.5079365079365079
4.636970519022219E-4,0.0072827332251268855,0.04741270376046335,0.16379869865183266,0.3168119594000472,0.325433510582771,0.13879669732785568,0.0,0.47619047619047616
4.6369705190222243E-4,0.007282733225126894,0.04741270376046341,0.1637986986518329,0.31681195940004747,0.3254335105827713,0.13879669732785585,0.0,0.38095238095238093
4.636970519022217E-4,0.007282733225126883,0.04741270376046334,0.1637986986518326,0.3168119594000472,0.32543351058277087,0.13879669732785563,0.0,0.5079365079365079
4.636970519022219E-4,0.0072827332251268855,0.04741270376046335,0.16379869865183275,0.31681195940004714,0.325433510582771,0.13879669732785568,0.0,0.47619047619047616
4.636970519022231E-4,0.0072827332251269045,0.04741270376046348,0.1637986986518332,0.3168119594000475,0.3254335105827718,0.13879669732785604,0.0,0.2698412698412698
4.6369705190222254E-4,0.007282733225126896,0.04741270376046342,0.16379869865183297,0.31681195940004714,0.3254335105827714,0.13879669732785588,0.0,0.36507936507936506
4.6369705190222015E-4,0.0072827332251268586,0.04741270376046318,0.1637986986518321,0.31681195940004536,0.32543351058276976,0.13879669732785518,0.0,0.7777777777777778
4.6369705190222026E-4,0.00728273322512686,0.047412703760463186,0.1637986986518322,0.31681195940004536,0.3254335105827698,0.1387966973278552,0.0,0.7619047619047619
4.636970519022216E-4,0.007282733225126882,0.047412703760463325,0.16379869865183266,0.31681195940004614,0.32543351058277076,0.1387966973278556,0.0,0.5238095238095238
4.6369705190222015E-4,0.0072827332251268586,0.04741270376046318,0.16379869865183208,0.31681195940004586,0.3254335105827698,0.13879669732785518,0.0,0.7777777777777778
4.6369705190222146E-4,0.0072827332251268785,0.047412703760463304,0.16379869865183258,0.31681195940004675,0.32543351058277065,0.13879669732785554,0.0,0.5555555555555556
4.636970519022215E-4,0.00728273322512688,0.04741270376046332,0.1637986986518326,0.31681195940004664,0.32543351058277076,0.13879669732785557,0.0,0.5396825396825397
4.63697051902222E-4,0.007282733225126887,0.047412703760463366,0.16379869865183277,0.31681195940004714,0.32543351058277104,0.1387966973278557,0.0,0.4603174603174603
4.636970519022221E-4,0.007282733225126889,0.04741270376046337,0.16379869865183283,0.3168119594000468,0.3254335105827711,0.13879669732785574,0.0,0.4444444444444444
4.6369705190222265E-4,0.007282733225126898,0.04741270376046343,0.16379869865183302,0.3168119594000471,0.3254335105827715,0.1387966973278559,0.0,0.3492063492063492
4.636970519022221E-4,0.007282733225126887,0.047412703760463394,0.1637986986518328,0.31681195940004653,0.3254335105827711,0.13879669732785574,0.0,0.4444444444444444
4.6369705190222015E-4,0.007282733225126857,0.0474127037604632,0.16379869865183216,0.31681195940004525,0.32543351058276976,0.13879669732785518,0.0,0.7777777777777778
4.636970519022221E-4,0.007282733225126887,0.047412703760463394,0.1637986986518328,0.31681195940004675,0.3254335105827711,0.13879669732785574,0.0,0.4444444444444444
4.636970519022207E-4,0.0072827332251268655,0.047412703760463255,0.1637986986518323,0.3168119594000462,0.32543351058277015,0.13879669732785532,0.0,0.6825396825396826
4.636970519022221E-4,0.007282733225126887,0.047412703760463394,0.16379869865183283,0.31681195940004675,0.3254335105827711,0.13879669732785574,0.0,0.4444444444444444
4.6369705190222037E-4,0.00728273322512686,0.04741270376046322,0.16379869865183216,0.3168119594000459,0.32543351058276987,0.1387966973278552,0.0,0.746031746031746
4.63697051902223E-4,0.007282733225126901,0.04741270376046349,0.16379869865183314,0.3168119594000477,0.32543351058277176,0.13879669732785602,0.0,0.2857142857142857
4.636970519022209E-4,0.007282733225126869,0.047412703760463276,0.16379869865183241,0.3168119594000458,0.32543351058277026,0.13879669732785538,0.0,0.6507936507936508
4.6369705190222183E-4,0.007282733225126883,0.047412703760463366,0.16379869865183272,0.31681195940004625,0.32543351058277087,0.13879669732785566,0.0,0.49206349206349204
4.6369705190222053E-4,0.007282733225126863,0.04741270376046324,0.1637986986518322,0.3168119594000458,0.32543351058277004,0.13879669732785527,0.0,0.7142857142857143
4.636970519022211E-4,0.007282733225126872,0.0474127037604633,0.16379869865183241,0.316811959400046,0.32543351058277037,0.13879669732785543,0.0,0.6190476190476191
4.636970519022224E-4,0.0072827332251268915,0.04741270376046342,0.16379869865183286,0.31681195940004714,0.32543351058277126,0.13879669732785582,0.0,0.3968253968253968
4.636970519022216E-4,0.00728273322512688,0.04741270376046335,0.16379869865183258,0.31681195940004725,0.3254335105827708,0.1387966973278556,0.0,0.5238095238095238
4.636970519022228E-4,0.0072827332251268985,0.04741270376046347,0.16379869865183302,0.3168119594000476,0.3254335105827716,0.13879669732785596,0.0,0.31746031746031744
4.6369705190222243E-4,0.007282733225126893,0.047412703760463436,0.16379869865183286,0.3168119594000479,0.3254335105827713,0.13879669732785585,0.0,0.38095238095238093
4.6369705190222243E-4,0.007282733225126893,0.047412703760463436,0.16379869865183294,0.31681195940004747,0.32543351058277137,0.13879669732785585,0.0,0.38095238095238093
4.636970519022231E-4,0.007282733225126903,0.0474127037604635,0.1637986986518332,0.3168119594000474,0.3254335105827718,0.13879669732785604,0.0,0.2698412698412698
4.636970519022238E-4,0.007282733225126914,0.047412703760463575,0.16379869865183339,0.3168119594000478,0.3254335105827723,0.13879669732785627,0.0,0.14285714285714285
4.636970519022204E-4,0.007282733225126861,0.04741270376046323,0.16379869865183222,0.3168119594000454,0.3254335105827699,0.13879669732785524,0.0,0.7301587301587301
4.6369705190222026E-4,0.0072827332251268586,0.047412703760463214,0.1637986986518322,0.31681195940004525,0.3254335105827698,0.1387966973278552,0.0,0.7619047619047619
4.6369705190222216E-4,0.007282733225126889,0.04741270376046341,0.16379869865183286,0.3168119594000464,0.32543351058277115,0.13879669732785577,0.0,0.42857142857142855
4.6369705190222053E-4,0.007282733225126863,0.04741270376046324,0.16379869865183222,0.3168119594000462,0.32543351058277004,0.13879669732785527,0.0,0.7142857142857143
4.636970519022216E-4,0.00728273322512688,0.04741270376046335,0.16379869865183266,0.31681195940004664,0.32543351058277076,0.1387966973278556,0.0,0.5238095238095238
4.636970519022211E-4,0.007282733225126872,0.0474127037604633,0.16379869865183241,0.31681195940004625,0.32543351058277037,0.13879669732785543,0.0,0.6190476190476191
4.6369705190222265E-4,0.007282733225126896,0.04741270376046345,0.163798698651833,0.3168119594000475,0.3254335105827715,0.1387966973278559,0.0,0.3492063492063492
4.6369705190222216E-4,0.007282733225126889,0.04741270376046341,0.16379869865183289,0.31681195940004664,0.32543351058277115,0.13879669732785577,0.0,0.42857142857142855
4.636970519022236E-4,0.0072827332251269115,0.047412703760463554,0.16379869865183339,0.31681195940004747,0.32543351058277215,0.1387966973278562,0.0,0.1746031746031746
4.6369705190222146E-4,0.0072827332251268785,0.047412703760463304,0.16379869865183258,0.3168119594000464,0.32543351058277065,0.13879669732785554,0.0,0.5555555555555556
4.636970519022204E-4,0.007282733225126863,0.04741270376046321,0.16379869865183225,0.3168119594000456,0.3254335105827699,0.13879669732785524,0.0,0.7301587301587301
4.636970519022219E-4,0.0072827332251268855,0.04741270376046335,0.16379869865183275,0.3168119594000467,0.325433510582771,0.13879669732785568,0.0,0.47619047619047616
4.6369705190222064E-4,0.0072827332251268655,0.04741270376046322,0.16379869865183228,0.3168119594000462,0.32543351058277004,0.1387966973278553,0.0,0.6984126984126984
4.636970519022221E-4,0.007282733225126889,0.04741270376046337,0.16379869865183286,0.3168119594000466,0.3254335105827711,0.13879669732785574,0.0,0.4444444444444444
4.6369705190222053E-4,0.007282733225126865,0.047412703760463214,0.16379869865183222,0.316811959400046,0.32543351058277,0.13879669732785527,0.0,0.7142857142857143
4.636970519022221E-4,0.007282733225126889,0.04741270376046337,0.16379869865183283,0.31681195940004725,0.3254335105827711,0.13879669732785574,0.0,0.4444444444444444
4.636970519022211E-4,0.007282733225126873,0.04741270376046327,0.1637986986518325,0.31681195940004603,0.32543351058277037,0.13879669732785543,0.0,0.6190476190476191
4.6369705190222146E-4,0.0072827332251268785,0.047412703760463304,0.16379869865183264,0.3168119594000462,0.3254335105827707,0.13879669732785554,0.0,0.5555555555555556
4.636970519022208E-4,0.007282733225126869,0.04741270376046324,0.1637986986518323,0.31681195940004603,0.32543351058277026,0.13879669732785535,0.0,0.6666666666666666
4.636970519022212E-4,0.007282733225126874,0.047412703760463276,0.16379869865183247,0.3168119594000461,0.3254335105827705,0.13879669732785546,0.0,0.6031746031746031
4.6369705190222183E-4,0.007282733225126885,0.047412703760463346,0.16379869865183266,0.3168119594000468,0.3254335105827709,0.13879669732785566,0.0,0.49206349206349204
4.636970519022217E-4,0.007282733225126883,0.04741270376046334,0.1637986986518326,0.31681195940004725,0.32543351058277087,0.13879669732785563,0.0,0.5079365079365079
4.636970519022229E-4,0.007282733225126902,0.04741270376046346,0.16379869865183308,0.3168119594000475,0.32543351058277165,0.138796697327856,0.0,0.30158730158730157
4.6369705190222183E-4,0.007282733225126885,0.047412703760463346,0.16379869865183264,0.31681195940004725,0.3254335105827709,0.13879669732785566,0.0,0.49206349206349204
4.636970519022221E-4,0.007282733225126889,0.04741270376046337,0.16379869865183283,0.31681195940004725,0.32543351058277115,0.13879669732785574,0.0,0.4444444444444444
4.636970519022227E-4,0.0072827332251268985,0.047412703760463436,0.16379869865183308,0.3168119594000472,0.32543351058277153,0.13879669732785593,0.0,0.3333333333333333
4.6369705190222254E-4,0.007282733225126896,0.04741270376046342,0.16379869865183297,0.3168119594000471,0.3254335105827714,0.13879669732785588,0.0,0.36507936507936506
4.6369705190222026E-4,0.00728273322512686,0.047412703760463186,0.16379869865183214,0.31681195940004553,0.3254335105827698,0.1387966973278552,0.0,0.7619047619047619
4.6369705190222037E-4,0.007282733225126861,0.04741270376046319,0.16379869865183222,0.3168119594000455,0.32543351058276987,0.1387966973278552,0.0,0.746031746031746
4.636970519022216E-4,0.007282733225126882,0.047412703760463325,0.16379869865183264,0.31681195940004625,0.32543351058277076,0.1387966973278556,0.0,0.5238095238095238
4.6369705190222037E-4,0.007282733225126861,0.04741270376046319,0.16379869865183216,0.31681195940004603,0.3254335105827699,0.1387966973278552,0.0,0.746031746031746
4.6369705190222146E-4,0.0072827332251268785,0.047412703760463304,0.16379869865183264,0.3168119594000464,0.32543351058277065,0.13879669732785554,0.0,0.5555555555555556
4.6369705190222097E-4,0.007282733225126872,0.04741270376046326,0.16379869865183241,0.3168119594000462,0.32543351058277037,0.1387966973278554,0.0,0.6349206349206349
4.636970519022221E-4,0.007282733225126889,0.04741270376046337,0.1637986986518328,0.3168119594000473,0.3254335105827711,0.13879669732785574,0.0,0.4444444444444444
4.636970519022224E-4,0.007282733225126893,0.0474127037604634,0.16379869865183297,0.31681195940004686,0.32543351058277126,0.13879669732785582,0.0,0.3968253968253968
4.6369705190222265E-4,0.007282733225126898,0.04741270376046343,0.16379869865183305,0.31681195940004697,0.3254335105827715,0.1387966973278559,0.0,0.3492063492063492
4.6369705190222243E-4,0.007282733225126894,0.04741270376046341,0.1637986986518329,0.3168119594000469,0.3254335105827713,0.13879669732785585,0.0,0.38095238095238093
4.6369705190222053E-4,0.007282733225126865,0.047412703760463214,0.16379869865183225,0.31681195940004564,0.32543351058277,0.13879669732785527,0.0,0.7142857142857143
4.63697051902222E-4,0.007282733225126887,0.047412703760463366,0.16379869865183272,0.3168119594000467,0.32543351058277104,0.1387966973278557,0.0,0.4603174603174603
4.636970519022207E-4,0.007282733225126867,0.047412703760463235,0.16379869865183233,0.3168119594000461,0.32543351058277015,0.13879669732785532,0.0,0.6825396825396826
4.6369705190222243E-4,0.007282733225126894,0.04741270376046341,0.16379869865183297,0.3168119594000469,0.3254335105827713,0.13879669732785585,0.0,0.38095238095238093
4.636970519022209E-4,0.00728273322512687,0.04741270376046325,0.16379869865183233,0.3168119594000463,0.32543351058277026,0.13879669732785538,0.0,0.6507936507936508
4.6369705190222265E-4,0.007282733225126898,0.04741270376046343,0.16379869865183297,0.3168119594000475,0.3254335105827715,0.1387966973278559,0.0,0.3492063492063492
4.636970519022215E-4,0.00728273322512688,0.04741270376046332,0.1637986986518326,0.31681195940004636,0.3254335105827707,0.13879669732785557,0.0,0.5396825396825397
4.636970519022228E-4,0.0072827332251269,0.04741270376046345,0.16379869865183302,0.3168119594000472,0.32543351058277165,0.13879669732785596,0.0,0.31746031746031744
4.6369705190222146E-4,0.0072827332251268785,0.047412703760463304,0.16379869865183247,0.3168119594000464,0.32543351058277065,0.13879669732785554,0.0,0.5555555555555556
4.636970519022216E-4,0.007282733225126882,0.047412703760463325,0.16379869865183258,0.31681195940004653,0.32543351058277076,0.1387966973278556,0.0,0.5238095238095238
4.636970519022219E-4,0.0072827332251268855,0.04741270376046335,0.16379869865183264,0.31681195940004675,0.325433510582771,0.13879669732785568,0.0,0.47619047619047616
4.6369705190222216E-4,0.00728273322512689,0.04741270376046338,0.16379869865183275,0.31681195940004747,0.3254335105827712,0.13879669732785577,0.0,0.42857142857142855
4.636970519022228E-4,0.0072827332251269,0.04741270376046345,0.16379869865183302,0.31681195940004764,0.3254335105827716,0.13879669732785596,0.0,0.31746031746031744
4.6369705190222216E-4,0.00728273322512689,0.04741270376046338,0.16379869865183275,0.3168119594000475,0.3254335105827712,0.13879669732785577,0.0,0.42857142857142855
4.636970519022219E-4,0.0072827332251268855,0.04741270376046335,0.1637986986518327,0.3168119594000471,0.325433510582771,0.13879669732785568,0.0,0.47619047619047616
4.6369705190222324E-4,0.007282733225126907,0.04741270376046349,0.16379869865183322,0.3168119594000477,0.3254335105827719,0.1387966973278561,0.0,0.23809523809523808
4.636970519022232E-4,0.007282733225126906,0.047412703760463484,0.16379869865183316,0.31681195940004764,0.32543351058277187,0.13879669732785607,0.0,0.25396825396825395
4.636970519022208E-4,0.007282733225126869,0.04741270376046324,0.1637986986518323,0.3168119594000459,0.3254335105827702,0.13879669732785535,0.0,0.6666666666666666
4.636970519022208E-4,0.007282733225126869,0.04741270376046324,0.16379869865183236,0.3168119594000459,0.3254335105827702,0.13879669732785535,0.0,0.6666666666666666
4.6369705190222183E-4,0.007282733225126885,0.047412703760463346,0.1637986986518327,0.31681195940004636,0.32543351058277087,0.13879669732785566,0.0,0.49206349206349204
4.636970519022207E-4,0.007282733225126867,0.047412703760463235,0.16379869865183228,0.31681195940004636,0.32543351058277015,0.13879669732785532,0.0,0.6825396825396826
4.636970519022217E-4,0.007282733225126883,0.04741270376046334,0.1637986986518327,0.3168119594000468,0.3254335105827708,0.13879669732785563,0.0,0.5079365079365079
4.636970519022211E-4,0.007282733225126873,0.04741270376046327,0.16379869865183241,0.31681195940004653,0.3254335105827704,0.13879669732785543,0.0,0.6190476190476191
4.636970519022224E-4,0.007282733225126893,0.0474127037604634,0.16379869865183289,0.3168119594000474,0.32543351058277126,0.13879669732785582,0.0,0.3968253968253968
4.636970519022224E-4,0.007282733225126893,0.0474127037604634,0.16379869865183294,0.3168119594000471,0.32543351058277126,0.13879669732785582,0.0,0.3968253968253968
4.636970519022229E-4,0.007282733225126902,0.04741270376046346,0.1637986986518331,0.3168119594000473,0.32543351058277165,0.138796697327856,0.0,0.30158730158730157
4.6369705190222124E-4,0.007282733225126876,0.04741270376046329,0.16379869865183252,0.31681195940004614,0.32543351058277054,0.1387966973278555,0.0,0.5873015873015873
4.6369705190222053E-4,0.007282733225126865,0.047412703760463214,0.16379869865183228,0.3168119594000457,0.32543351058277,0.13879669732785527,0.0,0.7142857142857143
4.636970519022219E-4,0.0072827332251268855,0.04741270376046335,0.16379869865183272,0.3168119594000466,0.325433510582771,0.13879669732785568,0.0,0.47619047619047616
4.636970519022208E-4,0.007282733225126869,0.04741270376046324,0.16379869865183236,0.3168119594000462,0.3254335105827702,0.13879669732785535,0.0,0.6666666666666666
4.6369705190222146E-4,0.0072827332251268785,0.047412703760463304,0.16379869865183264,0.31681195940004636,0.32543351058277065,0.13879669732785554,0.0,0.5555555555555556
4.636970519022209E-4,0.00728273322512687,0.04741270376046325,0.16379869865183236,0.3168119594000463,0.32543351058277026,0.13879669732785538,0.0,0.6507936507936508
4.63697051902222E-4,0.007282733225126887,0.047412703760463366,0.1637986986518328,0.31681195940004714,0.32543351058277104,0.1387966973278557,0.0,0.4603174603174603
4.636970519022211E-4,0.007282733225126873,0.04741270376046327,0.16379869865183247,0.3168119594000461,0.32543351058277037,0.13879669732785543,0.0,0.6190476190476191
4.6369705190222183E-4,0.007282733225126885,0.047412703760463346,0.16379869865183272,0.3168119594000465,0.3254335105827709,0.13879669732785566,0.0,0.49206349206349204
4.636970519022209E-4,0.00728273322512687,0.04741270376046325,0.16379869865183236,0.31681195940004603,0.32543351058277026,0.13879669732785538,0.0,0.6507936507936508
4.636970519022211E-4,0.007282733225126873,0.04741270376046327,0.16379869865183241,0.3168119594000461,0.32543351058277037,0.13879669732785543,0.0,0.6190476190476191
4.636970519022216E-4,0.007282733225126882,0.047412703760463325,0.16379869865183258,0.31681195940004653,0.32543351058277076,0.1387966973278556,0.0,0.5238095238095238
4.63697051902222E-4,0.007282733225126887,0.047412703760463366,0.16379869865183272,0.3168119594000473,0.3254335105827711,0.1387966973278557,0.0,0.4603174603174603
4.6369705190222227E-4,0.0072827332251268915,0.047412703760463394,0.16379869865183283,0.3168119594000473,0.3254335105827712,0.1387966973278558,0.0,0.4126984126984127
4.636970519022219E-4,0.0072827332251268855,0.04741270376046335,0.1637986986518327,0.31681195940004725,0.325433510582771,0.13879669732785568,0.0,0.47619047619047616
4.6369705190222183E-4,0.007282733225126885,0.047412703760463346,0.16379869865183272,0.316811959400047,0.3254335105827709,0.13879669732785566,0.0,0.49206349206349204
4.636970519022231E-4,0.0072827332251269045,0.04741270376046348,0.1637986986518332,0.3168119594000475,0.3254335105827718,0.13879669732785604,0.0,0.2698412698412698
4.6369705190222265E-4,0.007282733225126898,0.04741270376046343,0.163798698651833,0.3168119594000472,0.3254335105827715,0.1387966973278559,0.0,0.3492063492063492
4.6369705190222026E-4,0.00728273322512686,0.047412703760463186,0.16379869865183214,0.3168119594000454,0.3254335105827698,0.1387966973278552,0.0,0.7619047619047619
4.6369705190222026E-4,0.00728273322512686,0.047412703760463186,0.1637986986518322,0.31681195940004536,0.3254335105827698,0.1387966973278552,0.0,0.7619047619047619
4.636970519022216E-4,0.007282733225126882,0.047412703760463325,0.16379869865183264,0.31681195940004614,0.32543351058277076,0.1387966973278556,0.0,0.5238095238095238
4.6369705190222037E-4,0.007282733225126861,0.04741270376046319,0.16379869865183214,0.31681195940004603,0.3254335105827699,0.1387966973278552,0.0,0.746031746031746
4.6369705190222124E-4,0.007282733225126876,0.04741270376046329,0.16379869865183252,0.3168119594000466,0.32543351058277054,0.1387966973278555,0.0,0.5873015873015873
4.6369705190222146E-4,0.0072827332251268785,0.047412703760463304,0.16379869865183255,0.3168119594000466,0.3254335105827707,0.13879669732785554,0.0,0.5555555555555556
4.63697051902222E-4,0.007282733225126887,0.047412703760463366,0.16379869865183277,0.31681195940004725,0.32543351058277104,0.1387966973278557,0.0,0.4603174603174603
4.63697051902222E-4,0.007282733225126887,0.047412703760463366,0.16379869865183283,0.31681195940004675,0.32543351058277104,0.1387966973278557,0.0,0.4603174603174603
4.6369705190222265E-4,0.007282733225126898,0.04741270376046343,0.16379869865183302,0.3168119594000471,0.3254335105827715,0.1387966973278559,0.0,0.3492063492063492
4.636970519022221E-4,0.007282733225126887,0.047412703760463394,0.1637986986518328,0.31681195940004653,0.3254335105827711,0.13879669732785574,0.0,0.4444444444444444
4.6369705190222026E-4,0.0072827332251268586,0.047412703760463214,0.16379869865183216,0.31681195940004536,0.3254335105827698,0.1387966973278552,0.0,0.7619047619047619
4.63697051902222E-4,0.0072827332251268855,0.04741270376046339,0.16379869865183275,0.3168119594000467,0.32543351058277104,0.1387966973278557,0.0,0.4603174603174603
4.6369705190222064E-4,0.007282733225126865,0.04741270376046325,0.16379869865183225,0.31681195940004614,0.3254335105827701,0.1387966973278553,0.0,0.6984126984126984
4.63697051902222E-4,0.0072827332251268855,0.04741270376046339,0.1637986986518328,0.3168119594000466,0.32543351058277104,0.1387966973278557,0.0,0.4603174603174603
4.636970519022204E-4,0.007282733225126861,0.04741270376046323,0.16379869865183216,0.316811959400046,0.3254335105827699,0.13879669732785524,0.0,0.7301587301587301
4.636970519022229E-4,0.0072827332251269,0.04741270376046348,0.1637986986518331,0.3168119594000476,0.3254335105827717,0.138796697327856,0.0,0.30158730158730157
4.636970519022208E-4,0.007282733225126867,0.04741270376046327,0.16379869865183236,0.3168119594000457,0.3254335105827702,0.13879669732785535,0.0,0.6666666666666666
4.636970519022221E-4,0.007282733225126887,0.047412703760463394,0.1637986986518328,0.3168119594000464,0.3254335105827711,0.13879669732785574,0.0,0.4444444444444444
4.6369705190222064E-4,0.007282733225126865,0.04741270376046325,0.16379869865183222,0.3168119594000458,0.3254335105827701,0.1387966973278553,0.0,0.6984126984126984
4.636970519022211E-4,0.007282733225126872,0.0474127037604633,0.16379869865183241,0.316811959400046,0.32543351058277037,0.13879669732785543,0.0,0.6190476190476191
4.6369705190222254E-4,0.007282733225126894,0.04741270376046344,0.16379869865183286,0.3168119594000472,0.3254335105827714,0.13879669732785588,0.0,0.36507936507936506
4.6369705190222183E-4,0.007282733225126883,0.047412703760463366,0.1637986986518326,0.31681195940004736,0.3254335105827709,0.13879669732785566,0.0,0.49206349206349204
4.63697051902223E-4,0.007282733225126901,0.04741270376046349,0.1637986986518331,0.3168119594000477,0.3254335105827717,0.13879669732785602,0.0,0.2857142857142857
4.6369705190222243E-4,0.007282733225126893,0.047412703760463436,0.1637986986518328,0.31681195940004786,0.3254335105827713,0.13879669732785585,0.0,0.38095238095238093
4.6369705190222243E-4,0.007282733225126893,0.047412703760463436,0.1637986986518329,0.3168119594000474,0.32543351058277137,0.13879669732785585,0.0,0.38095238095238093
4.6369705190222324E-4,0.007282733225126905,0.04741270376046352,0.16379869865183322,0.31681195940004747,0.3254335105827719,0.1387966973278561,0.0,0.23809523809523808
4.636970519022239E-4,0.007282733225126916,0.04741270376046358,0.1637986986518334,0.31681195940004786,0.32543351058277237,0.1387966973278563,0.0,0.12698412698412698
4.6369705190222053E-4,0.007282733225126863,0.04741270376046324,0.16379869865183222,0.3168119594000455,0.32543351058277,0.13879669732785527,0.0,0.7142857142857143
4.636970519022209E-4,0.007282733225126869,0.047412703760463276,0.16379869865183241,0.3168119594000457,0.32543351058277026,0.13879669732785538,0.0,0.6507936507936508
4.6369705190222227E-4,0.00728273322512689,0.047412703760463415,0.16379869865183283,0.31681195940004653,0.3254335105827712,0.1387966973278558,0.0,0.4126984126984127
4.6369705190222053E-4,0.007282733225126863,0.04741270376046324,0.1637986986518322,0.31681195940004625,0.32543351058277004,0.13879669732785527,0.0,0.7142857142857143
4.6369705190222183E-4,0.007282733225126883,0.047412703760463366,0.16379869865183272,0.3168119594000468,0.32543351058277087,0.13879669732785566,0.0,0.49206349206349204
4.636970519022212E-4,0.0072827332251268724,0.047412703760463304,0.16379869865183241,0.3168119594000463,0.3254335105827704,0.13879669732785546,0.0,0.6031746031746031
4.6369705190222254E-4,0.007282733225126894,0.04741270376046344,0.16379869865183294,0.31681195940004736,0.3254335105827714,0.13879669732785588,0.0,0.36507936507936506
4.6369705190222216E-4,0.007282733225126889,0.04741270376046341,0.16379869865183286,0.31681195940004664,0.32543351058277115,0.13879669732785577,0.0,0.42857142857142855
4.636970519022235E-4,0.00728273322512691,0.04741270376046355,0.16379869865183333,0.3168119594000474,0.3254335105827721,0.13879669732785618,0.0,0.19047619047619047
4.6369705190222124E-4,0.007282733225126876,0.04741270376046329,0.16379869865183252,0.3168119594000462,0.32543351058277054,0.1387966973278555,0.0,0.5873015873015873
4.6369705190222053E-4,0.007282733225126865,0.047412703760463214,0.16379869865183228,0.31681195940004564,0.32543351058277,0.13879669732785527,0.0,0.7142857142857143
4.636970519022219E-4,0.0072827332251268855,0.04741270376046335,0.16379869865183275,0.31681195940004664,0.325433510582771,0.13879669732785568,0.0,0.47619047619047616
4.6369705190222053E-4,0.007282733225126865,0.047412703760463214,0.16379869865183225,0.31681195940004614,0.32543351058277,0.13879669732785527,0.0,0.7142857142857143
4.6369705190222227E-4,0.0072827332251268915,0.047412703760463394,0.16379869865183294,0.3168119594000467,0.3254335105827712,0.1387966973278558,0.0,0.4126984126984127
4.6369705190222064E-4,0.0072827332251268655,0.04741270376046322,0.16379869865183228,0.3168119594000461,0.32543351058277004,0.1387966973278553,0.0,0.6984126984126984
4.63697051902222E-4,0.007282733225126887,0.047412703760463366,0.16379869865183283,0.31681195940004714,0.32543351058277104,0.1387966973278557,0.0,0.4603174603174603
4.6369705190222097E-4,0.007282733225126872,0.04741270376046326,0.1637986986518325,0.3168119594000459,0.3254335105827703,0.1387966973278554,0.0,0.6349206349206349
4.636970519022215E-4,0.00728273322512688,0.04741270376046332,0.16379869865183264,0.31681195940004614,0.32543351058277076,0.13879669732785557,0.0,0.5396825396825397
4.636970519022208E-4,0.007282733225126869,0.04741270376046324,0.1637986986518323,0.316811959400046,0.32543351058277026,0.13879669732785535,0.0,0.6666666666666666
4.636970519022211E-4,0.007282733225126873,0.04741270376046327,0.16379869865183241,0.316811959400046,0.3254335105827704,0.13879669732785543,0.0,0.6190476190476191
4.636970519022219E-4,0.0072827332251268855,0.04741270376046335,0.16379869865183266,0.3168119594000468,0.325433510582771,0.13879669732785568,0.0,0.47619047619047616
4.6369705190222183E-4,0.007282733225126885,0.047412703760463346,0.16379869865183266,0.3168119594000473,0.3254335105827709,0.13879669732785566,0.0,0.49206349206349204
4.63697051902223E-4,0.007282733225126903,0.047412703760463464,0.16379869865183314,0.3168119594000476,0.3254335105827717,0.13879669732785602,0.0,0.2857142857142857
4.636970519022219E-4,0.0072827332251268855,0.04741270376046335,0.16379869865183266,0.3168119594000473,0.325433510582771,0.13879669732785568,0.0,0.47619047619047616
4.636970519022221E-4,0.007282733225126889,0.04741270376046337,0.1637986986518328,0.31681195940004725,0.32543351058277115,0.13879669732785574,0.0,0.4444444444444444
4.636970519022228E-4,0.0072827332251269,0.04741270376046345,0.16379869865183314,0.3168119594000472,0.3254335105827716,0.13879669732785596,0.0,0.31746031746031744
4.636970519022227E-4,0.0072827332251268985,0.047412703760463436,0.16379869865183302,0.31681195940004714,0.32543351058277153,0.13879669732785593,0.0,0.3333333333333333
4.6369705190222E-4,0.007282733225126856,0.04741270376046316,0.16379869865183205,0.3168119594000453,0.3254335105827696,0.13879669732785513,0.0,0.8095238095238095
4.636970519022204E-4,0.007282733225126863,0.04741270376046321,0.16379869865183222,0.3168119594000455,0.3254335105827699,0.13879669732785524,0.0,0.7301587301587301
4.636970519022215E-4,0.00728273322512688,0.04741270376046332,0.1637986986518326,0.31681195940004614,0.3254335105827707,0.13879669732785557,0.0,0.5396825396825397
4.6369705190222037E-4,0.007282733225126861,0.04741270376046319,0.16379869865183216,0.31681195940004603,0.3254335105827699,0.1387966973278552,0.0,0.746031746031746
4.636970519022215E-4,0.00728273322512688,0.04741270376046332,0.16379869865183266,0.3168119594000464,0.3254335105827707,0.13879669732785557,0.0,0.5396825396825397
4.636970519022208E-4,0.007282733225126869,0.04741270376046324,0.16379869865183236,0.3168119594000461,0.32543351058277026,0.13879669732785535,0.0,0.6666666666666666
4.63697051902222E-4,0.007282733225126887,0.047412703760463366,0.1637986986518328,0.31681195940004714,0.32543351058277104,0.1387966973278557,0.0,0.4603174603174603
4.636970519022221E-4,0.007282733225126889,0.04741270376046337,0.16379869865183289,0.3168119594000466,0.3254335105827711,0.13879669732785574,0.0,0.4444444444444444
4.6369705190222243E-4,0.007282733225126894,0.04741270376046341,0.163798698651833,0.3168119594000468,0.3254335105827713,0.13879669732785585,0.0,0.38095238095238093
4.636970519022219E-4,0.0072827332251268855,0.04741270376046335,0.16379869865183272,0.3168119594000466,0.325433510582771,0.13879669732785568,0.0,0.47619047619047616
4.6369705190222053E-4,0.007282733225126865,0.047412703760463214,0.16379869865183225,0.31681195940004564,0.32543351058277,0.13879669732785527,0.0,0.7142857142857143
4.636970519022221E-4,0.007282733225126889,0.04741270376046337,0.16379869865183275,0.31681195940004675,0.3254335105827711,0.13879669732785574,0.0,0.4444444444444444
4.636970519022207E-4,0.007282733225126867,0.047412703760463235,0.16379869865183233,0.3168119594000461,0.32543351058277015,0.13879669732785532,0.0,0.6825396825396826
4.6369705190222227E-4,0.0072827332251268915,0.047412703760463394,0.16379869865183289,0.3168119594000468,0.3254335105827712,0.1387966973278558,0.0,0.4126984126984127
4.6369705190222097E-4,0.007282733225126872,0.04741270376046326,0.16379869865183241,0.31681195940004636,0.3254335105827703,0.1387966973278554,0.0,0.6349206349206349
4.636970519022224E-4,0.007282733225126893,0.0474127037604634,0.1637986986518329,0.31681195940004725,0.32543351058277126,0.13879669732785582,0.0,0.3968253968253968
4.636970519022215E-4,0.00728273322512688,0.04741270376046332,0.16379869865183264,0.3168119594000464,0.3254335105827707,0.13879669732785557,0.0,0.5396825396825397
4.6369705190222265E-4,0.007282733225126898,0.04741270376046343,0.16379869865183297,0.31681195940004697,0.32543351058277153,0.1387966973278559,0.0,0.3492063492063492
4.636970519022215E-4,0.00728273322512688,0.04741270376046332,0.16379869865183252,0.31681195940004653,0.3254335105827707,0.13879669732785557,0.0,0.5396825396825397
4.63697051902222E-4,0.007282733225126887,0.047412703760463366,0.1637986986518327,0.31681195940004675,0.32543351058277104,0.1387966973278557,0.0,0.4603174603174603
4.636970519022221E-4,0.007282733225126889,0.04741270376046337,0.1637986986518327,0.31681195940004697,0.32543351058277115,0.13879669732785574,0.0,0.4444444444444444
4.6369705190222227E-4,0.0072827332251268915,0.047412703760463394,0.16379869865183277,0.31681195940004747,0.32543351058277126,0.1387966973278558,0.0,0.4126984126984127
4.63697051902223E-4,0.007282733225126903,0.047412703760463464,0.1637986986518331,0.3168119594000478,0.3254335105827717,0.13879669732785602,0.0,0.2857142857142857
4.6369705190222227E-4,0.0072827332251268915,0.047412703760463394,0.16379869865183277,0.3168119594000476,0.32543351058277126,0.1387966973278558,0.0,0.4126984126984127
4.63697051902222E-4,0.007282733225126887,0.047412703760463366,0.16379869865183272,0.3168119594000471,0.3254335105827711,0.1387966973278557,0.0,0.4603174603174603
4.6369705190222324E-4,0.007282733225126907,0.04741270376046349,0.16379869865183322,0.3168119594000477,0.3254335105827719,0.1387966973278561,0.0,0.23809523809523808
4.636970519022232E-4,0.007282733225126906,0.047412703760463484,0.16379869865183314,0.3168119594000477,0.32543351058277187,0.13879669732785607,0.0,0.25396825396825395
4.6369705190222053E-4,0.007282733225126865,0.047412703760463214,0.1637986986518322,0.3168119594000457,0.32543351058277,0.13879669732785527,0.0,0.7142857142857143
4.636970519022208E-4,0.007282733225126869,0.04741270376046324,0.16379869865183236,0.3168119594000459,0.3254335105827702,0.13879669732785535,0.0,0.6666666666666666
4.636970519022219E-4,0.0072827332251268855,0.04741270376046335,0.16379869865183272,0.3168119594000466,0.325433510582771,0.13879669732785568,0.0,0.47619047619047616
4.6369705190222026E-4,0.00728273322512686,0.047412703760463186,0.1637986986518321,0.31681195940004586,0.3254335105827698,0.1387966973278552,0.0,0.7619047619047619
4.636970519022221E-4,0.007282733225126889,0.04741270376046337,0.16379869865183283,0.3168119594000471,0.3254335105827711,0.13879669732785574,0.0,0.4444444444444444
4.636970519022208E-4,0.007282733225126869,0.04741270376046324,0.16379869865183233,0.31681195940004636,0.32543351058277026,0.13879669732785535,0.0,0.6666666666666666
4.63697051902222E-4,0.007282733225126887,0.047412703760463366,0.16379869865183275,0.3168119594000471,0.32543351058277104,0.1387966973278557,0.0,0.4603174603174603
4.63697051902222E-4,0.007282733225126887,0.047412703760463366,0.16379869865183283,0.3168119594000468,0.32543351058277104,0.1387966973278557,0.0,0.4603174603174603
4.636970519022228E-4,0.0072827332251269,0.04741270376046345,0.1637986986518331,0.31681195940004725,0.3254335105827716,0.13879669732785596,0.0,0.31746031746031744
4.6369705190222124E-4,0.007282733225126876,0.04741270376046329,0.16379869865183252,0.31681195940004614,0.32543351058277054,0.1387966973278555,0.0,0.5873015873015873
4.636970519022204E-4,0.007282733225126863,0.04741270376046321,0.16379869865183225,0.3168119594000456,0.3254335105827699,0.13879669732785524,0.0,0.7301587301587301
4.6369705190222183E-4,0.007282733225126885,0.047412703760463346,0.16379869865183272,0.31681195940004653,0.32543351058277087,0.13879669732785566,0.0,0.49206349206349204
4.636970519022207E-4,0.007282733225126867,0.047412703760463235,0.1637986986518323,0.3168119594000461,0.32543351058277015,0.13879669732785532,0.0,0.6825396825396826
4.636970519022212E-4,0.007282733225126874,0.047412703760463276,0.16379869865183252,0.31681195940004625,0.3254335105827704,0.13879669732785546,0.0,0.6031746031746031
4.636970519022207E-4,0.007282733225126867,0.047412703760463235,0.16379869865183233,0.31681195940004625,0.32543351058277015,0.13879669732785532,0.0,0.6825396825396826
4.63697051902222E-4,0.007282733225126887,0.047412703760463366,0.1637986986518328,0.31681195940004714,0.32543351058277104,0.1387966973278557,0.0,0.4603174603174603
4.6369705190222097E-4,0.007282733225126872,0.04741270376046326,0.16379869865183247,0.316811959400046,0.3254335105827703,0.1387966973278554,0.0,0.6349206349206349
4.6369705190222183E-4,0.007282733225126885,0.047412703760463346,0.16379869865183272,0.3168119594000464,0.3254335105827709,0.13879669732785566,0.0,0.49206349206349204
4.6369705190222097E-4,0.007282733225126872,0.04741270376046326,0.16379869865183233,0.31681195940004603,0.3254335105827703,0.1387966973278554,0.0,0.6349206349206349
4.6369705190222124E-4,0.007282733225126876,0.04741270376046329,0.1637986986518325,0.3168119594000462,0.32543351058277054,0.1387966973278555,0.0,0.5873015873015873
4.636970519022217E-4,0.007282733225126883,0.04741270376046334,0.1637986986518326,0.3168119594000466,0.3254335105827708,0.13879669732785563,0.0,0.5079365079365079
4.636970519022219E-4,0.0072827332251268855,0.04741270376046335,0.16379869865183266,0.31681195940004714,0.325433510582771,0.13879669732785568,0.0,0.47619047619047616
4.636970519022224E-4,0.007282733225126893,0.0474127037604634,0.1637986986518329,0.3168119594000474,0.32543351058277126,0.13879669732785582,0.0,0.3968253968253968
4.63697051902222E-4,0.007282733225126887,0.047412703760463366,0.1637986986518327,0.3168119594000473,0.3254335105827711,0.1387966973278557,0.0,0.4603174603174603
4.63697051902222E-4,0.007282733225126887,0.047412703760463366,0.16379869865183277,0.31681195940004714,0.3254335105827711,0.1387966973278557,0.0,0.4603174603174603
4.636970519022232E-4,0.007282733225126906,0.047412703760463484,0.16379869865183322,0.3168119594000475,0.32543351058277187,0.13879669732785607,0.0,0.25396825396825395
4.636970519022228E-4,0.0072827332251269,0.04741270376046345,0.16379869865183305,0.3168119594000473,0.3254335105827716,0.13879669732785596,0.0,0.31746031746031744
4.636970519022201E-4,0.007282733225126857,0.047412703760463165,0.16379869865183208,0.3168119594000453,0.3254335105827697,0.13879669732785516,0.0,0.7936507936507936
4.6369705190222026E-4,0.00728273322512686,0.047412703760463186,0.16379869865183216,0.31681195940004536,0.3254335105827698,0.1387966973278552,0.0,0.7619047619047619
4.636970519022217E-4,0.007282733225126883,0.04741270376046334,0.16379869865183266,0.3168119594000462,0.3254335105827708,0.13879669732785563,0.0,0.5079365079365079
4.6369705190222037E-4,0.007282733225126861,0.04741270376046319,0.16379869865183214,0.3168119594000459,0.3254335105827699,0.1387966973278552,0.0,0.746031746031746
4.6369705190222135E-4,0.007282733225126878,0.0474127037604633,0.16379869865183255,0.31681195940004664,0.3254335105827706,0.13879669732785552,0.0,0.5714285714285714
4.6369705190222124E-4,0.007282733225126876,0.04741270376046329,0.16379869865183247,0.31681195940004653,0.32543351058277054,0.1387966973278555,0.0,0.5873015873015873
4.636970519022219E-4,0.0072827332251268855,0.04741270376046335,0.16379869865183275,0.316811959400047,0.325433510582771,0.13879669732785568,0.0,0.47619047619047616
4.63697051902222E-4,0.007282733225126887,0.047412703760463366,0.1637986986518328,0.3168119594000467,0.32543351058277104,0.1387966973278557,0.0,0.4603174603174603
4.6369705190222265E-4,0.007282733225126898,0.04741270376046343,0.16379869865183302,0.31681195940004697,0.3254335105827715,0.1387966973278559,0.0,0.3492063492063492
4.636970519022215E-4,0.0072827332251268785,0.047412703760463346,0.16379869865183266,0.3168119594000461,0.3254335105827707,0.13879669732785557,0.0,0.5396825396825397
4.636970519022196E-4,0.007282733225126848,0.04741270376046315,0.16379869865183197,0.3168119594000448,0.32543351058276937,0.13879669732785502,0.0,0.873015873015873
4.6369705190222216E-4,0.007282733225126889,0.047412703760463415,0.1637986986518328,0.3168119594000469,0.3254335105827712,0.13879669732785577,0.0,0.42857142857142855
4.6369705190222064E-4,0.007282733225126865,0.047412703760463255,0.16379869865183228,0.316811959400046,0.3254335105827701,0.1387966973278553,0.0,0.6984126984126984
4.63697051902222E-4,0.0072827332251268855,0.047412703760463394,0.16379869865183283,0.3168119594000463,0.32543351058277104,0.1387966973278557,0.0,0.4603174603174603
4.6369705190222064E-4,0.007282733225126865,0.047412703760463255,0.16379869865183225,0.31681195940004614,0.32543351058277004,0.1387966973278553,0.0,0.6984126984126984
4.636970519022229E-4,0.0072827332251269,0.047412703760463484,0.16379869865183316,0.3168119594000476,0.3254335105827717,0.138796697327856,0.0,0.30158730158730157
4.6369705190222146E-4,0.007282733225126877,0.04741270376046334,0.16379869865183264,0.31681195940004603,0.32543351058277065,0.13879669732785554,0.0,0.5555555555555556
4.6369705190222135E-4,0.007282733225126876,0.04741270376046333,0.16379869865183255,0.3168119594000459,0.3254335105827706,0.13879669732785552,0.0,0.5714285714285714
4.636970519022215E-4,0.0072827332251268785,0.04741270376046335,0.16379869865183255,0.31681195940004653,0.32543351058277076,0.13879669732785557,0.0,0.5396825396825397
4.636970519022216E-4,0.00728273322512688,0.04741270376046336,0.16379869865183258,0.3168119594000465,0.32543351058277076,0.1387966973278556,0.0,0.5238095238095238
4.636970519022241E-4,0.007282733225126918,0.047412703760463616,0.1637986986518334,0.3168119594000488,0.32543351058277253,0.13879669732785635,0.0,0.09523809523809523
4.636970519022212E-4,0.0072827332251268724,0.04741270376046332,0.16379869865183244,0.31681195940004686,0.3254335105827705,0.13879669732785546,0.0,0.6031746031746031
4.636970519022232E-4,0.0072827332251269045,0.04741270376046352,0.16379869865183316,0.31681195940004797,0.32543351058277187,0.13879669732785607,0.0,0.25396825396825395
4.636970519022217E-4,0.007282733225126881,0.04741270376046337,0.16379869865183258,0.31681195940004747,0.3254335105827708,0.13879669732785563,0.0,0.5079365079365079
4.636970519022219E-4,0.007282733225126885,0.04741270376046339,0.16379869865183277,0.3168119594000472,0.325433510582771,0.13879669732785568,0.0,0.47619047619047616
4.6369705190222324E-4,0.007282733225126905,0.04741270376046353,0.16379869865183325,0.3168119594000476,0.3254335105827719,0.1387966973278561,0.0,0.23809523809523808
4.636970519022239E-4,0.007282733225126916,0.047412703760463595,0.1637986986518334,0.31681195940004797,0.32543351058277237,0.1387966973278563,0.0,0.12698412698412698
4.6369705190222146E-4,0.007282733225126877,0.047412703760463346,0.1637986986518326,0.31681195940004625,0.32543351058277065,0.13879669732785554,0.0,0.5555555555555556
4.636970519022215E-4,0.0072827332251268785,0.04741270376046335,0.16379869865183264,0.3168119594000462,0.3254335105827707,0.13879669732785557,0.0,0.5396825396825397
4.636970519022235E-4,0.00728273322512691,0.04741270376046356,0.16379869865183333,0.3168119594000475,0.3254335105827721,0.13879669732785618,0.0,0.19047619047619047
4.6369705190221896E-4,0.007282733225126839,0.047412703760463096,0.1637986986518317,0.31681195940004514,0.325433510582769,0.13879669732785482,0.0,0.9841269841269841
4.6369705190222135E-4,0.007282733225126876,0.04741270376046333,0.1637986986518326,0.3168119594000464,0.3254335105827706,0.13879669732785552,0.0,0.5714285714285714
4.6369705190222053E-4,0.007282733225126863,0.04741270376046325,0.16379869865183225,0.316811959400046,0.32543351058277,0.13879669732785527,0.0,0.7142857142857143
4.6369705190222183E-4,0.007282733225126883,0.04741270376046338,0.16379869865183275,0.31681195940004697,0.3254335105827709,0.13879669732785566,0.0,0.49206349206349204
4.636970519022219E-4,0.007282733225126885,0.04741270376046339,0.1637986986518328,0.3168119594000466,0.325433510582771,0.13879669732785568,0.0,0.47619047619047616
4.6369705190222346E-4,0.007282733225126909,0.04741270376046355,0.16379869865183336,0.31681195940004747,0.32543351058277203,0.13879669732785616,0.0,0.20634920634920634
4.63697051902222E-4,0.0072827332251268855,0.04741270376046339,0.16379869865183286,0.31681195940004686,0.32543351058277104,0.1387966973278557,0.0,0.4603174603174603
4.636970519022201E-4,0.007282733225126856,0.04741270376046319,0.1637986986518321,0.31681195940004525,0.3254335105827697,0.13879669732785516,0.0,0.7936507936507936
4.636970519022219E-4,0.007282733225126885,0.04741270376046338,0.16379869865183272,0.31681195940004697,0.325433510582771,0.13879669732785568,0.0,0.47619047619047616
4.636970519022211E-4,0.007282733225126872,0.0474127037604633,0.16379869865183247,0.31681195940004636,0.32543351058277037,0.13879669732785543,0.0,0.6190476190476191
4.6369705190222227E-4,0.00728273322512689,0.047412703760463415,0.1637986986518329,0.3168119594000466,0.3254335105827712,0.1387966973278558,0.0,0.4126984126984127
4.6369705190222135E-4,0.007282733225126876,0.047412703760463325,0.16379869865183252,0.31681195940004653,0.32543351058277065,0.13879669732785552,0.0,0.5714285714285714
4.636970519022229E-4,0.0072827332251269,0.04741270376046348,0.16379869865183316,0.31681195940004797,0.3254335105827717,0.138796697327856,0.0,0.30158730158730157
4.636970519022215E-4,0.0072827332251268785,0.04741270376046334,0.16379869865183264,0.31681195940004614,0.3254335105827707,0.13879669732785557,0.0,0.5396825396825397
4.636970519022211E-4,0.007282733225126872,0.0474127037604633,0.16379869865183247,0.316811959400046,0.32543351058277037,0.13879669732785543,0.0,0.6190476190476191
4.6369705190222097E-4,0.00728273322512687,0.04741270376046328,0.1637986986518324,0.3168119594000465,0.32543351058277037,0.1387966973278554,0.0,0.6349206349206349
4.6369705190222135E-4,0.007282733225126876,0.047412703760463325,0.1637986986518325,0.3168119594000463,0.3254335105827706,0.13879669732785552,0.0,0.5714285714285714
4.636970519022235E-4,0.00728273322512691,0.04741270376046355,0.16379869865183325,0.3168119594000484,0.32543351058277215,0.13879669732785618,0.0,0.19047619047619047
4.636970519022207E-4,0.0072827332251268655,0.047412703760463255,0.16379869865183228,0.3168119594000466,0.32543351058277015,0.13879669732785532,0.0,0.6825396825396826
4.636970519022231E-4,0.007282733225126903,0.0474127037604635,0.1637986986518331,0.31681195940004786,0.3254335105827718,0.13879669732785604,0.0,0.2698412698412698
4.6369705190222135E-4,0.007282733225126876,0.047412703760463325,0.16379869865183247,0.31681195940004714,0.3254335105827706,0.13879669732785552,0.0,0.5714285714285714
4.636970519022219E-4,0.007282733225126885,0.04741270376046338,0.16379869865183277,0.31681195940004736,0.325433510582771,0.13879669732785568,0.0,0.47619047619047616
4.636970519022232E-4,0.0072827332251269045,0.04741270376046351,0.16379869865183325,0.3168119594000476,0.32543351058277187,0.13879669732785607,0.0,0.25396825396825395
4.63697051902223E-4,0.007282733225126901,0.04741270376046349,0.16379869865183314,0.31681195940004747,0.3254335105827717,0.13879669732785602,0.0,0.2857142857142857
4.6369705190222097E-4,0.00728273322512687,0.04741270376046328,0.16379869865183247,0.3168119594000463,0.3254335105827703,0.1387966973278554,0.0,0.6349206349206349
4.636970519022216E-4,0.00728273322512688,0.04741270376046335,0.1637986986518327,0.3168119594000464,0.32543351058277076,0.1387966973278556,0.0,0.5238095238095238
4.63697051902223E-4,0.007282733225126901,0.04741270376046349,0.16379869865183316,0.31681195940004764,0.32543351058277176,0.13879669732785602,0.0,0.2857142857142857
4.6369705190221934E-4,0.007282733225126844,0.04741270376046312,0.16379869865183183,0.3168119594000453,0.3254335105827692,0.13879669732785493,0.0,0.9206349206349206
4.6369705190222146E-4,0.007282733225126877,0.04741270376046333,0.16379869865183264,0.31681195940004636,0.32543351058277065,0.13879669732785554,0.0,0.5555555555555556
4.6369705190222015E-4,0.007282733225126857,0.0474127037604632,0.16379869865183216,0.3168119594000457,0.32543351058276976,0.13879669732785518,0.0,0.7777777777777778
4.6369705190222183E-4,0.007282733225126883,0.047412703760463366,0.16379869865183277,0.3168119594000473,0.3254335105827709,0.13879669732785566,0.0,0.49206349206349204
4.636970519022224E-4,0.0072827332251268915,0.04741270376046342,0.163798698651833,0.3168119594000469,0.32543351058277126,0.13879669732785582,0.0,0.3968253968253968
4.6369705190222265E-4,0.007282733225126896,0.04741270376046345,0.1637986986518331,0.3168119594000471,0.3254335105827715,0.1387966973278559,0.0,0.3492063492063492
4.6369705190222265E-4,0.007282733225126896,0.04741270376046345,0.16379869865183302,0.31681195940004714,0.3254335105827715,0.1387966973278559,0.0,0.3492063492063492
4.6369705190222064E-4,0.007282733225126865,0.04741270376046325,0.16379869865183228,0.31681195940004575,0.32543351058277004,0.1387966973278553,0.0,0.6984126984126984
4.636970519022232E-4,0.0072827332251269045,0.04741270376046351,0.1637986986518331,0.31681195940004775,0.3254335105827719,0.13879669732785607,0.0,0.25396825396825395
4.6369705190222124E-4,0.007282733225126874,0.04741270376046331,0.16379869865183252,0.3168119594000465,0.32543351058277054,0.1387966973278555,0.0,0.5873015873015873
4.63697051902222E-4,0.0072827332251268855,0.04741270376046339,0.16379869865183283,0.3168119594000466,0.32543351058277104,0.1387966973278557,0.0,0.4603174603174603
4.6369705190222183E-4,0.007282733225126883,0.047412703760463366,0.1637986986518327,0.316811959400047,0.3254335105827709,0.13879669732785566,0.0,0.49206349206349204
4.636970519022231E-4,0.007282733225126903,0.0474127037604635,0.16379869865183322,0.31681195940004797,0.3254335105827718,0.13879669732785604,0.0,0.2698412698412698
4.636970519022217E-4,0.007282733225126881,0.04741270376046336,0.1637986986518327,0.31681195940004653,0.3254335105827708,0.13879669732785563,0.0,0.5079365079365079
4.6369705190222265E-4,0.007282733225126896,0.04741270376046345,0.163798698651833,0.316811959400047,0.3254335105827715,0.1387966973278559,0.0,0.3492063492063492
4.6369705190222124E-4,0.007282733225126874,0.04741270376046331,0.16379869865183244,0.31681195940004664,0.32543351058277054,0.1387966973278555,0.0,0.5873015873015873
4.636970519022215E-4,0.0072827332251268785,0.04741270376046334,0.16379869865183252,0.31681195940004653,0.3254335105827707,0.13879669732785557,0.0,0.5396825396825397
4.636970519022239E-4,0.007282733225126916,0.04741270376046358,0.16379869865183333,0.3168119594000487,0.3254335105827724,0.1387966973278563,0.0,0.12698412698412698
4.6369705190222135E-4,0.007282733225126876,0.047412703760463325,0.16379869865183247,0.3168119594000471,0.32543351058277065,0.13879669732785552,0.0,0.5714285714285714
4.636970519022232E-4,0.0072827332251269045,0.04741270376046351,0.1637986986518332,0.31681195940004797,0.32543351058277187,0.13879669732785607,0.0,0.25396825396825395
4.636970519022219E-4,0.007282733225126885,0.04741270376046338,0.16379869865183264,0.3168119594000478,0.325433510582771,0.13879669732785568,0.0,0.47619047619047616
4.6369705190222227E-4,0.00728273322512689,0.047412703760463415,0.16379869865183286,0.3168119594000476,0.32543351058277126,0.1387966973278558,0.0,0.4126984126984127
4.6369705190222373E-4,0.007282733225126913,0.04741270376046357,0.16379869865183339,0.3168119594000481,0.32543351058277226,0.13879669732785624,0.0,0.15873015873015872
4.6369705190222324E-4,0.007282733225126905,0.04741270376046352,0.1637986986518332,0.31681195940004786,0.3254335105827719,0.1387966973278561,0.0,0.23809523809523808
4.636970519022212E-4,0.0072827332251268724,0.047412703760463304,0.1637986986518325,0.31681195940004636,0.3254335105827704,0.13879669732785546,0.0,0.6031746031746031
4.6369705190222183E-4,0.007282733225126883,0.047412703760463366,0.16379869865183272,0.3168119594000467,0.32543351058277087,0.13879669732785566,0.0,0.49206349206349204
4.6369705190222346E-4,0.007282733225126909,0.04741270376046354,0.16379869865183327,0.31681195940004797,0.3254335105827721,0.13879669732785616,0.0,0.20634920634920634
4.636970519022197E-4,0.00728273322512685,0.04741270376046316,0.163798698651832,0.31681195940004553,0.3254335105827695,0.13879669732785505,0.0,0.8571428571428571
4.636970519022221E-4,0.007282733225126887,0.047412703760463394,0.16379869865183286,0.3168119594000471,0.3254335105827711,0.13879669732785574,0.0,0.4444444444444444
4.636970519022201E-4,0.007282733225126856,0.04741270376046319,0.1637986986518321,0.3168119594000459,0.3254335105827697,0.13879669732785516,0.0,0.7936507936507936
4.636970519022219E-4,0.007282733225126885,0.04741270376046338,0.1637986986518328,0.31681195940004736,0.325433510582771,0.13879669732785568,0.0,0.47619047619047616
4.636970519022224E-4,0.0072827332251268915,0.04741270376046342,0.16379869865183297,0.31681195940004714,0.32543351058277126,0.13879669732785582,0.0,0.3968253968253968
4.63697051902223E-4,0.007282733225126901,0.04741270376046349,0.1637986986518332,0.3168119594000475,0.3254335105827717,0.13879669732785602,0.0,0.2857142857142857
4.6369705190222216E-4,0.007282733225126889,0.04741270376046341,0.1637986986518329,0.3168119594000468,0.32543351058277115,0.13879669732785577,0.0,0.42857142857142855
4.636970519022201E-4,0.007282733225126856,0.04741270376046319,0.16379869865183214,0.31681195940004525,0.3254335105827697,0.13879669732785516,0.0,0.7936507936507936
4.636970519022227E-4,0.007282733225126898,0.047412703760463464,0.16379869865183302,0.3168119594000474,0.3254335105827716,0.13879669732785593,0.0,0.3333333333333333
4.636970519022204E-4,0.007282733225126861,0.04741270376046323,0.16379869865183222,0.3168119594000458,0.32543351058277,0.13879669732785524,0.0,0.7301587301587301
4.6369705190222183E-4,0.007282733225126883,0.047412703760463366,0.16379869865183275,0.3168119594000466,0.32543351058277087,0.13879669732785566,0.0,0.49206349206349204
4.636970519022212E-4,0.0072827332251268724,0.047412703760463304,0.16379869865183247,0.31681195940004653,0.3254335105827705,0.13879669732785546,0.0,0.6031746031746031
4.636970519022229E-4,0.0072827332251269,0.04741270376046348,0.16379869865183316,0.3168119594000477,0.3254335105827717,0.138796697327856,0.0,0.30158730158730157
4.6369705190222183E-4,0.007282733225126883,0.047412703760463366,0.16379869865183275,0.31681195940004653,0.32543351058277087,0.13879669732785566,0.0,0.49206349206349204
4.636970519022219E-4,0.007282733225126885,0.04741270376046338,0.16379869865183277,0.3168119594000466,0.325433510582771,0.13879669732785568,0.0,0.47619047619047616
4.636970519022211E-4,0.007282733225126872,0.0474127037604633,0.16379869865183241,0.3168119594000464,0.3254335105827704,0.13879669732785543,0.0,0.6190476190476191
4.636970519022217E-4,0.007282733225126881,0.04741270376046336,0.16379869865183266,0.31681195940004664,0.3254335105827708,0.13879669732785563,0.0,0.5079365079365079
4.6369705190222346E-4,0.007282733225126909,0.04741270376046354,0.16379869865183322,0.31681195940004825,0.3254335105827721,0.13879669732785616,0.0,0.20634920634920634
4.6369705190222135E-4,0.007282733225126876,0.047412703760463325,0.1637986986518325,0.3168119594000468,0.32543351058277065,0.13879669732785552,0.0,0.5714285714285714
4.636970519022227E-4,0.007282733225126898,0.047412703760463464,0.163798698651833,0.31681195940004775,0.32543351058277153,0.13879669732785593,0.0,0.3333333333333333
4.6369705190222183E-4,0.007282733225126883,0.047412703760463366,0.16379869865183264,0.3168119594000474,0.32543351058277087,0.13879669732785566,0.0,0.49206349206349204
4.636970519022219E-4,0.007282733225126885,0.04741270376046338,0.16379869865183277,0.31681195940004725,0.325433510582771,0.13879669732785568,0.0,0.47619047619047616
4.6369705190222373E-4,0.007282733225126913,0.04741270376046357,0.16379869865183344,0.316811959400048,0.32543351058277226,0.13879669732785624,0.0,0.15873015873015872
4.636970519022229E-4,0.0072827332251269,0.04741270376046348,0.16379869865183308,0.31681195940004747,0.32543351058277165,0.138796697327856,0.0,0.30158730158730157
4.636970519022208E-4,0.007282733225126867,0.04741270376046327,0.1637986986518324,0.316811959400046,0.3254335105827702,0.13879669732785535,0.0,0.6666666666666666
4.6369705190222183E-4,0.007282733225126883,0.047412703760463366,0.16379869865183272,0.31681195940004653,0.32543351058277087,0.13879669732785566,0.0,0.49206349206349204
4.636970519022231E-4,0.007282733225126903,0.0474127037604635,0.1637986986518332,0.3168119594000475,0.3254335105827718,0.13879669732785604,0.0,0.2698412698412698
4.6369705190221945E-4,0.0072827332251268456,0.047412703760463124,0.16379869865183186,0.3168119594000453,0.32543351058276926,0.13879669732785496,0.0,0.9047619047619048
4.636970519022212E-4,0.0072827332251268724,0.047412703760463304,0.1637986986518325,0.31681195940004653,0.3254335105827704,0.13879669732785546,0.0,0.6031746031746031
4.6369705190222064E-4,0.007282733225126865,0.04741270376046325,0.16379869865183228,0.3168119594000462,0.32543351058277004,0.1387966973278553,0.0,0.6984126984126984
4.636970519022217E-4,0.007282733225126881,0.04741270376046336,0.16379869865183272,0.31681195940004697,0.32543351058277087,0.13879669732785563,0.0,0.5079365079365079
4.6369705190222243E-4,0.007282733225126893,0.047412703760463436,0.163798698651833,0.31681195940004714,0.3254335105827713,0.13879669732785585,0.0,0.38095238095238093
4.6369705190222265E-4,0.007282733225126896,0.04741270376046345,0.16379869865183308,0.3168119594000471,0.3254335105827715,0.1387966973278559,0.0,0.3492063492063492
4.63697051902222E-4,0.0072827332251268855,0.04741270376046339,0.16379869865183277,0.3168119594000466,0.32543351058277104,0.1387966973278557,0.0,0.4603174603174603
4.6369705190222015E-4,0.007282733225126857,0.0474127037604632,0.16379869865183214,0.3168119594000453,0.32543351058276976,0.13879669732785518,0.0,0.7777777777777778
4.63697051902222E-4,0.0072827332251268855,0.04741270376046339,0.16379869865183277,0.3168119594000467,0.32543351058277104,0.1387966973278557,0.0,0.4603174603174603
4.6369705190222053E-4,0.007282733225126863,0.04741270376046324,0.16379869865183222,0.3168119594000461,0.32543351058277004,0.13879669732785527,0.0,0.7142857142857143
4.6369705190222227E-4,0.00728273322512689,0.047412703760463415,0.16379869865183283,0.31681195940004686,0.3254335105827712,0.1387966973278558,0.0,0.4126984126984127
4.6369705190222037E-4,0.00728273322512686,0.04741270376046322,0.16379869865183214,0.3168119594000459,0.32543351058276987,0.1387966973278552,0.0,0.746031746031746
4.636970519022227E-4,0.007282733225126898,0.047412703760463464,0.163798698651833,0.3168119594000476,0.3254335105827716,0.13879669732785593,0.0,0.3333333333333333
4.636970519022209E-4,0.007282733225126869,0.047412703760463276,0.1637986986518324,0.3168119594000458,0.32543351058277026,0.13879669732785538,0.0,0.6507936507936508
4.636970519022219E-4,0.007282733225126885,0.04741270376046338,0.16379869865183272,0.31681195940004636,0.325433510582771,0.13879669732785568,0.0,0.47619047619047616
4.6369705190222053E-4,0.007282733225126863,0.04741270376046324,0.16379869865183222,0.3168119594000457,0.32543351058277004,0.13879669732785527,0.0,0.7142857142857143
4.636970519022212E-4,0.0072827332251268724,0.047412703760463304,0.16379869865183247,0.31681195940004614,0.3254335105827704,0.13879669732785546,0.0,0.6031746031746031
4.6369705190222243E-4,0.007282733225126893,0.047412703760463436,0.16379869865183283,0.3168119594000472,0.3254335105827713,0.13879669732785585,0.0,0.38095238095238093
4.6369705190222183E-4,0.007282733225126883,0.047412703760463366,0.1637986986518326,0.31681195940004736,0.3254335105827709,0.13879669732785566,0.0,0.49206349206349204
4.636970519022231E-4,0.007282733225126903,0.0474127037604635,0.1637986986518331,0.31681195940004786,0.3254335105827718,0.13879669732785604,0.0,0.2698412698412698
4.6369705190222227E-4,0.00728273322512689,0.047412703760463415,0.16379869865183277,0.3168119594000477,0.3254335105827712,0.1387966973278558,0.0,0.4126984126984127
4.6369705190222254E-4,0.007282733225126894,0.04741270376046344,0.16379869865183294,0.31681195940004764,0.3254335105827715,0.13879669732785588,0.0,0.36507936507936506
4.6369705190222346E-4,0.007282733225126909,0.04741270376046354,0.16379869865183327,0.3168119594000477,0.32543351058277203,0.13879669732785616,0.0,0.20634920634920634
4.636970519022239E-4,0.007282733225126916,0.04741270376046358,0.16379869865183339,0.31681195940004797,0.32543351058277237,0.1387966973278563,0.0,0.12698412698412698
4.636970519022204E-4,0.007282733225126861,0.04741270376046323,0.1637986986518322,0.3168119594000455,0.3254335105827699,0.13879669732785524,0.0,0.7301587301587301
4.6369705190222064E-4,0.007282733225126865,0.04741270376046325,0.1637986986518323,0.31681195940004553,0.32543351058277004,0.1387966973278553,0.0,0.6984126984126984
4.6369705190222227E-4,0.00728273322512689,0.047412703760463415,0.16379869865183289,0.3168119594000464,0.3254335105827712,0.1387966973278558,0.0,0.4126984126984127
4.636970519022207E-4,0.0072827332251268655,0.047412703760463255,0.16379869865183225,0.31681195940004636,0.32543351058277015,0.13879669732785532,0.0,0.6825396825396826
4.636970519022221E-4,0.007282733225126887,0.047412703760463394,0.1637986986518328,0.316811959400047,0.3254335105827711,0.13879669732785574,0.0,0.4444444444444444
4.6369705190222146E-4,0.007282733225126877,0.04741270376046333,0.16379869865183255,0.3168119594000465,0.32543351058277065,0.13879669732785554,0.0,0.5555555555555556
4.636970519022227E-4,0.007282733225126898,0.047412703760463464,0.163798698651833,0.3168119594000476,0.32543351058277153,0.13879669732785593,0.0,0.3333333333333333
4.6369705190222227E-4,0.00728273322512689,0.047412703760463415,0.16379869865183289,0.3168119594000468,0.3254335105827712,0.1387966973278558,0.0,0.4126984126984127
4.636970519022236E-4,0.0072827332251269115,0.047412703760463554,0.16379869865183339,0.31681195940004747,0.32543351058277215,0.1387966973278562,0.0,0.1746031746031746
4.636970519022217E-4,0.007282733225126883,0.04741270376046334,0.16379869865183266,0.3168119594000466,0.3254335105827708,0.13879669732785563,0.0,0.5079365079365079
4.636970519022204E-4,0.007282733225126863,0.04741270376046321,0.16379869865183222,0.3168119594000456,0.3254335105827699,0.13879669732785524,0.0,0.7301587301587301
4.636970519022219E-4,0.0072827332251268855,0.04741270376046335,0.16379869865183275,0.3168119594000467,0.325433510582771,0.13879669732785568,0.0,0.47619047619047616
4.6369705190222064E-4,0.0072827332251268655,0.04741270376046322,0.16379869865183228,0.3168119594000462,0.32543351058277004,0.1387966973278553,0.0,0.6984126984126984
4.636970519022224E-4,0.007282733225126893,0.0474127037604634,0.1637986986518329,0.3168119594000468,0.32543351058277126,0.13879669732785582,0.0,0.3968253968253968
4.6369705190222064E-4,0.0072827332251268655,0.04741270376046322,0.16379869865183228,0.3168119594000461,0.32543351058277004,0.1387966973278553,0.0,0.6984126984126984
4.6369705190222183E-4,0.007282733225126885,0.047412703760463346,0.16379869865183272,0.316811959400047,0.32543351058277087,0.13879669732785566,0.0,0.49206349206349204
4.6369705190222097E-4,0.007282733225126872,0.04741270376046326,0.16379869865183244,0.3168119594000459,0.3254335105827703,0.1387966973278554,0.0,0.6349206349206349
4.636970519022215E-4,0.00728273322512688,0.04741270376046332,0.1637986986518326,0.3168119594000462,0.32543351058277076,0.13879669732785557,0.0,0.5396825396825397
4.6369705190222135E-4,0.007282733225126878,0.0474127037604633,0.1637986986518325,0.3168119594000463,0.32543351058277065,0.13879669732785552,0.0,0.5714285714285714
4.6369705190222146E-4,0.0072827332251268785,0.047412703760463304,0.16379869865183252,0.31681195940004636,0.3254335105827707,0.13879669732785554,0.0,0.5555555555555556
4.6369705190222183E-4,0.007282733225126885,0.047412703760463346,0.16379869865183264,0.31681195940004675,0.3254335105827709,0.13879669732785566,0.0,0.49206349206349204
4.636970519022219E-4,0.0072827332251268855,0.04741270376046335,0.16379869865183264,0.3168119594000474,0.325433510582771,0.13879669732785568,0.0,0.47619047619047616
4.636970519022232E-4,0.007282733225126906,0.047412703760463484,0.16379869865183314,0.31681195940004775,0.32543351058277187,0.13879669732785607,0.0,0.25396825396825395
4.636970519022217E-4,0.007282733225126883,0.04741270376046334,0.16379869865183258,0.3168119594000471,0.32543351058277087,0.13879669732785563,0.0,0.5079365079365079
4.63697051902222E-4,0.007282733225126887,0.047412703760463366,0.16379869865183272,0.31681195940004725,0.3254335105827711,0.1387966973278557,0.0,0.4603174603174603
4.636970519022228E-4,0.0072827332251269,0.04741270376046345,0.16379869865183308,0.3168119594000473,0.3254335105827716,0.13879669732785596,0.0,0.31746031746031744
4.636970519022227E-4,0.0072827332251268985,0.047412703760463436,0.163798698651833,0.3168119594000472,0.32543351058277153,0.13879669732785593,0.0,0.3333333333333333
4.636970519022204E-4,0.007282733225126863,0.04741270376046321,0.1637986986518322,0.3168119594000457,0.3254335105827699,0.13879669732785524,0.0,0.7301587301587301
4.6369705190222064E-4,0.0072827332251268655,0.04741270376046322,0.16379869865183228,0.31681195940004575,0.32543351058277004,0.1387966973278553,0.0,0.6984126984126984
4.636970519022217E-4,0.007282733225126883,0.04741270376046334,0.16379869865183266,0.31681195940004636,0.3254335105827708,0.13879669732785563,0.0,0.5079365079365079
4.636970519022204E-4,0.007282733225126863,0.04741270376046321,0.16379869865183216,0.31681195940004603,0.32543351058277,0.13879669732785524,0.0,0.7301587301587301
4.6369705190222183E-4,0.007282733225126885,0.047412703760463346,0.16379869865183272,0.3168119594000467,0.32543351058277087,0.13879669732785566,0.0,0.49206349206349204
4.6369705190222135E-4,0.007282733225126878,0.0474127037604633,0.16379869865183252,0.3168119594000465,0.32543351058277065,0.13879669732785552,0.0,0.5714285714285714
4.636970519022221E-4,0.007282733225126889,0.04741270376046337,0.16379869865183277,0.31681195940004725,0.3254335105827711,0.13879669732785574,0.0,0.4444444444444444
4.6369705190222265E-4,0.007282733225126898,0.04741270376046343,0.16379869865183305,0.3168119594000471,0.3254335105827715,0.1387966973278559,0.0,0.3492063492063492
4.6369705190222265E-4,0.007282733225126898,0.04741270376046343,0.16379869865183302,0.316811959400047,0.3254335105827715,0.1387966973278559,0.0,0.3492063492063492
4.636970519022224E-4,0.007282733225126893,0.0474127037604634,0.16379869865183289,0.3168119594000469,0.32543351058277126,0.13879669732785582,0.0,0.3968253968253968
4.636970519022204E-4,0.007282733225126863,0.04741270376046321,0.16379869865183222,0.31681195940004564,0.3254335105827699,0.13879669732785524,0.0,0.7301587301587301
4.636970519022219E-4,0.0072827332251268855,0.04741270376046335,0.1637986986518327,0.3168119594000466,0.325433510582771,0.13879669732785568,0.0,0.47619047619047616
4.6369705190222064E-4,0.0072827332251268655,0.04741270376046322,0.16379869865183228,0.31681195940004603,0.32543351058277004,0.1387966973278553,0.0,0.6984126984126984
4.6369705190222227E-4,0.0072827332251268915,0.047412703760463394,0.16379869865183289,0.31681195940004686,0.3254335105827712,0.1387966973278558,0.0,0.4126984126984127
4.636970519022208E-4,0.007282733225126869,0.04741270376046324,0.16379869865183233,0.31681195940004625,0.3254335105827702,0.13879669732785535,0.0,0.6666666666666666
4.6369705190222216E-4,0.00728273322512689,0.04741270376046338,0.16379869865183283,0.31681195940004725,0.32543351058277115,0.13879669732785577,0.0,0.42857142857142855
4.6369705190222146E-4,0.0072827332251268785,0.047412703760463304,0.1637986986518326,0.3168119594000463,0.32543351058277065,0.13879669732785554,0.0,0.5555555555555556
4.636970519022224E-4,0.007282733225126893,0.0474127037604634,0.1637986986518329,0.3168119594000468,0.3254335105827713,0.13879669732785582,0.0,0.3968253968253968
4.6369705190222135E-4,0.007282733225126878,0.0474127037604633,0.16379869865183247,0.3168119594000463,0.3254335105827706,0.13879669732785552,0.0,0.5714285714285714
4.636970519022216E-4,0.007282733225126882,0.047412703760463325,0.16379869865183258,0.3168119594000466,0.32543351058277076,0.1387966973278556,0.0,0.5238095238095238
4.636970519022219E-4,0.0072827332251268855,0.04741270376046335,0.1637986986518326,0.3168119594000467,0.325433510582771,0.13879669732785568,0.0,0.47619047619047616
4.636970519022221E-4,0.007282733225126889,0.04741270376046337,0.16379869865183272,0.3168119594000474,0.32543351058277115,0.13879669732785574,0.0,0.4444444444444444
4.63697051902223E-4,0.007282733225126903,0.047412703760463464,0.16379869865183308,0.3168119594000478,0.3254335105827717,0.13879669732785602,0.0,0.2857142857142857
4.63697051902222E-4,0.007282733225126887,0.047412703760463366,0.16379869865183266,0.31681195940004736,0.3254335105827711,0.1387966973278557,0.0,0.4603174603174603
4.6369705190222183E-4,0.007282733225126885,0.047412703760463346,0.1637986986518327,0.3168119594000471,0.3254335105827709,0.13879669732785566,0.0,0.49206349206349204
4.6369705190222324E-4,0.007282733225126907,0.04741270376046349,0.16379869865183322,0.31681195940004775,0.3254335105827719,0.1387966973278561,0.0,0.23809523809523808
4.636970519022231E-4,0.0072827332251269045,0.04741270376046348,0.16379869865183314,0.3168119594000476,0.3254335105827718,0.13879669732785604,0.0,0.2698412698412698
4.636970519022207E-4,0.007282733225126867,0.047412703760463235,0.1637986986518323,0.31681195940004586,0.32543351058277015,0.13879669732785532,0.0,0.6825396825396826
4.636970519022208E-4,0.007282733225126869,0.04741270376046324,0.16379869865183236,0.31681195940004586,0.3254335105827702,0.13879669732785535,0.0,0.6666666666666666
4.636970519022217E-4,0.007282733225126883,0.04741270376046334,0.16379869865183266,0.31681195940004625,0.3254335105827708,0.13879669732785563,0.0,0.5079365079365079
4.636970519022208E-4,0.007282733225126869,0.04741270376046324,0.1637986986518323,0.3168119594000465,0.3254335105827702,0.13879669732785535,0.0,0.6666666666666666
4.6369705190222183E-4,0.007282733225126885,0.047412703760463346,0.16379869865183272,0.3168119594000469,0.32543351058277087,0.13879669732785566,0.0,0.49206349206349204
4.636970519022215E-4,0.00728273322512688,0.04741270376046332,0.16379869865183258,0.3168119594000468,0.32543351058277076,0.13879669732785557,0.0,0.5396825396825397
4.6369705190222243E-4,0.007282733225126894,0.04741270376046341,0.16379869865183294,0.31681195940004747,0.3254335105827713,0.13879669732785585,0.0,0.38095238095238093
4.6369705190222254E-4,0.007282733225126896,0.04741270376046342,0.16379869865183302,0.3168119594000472,0.3254335105827714,0.13879669732785588,0.0,0.36507936507936506
4.636970519022229E-4,0.007282733225126902,0.04741270376046346,0.1637986986518331,0.3168119594000472,0.32543351058277165,0.138796697327856,0.0,0.30158730158730157
4.6369705190222124E-4,0.007282733225126876,0.04741270376046329,0.16379869865183252,0.31681195940004614,0.32543351058277054,0.1387966973278555,0.0,0.5873015873015873
4.6369705190222053E-4,0.007282733225126865,0.047412703760463214,0.16379869865183228,0.3168119594000457,0.32543351058277,0.13879669732785527,0.0,0.7142857142857143
4.636970519022217E-4,0.007282733225126883,0.04741270376046334,0.16379869865183266,0.3168119594000464,0.3254335105827708,0.13879669732785563,0.0,0.5079365079365079
4.636970519022207E-4,0.007282733225126867,0.047412703760463235,0.1637986986518323,0.31681195940004625,0.32543351058277015,0.13879669732785532,0.0,0.6825396825396826
4.636970519022216E-4,0.007282733225126882,0.047412703760463325,0.16379869865183264,0.3168119594000465,0.32543351058277076,0.1387966973278556,0.0,0.5238095238095238
4.636970519022207E-4,0.007282733225126867,0.047412703760463235,0.16379869865183228,0.31681195940004625,0.32543351058277015,0.13879669732785532,0.0,0.6825396825396826
4.636970519022219E-4,0.0072827332251268855,0.04741270376046335,0.16379869865183275,0.3168119594000471,0.325433510582771,0.13879669732785568,0.0,0.47619047619047616
4.636970519022209E-4,0.00728273322512687,0.04741270376046325,0.16379869865183241,0.3168119594000459,0.32543351058277026,0.13879669732785538,0.0,0.6507936507936508
4.636970519022215E-4,0.00728273322512688,0.04741270376046332,0.1637986986518326,0.3168119594000462,0.32543351058277076,0.13879669732785557,0.0,0.5396825396825397
4.6369705190222135E-4,0.007282733225126878,0.0474127037604633,0.1637986986518325,0.3168119594000463,0.3254335105827706,0.13879669732785552,0.0,0.5714285714285714
4.636970519022212E-4,0.007282733225126874,0.047412703760463276,0.16379869865183247,0.3168119594000462,0.3254335105827704,0.13879669732785546,0.0,0.6031746031746031
4.636970519022217E-4,0.007282733225126883,0.04741270376046334,0.1637986986518326,0.31681195940004653,0.3254335105827708,0.13879669732785563,0.0,0.5079365079365079
4.636970519022219E-4,0.0072827332251268855,0.04741270376046335,0.16379869865183266,0.3168119594000472,0.325433510582771,0.13879669732785568,0.0,0.47619047619047616
4.6369705190222254E-4,0.007282733225126896,0.04741270376046342,0.1637986986518329,0.3168119594000475,0.3254335105827714,0.13879669732785588,0.0,0.36507936507936506
4.6369705190222183E-4,0.007282733225126885,0.047412703760463346,0.1637986986518326,0.31681195940004725,0.3254335105827709,0.13879669732785566,0.0,0.49206349206349204
4.63697051902222E-4,0.007282733225126887,0.047412703760463366,0.16379869865183277,0.3168119594000472,0.3254335105827711,0.1387966973278557,0.0,0.4603174603174603
4.636970519022232E-4,0.007282733225126906,0.047412703760463484,0.16379869865183322,0.3168119594000476,0.32543351058277187,0.13879669732785607,0.0,0.25396825396825395
4.6369705190222265E-4,0.007282733225126898,0.04741270376046343,0.16379869865183297,0.3168119594000472,0.3254335105827715,0.1387966973278559,0.0,0.3492063492063492
4.6369705190222026E-4,0.00728273322512686,0.047412703760463186,0.16379869865183214,0.3168119594000454,0.3254335105827698,0.1387966973278552,0.0,0.7619047619047619
4.6369705190222026E-4,0.00728273322512686,0.047412703760463186,0.1637986986518322,0.31681195940004536,0.3254335105827698,0.1387966973278552,0.0,0.7619047619047619
4.636970519022217E-4,0.007282733225126883,0.04741270376046334,0.16379869865183266,0.3168119594000462,0.3254335105827708,0.13879669732785563,0.0,0.5079365079365079
4.636970519022204E-4,0.007282733225126863,0.04741270376046321,0.16379869865183216,0.31681195940004603,0.32543351058277,0.13879669732785524,0.0,0.7301587301587301
4.636970519022217E-4,0.007282733225126883,0.04741270376046334,0.16379869865183266,0.3168119594000469,0.3254335105827708,0.13879669732785563,0.0,0.5079365079365079
4.636970519022216E-4,0.007282733225126882,0.047412703760463325,0.1637986986518326,0.3168119594000467,0.3254335105827708,0.1387966973278556,0.0,0.5238095238095238
4.636970519022221E-4,0.007282733225126889,0.04741270376046337,0.16379869865183277,0.31681195940004725,0.3254335105827711,0.13879669732785574,0.0,0.4444444444444444
4.636970519022221E-4,0.007282733225126889,0.04741270376046337,0.16379869865183283,0.3168119594000468,0.3254335105827711,0.13879669732785574,0.0,0.4444444444444444
4.6369705190222265E-4,0.007282733225126898,0.04741270376046343,0.16379869865183302,0.3168119594000471,0.3254335105827715,0.1387966973278559,0.0,0.3492063492063492
4.6369705190222227E-4,0.00728273322512689,0.047412703760463415,0.16379869865183283,0.31681195940004664,0.3254335105827712,0.1387966973278558,0.0,0.4126984126984127
4.6369705190222026E-4,0.0072827332251268586,0.047412703760463214,0.16379869865183216,0.31681195940004536,0.3254335105827698,0.1387966973278552,0.0,0.7619047619047619
4.6369705190222216E-4,0.007282733225126889,0.04741270376046341,0.1637986986518328,0.3168119594000468,0.32543351058277115,0.13879669732785577,0.0,0.42857142857142855
4.636970519022207E-4,0.0072827332251268655,0.047412703760463255,0.16379869865183228,0.3168119594000462,0.32543351058277015,0.13879669732785532,0.0,0.6825396825396826
4.6369705190222227E-4,0.00728273322512689,0.047412703760463415,0.16379869865183286,0.31681195940004686,0.3254335105827712,0.1387966973278558,0.0,0.4126984126984127
4.6369705190222037E-4,0.00728273322512686,0.04741270376046322,0.16379869865183214,0.3168119594000459,0.32543351058276987,0.1387966973278552,0.0,0.746031746031746
4.63697051902223E-4,0.007282733225126901,0.04741270376046349,0.16379869865183308,0.3168119594000477,0.32543351058277176,0.13879669732785602,0.0,0.2857142857142857
4.636970519022211E-4,0.007282733225126872,0.0474127037604633,0.16379869865183244,0.316811959400046,0.32543351058277037,0.13879669732785543,0.0,0.6190476190476191
4.636970519022221E-4,0.007282733225126887,0.047412703760463394,0.1637986986518328,0.3168119594000464,0.3254335105827711,0.13879669732785574,0.0,0.4444444444444444
4.6369705190222053E-4,0.007282733225126863,0.04741270376046324,0.1637986986518322,0.3168119594000458,0.32543351058277004,0.13879669732785527,0.0,0.7142857142857143
4.636970519022212E-4,0.0072827332251268724,0.047412703760463304,0.16379869865183247,0.3168119594000461,0.3254335105827704,0.13879669732785546,0.0,0.6031746031746031
4.6369705190222243E-4,0.007282733225126893,0.047412703760463436,0.16379869865183283,0.3168119594000472,0.3254335105827713,0.13879669732785585,0.0,0.38095238095238093
4.6369705190222183E-4,0.007282733225126883,0.047412703760463366,0.1637986986518326,0.31681195940004736,0.3254335105827709,0.13879669732785566,0.0,0.49206349206349204
4.63697051902223E-4,0.007282733225126901,0.04741270376046349,0.1637986986518331,0.3168119594000477,0.3254335105827717,0.13879669732785602,0.0,0.2857142857142857
4.6369705190222243E-4,0.007282733225126893,0.047412703760463436,0.16379869865183283,0.3168119594000479,0.3254335105827713,0.13879669732785585,0.0,0.38095238095238093
4.6369705190222254E-4,0.007282733225126894,0.04741270376046344,0.1637986986518329,0.3168119594000475,0.3254335105827715,0.13879669732785588,0.0,0.36507936507936506
4.6369705190222346E-4,0.007282733225126909,0.04741270376046354,0.16379869865183327,0.31681195940004764,0.32543351058277203,0.13879669732785616,0.0,0.20634920634920634
4.636970519022238E-4,0.007282733225126914,0.047412703760463575,0.16379869865183336,0.3168119594000478,0.3254335105827723,0.13879669732785627,0.0,0.14285714285714285
4.636970519022204E-4,0.007282733225126861,0.04741270376046323,0.16379869865183216,0.3168119594000454,0.3254335105827699,0.13879669732785524,0.0,0.7301587301587301
4.6369705190222037E-4,0.00728273322512686,0.04741270376046322,0.1637986986518322,0.3168119594000453,0.32543351058276987,0.1387966973278552,0.0,0.746031746031746
4.6369705190222216E-4,0.007282733225126889,0.04741270376046341,0.16379869865183283,0.3168119594000464,0.32543351058277115,0.13879669732785577,0.0,0.42857142857142855
4.636970519022207E-4,0.0072827332251268655,0.047412703760463255,0.16379869865183228,0.31681195940004636,0.32543351058277015,0.13879669732785532,0.0,0.6825396825396826
4.636970519022219E-4,0.007282733225126885,0.04741270376046338,0.16379869865183275,0.3168119594000468,0.325433510582771,0.13879669732785568,0.0,0.47619047619047616
4.636970519022212E-4,0.0072827332251268724,0.047412703760463304,0.16379869865183244,0.3168119594000463,0.3254335105827704,0.13879669732785546,0.0,0.6031746031746031
4.6369705190222265E-4,0.007282733225126896,0.04741270376046345,0.16379869865183294,0.3168119594000475,0.3254335105827715,0.1387966973278559,0.0,0.3492063492063492
4.6369705190222227E-4,0.00728273322512689,0.047412703760463415,0.16379869865183289,0.3168119594000467,0.3254335105827712,0.1387966973278558,0.0,0.4126984126984127
4.636970519022236E-4,0.0072827332251269115,0.047412703760463554,0.16379869865183339,0.31681195940004747,0.32543351058277215,0.1387966973278562,0.0,0.1746031746031746
4.636970519022217E-4,0.007282733225126883,0.04741270376046334,0.16379869865183266,0.3168119594000466,0.3254335105827708,0.13879669732785563,0.0,0.5079365079365079
4.6369705190222053E-4,0.007282733225126865,0.047412703760463214,0.16379869865183225,0.3168119594000457,0.32543351058277,0.13879669732785527,0.0,0.7142857142857143
4.636970519022219E-4,0.0072827332251268855,0.04741270376046335,0.16379869865183272,0.3168119594000467,0.325433510582771,0.13879669732785568,0.0,0.47619047619047616
4.636970519022209E-4,0.00728273322512687,0.04741270376046325,0.16379869865183236,0.31681195940004636,0.32543351058277026,0.13879669732785538,0.0,0.6507936507936508
4.6369705190222227E-4,0.0072827332251268915,0.047412703760463394,0.16379869865183289,0.3168119594000467,0.3254335105827712,0.1387966973278558,0.0,0.4126984126984127
4.6369705190222064E-4,0.0072827332251268655,0.04741270376046322,0.16379869865183228,0.31681195940004603,0.32543351058277004,0.1387966973278553,0.0,0.6984126984126984
4.636970519022221E-4,0.007282733225126889,0.04741270376046337,0.16379869865183277,0.31681195940004725,0.3254335105827711,0.13879669732785574,0.0,0.4444444444444444
4.636970519022212E-4,0.007282733225126874,0.047412703760463276,0.1637986986518325,0.3168119594000461,0.3254335105827704,0.13879669732785546,0.0,0.6031746031746031
4.636970519022215E-4,0.00728273322512688,0.04741270376046332,0.1637986986518326,0.31681195940004625,0.32543351058277076,0.13879669732785557,0.0,0.5396825396825397
4.636970519022209E-4,0.00728273322512687,0.04741270376046325,0.1637986986518323,0.3168119594000461,0.3254335105827703,0.13879669732785538,0.0,0.6507936507936508
4.6369705190222135E-4,0.007282733225126878,0.0474127037604633,0.1637986986518325,0.31681195940004625,0.32543351058277065,0.13879669732785552,0.0,0.5714285714285714
4.6369705190222183E-4,0.007282733225126885,0.047412703760463346,0.16379869865183264,0.3168119594000468,0.3254335105827709,0.13879669732785566,0.0,0.49206349206349204
4.63697051902222E-4,0.007282733225126887,0.047412703760463366,0.1637986986518327,0.31681195940004747,0.3254335105827711,0.1387966973278557,0.0,0.4603174603174603
4.636970519022232E-4,0.007282733225126906,0.047412703760463484,0.16379869865183316,0.31681195940004775,0.32543351058277187,0.13879669732785607,0.0,0.25396825396825395
4.63697051902222E-4,0.007282733225126887,0.047412703760463366,0.1637986986518327,0.31681195940004736,0.3254335105827711,0.1387966973278557,0.0,0.4603174603174603
4.636970519022221E-4,0.007282733225126889,0.04741270376046337,0.16379869865183277,0.31681195940004725,0.32543351058277115,0.13879669732785574,0.0,0.4444444444444444
4.636970519022229E-4,0.007282733225126902,0.04741270376046346,0.1637986986518331,0.31681195940004736,0.32543351058277165,0.138796697327856,0.0,0.30158730158730157
4.6369705190222254E-4,0.007282733225126896,0.04741270376046342,0.16379869865183294,0.3168119594000471,0.3254335105827714,0.13879669732785588,0.0,0.36507936507936506
4.636970519022204E-4,0.007282733225126863,0.04741270376046321,0.1637986986518322,0.31681195940004564,0.3254335105827699,0.13879669732785524,0.0,0.7301587301587301
4.6369705190222053E-4,0.007282733225126865,0.047412703760463214,0.16379869865183225,0.3168119594000456,0.32543351058277,0.13879669732785527,0.0,0.7142857142857143
4.636970519022216E-4,0.007282733225126882,0.047412703760463325,0.16379869865183264,0.31681195940004625,0.32543351058277076,0.1387966973278556,0.0,0.5238095238095238
4.636970519022207E-4,0.007282733225126867,0.047412703760463235,0.16379869865183228,0.3168119594000463,0.32543351058277015,0.13879669732785532,0.0,0.6825396825396826
4.636970519022217E-4,0.007282733225126883,0.04741270376046334,0.1637986986518327,0.3168119594000466,0.3254335105827708,0.13879669732785563,0.0,0.5079365079365079
4.636970519022211E-4,0.007282733225126873,0.04741270376046327,0.16379869865183241,0.31681195940004625,0.3254335105827704,0.13879669732785543,0.0,0.6190476190476191
4.636970519022221E-4,0.007282733225126889,0.04741270376046337,0.16379869865183277,0.3168119594000473,0.3254335105827711,0.13879669732785574,0.0,0.4444444444444444
4.6369705190222254E-4,0.007282733225126896,0.04741270376046342,0.16379869865183302,0.31681195940004697,0.3254335105827714,0.13879669732785588,0.0,0.36507936507936506
4.6369705190222265E-4,0.007282733225126898,0.04741270376046343,0.16379869865183305,0.31681195940004697,0.3254335105827715,0.1387966973278559,0.0,0.3492063492063492
4.6369705190222265E-4,0.007282733225126898,0.04741270376046343,0.16379869865183294,0.3168119594000471,0.3254335105827715,0.1387966973278559,0.0,0.3492063492063492
4.6369705190222064E-4,0.0072827332251268655,0.04741270376046322,0.16379869865183228,0.3168119594000457,0.32543351058277004,0.1387966973278553,0.0,0.6984126984126984
4.63697051902222E-4,0.007282733225126887,0.047412703760463366,0.1637986986518327,0.3168119594000467,0.32543351058277104,0.1387966973278557,0.0,0.4603174603174603
4.636970519022209E-4,0.00728273322512687,0.04741270376046325,0.16379869865183236,0.3168119594000462,0.32543351058277026,0.13879669732785538,0.0,0.6507936507936508
4.6369705190222254E-4,0.007282733225126896,0.04741270376046342,0.16379869865183297,0.31681195940004697,0.3254335105827714,0.13879669732785588,0.0,0.36507936507936506
4.636970519022209E-4,0.00728273322512687,0.04741270376046325,0.1637986986518323,0.3168119594000463,0.32543351058277026,0.13879669732785538,0.0,0.6507936507936508
4.636970519022227E-4,0.0072827332251268985,0.047412703760463436,0.16379869865183297,0.3168119594000476,0.32543351058277153,0.13879669732785593,0.0,0.3333333333333333
4.6369705190222146E-4,0.0072827332251268785,0.047412703760463304,0.16379869865183258,0.3168119594000463,0.32543351058277065,0.13879669732785554,0.0,0.5555555555555556
4.63697051902223E-4,0.007282733225126903,0.047412703760463464,0.1637986986518331,0.3168119594000473,0.32543351058277176,0.13879669732785602,0.0,0.2857142857142857
4.6369705190222146E-4,0.0072827332251268785,0.047412703760463304,0.1637986986518325,0.3168119594000464,0.32543351058277065,0.13879669732785554,0.0,0.5555555555555556
4.636970519022217E-4,0.007282733225126883,0.04741270376046334,0.1637986986518326,0.3168119594000466,0.3254335105827708,0.13879669732785563,0.0,0.5079365079365079
4.636970519022219E-4,0.0072827332251268855,0.04741270376046335,0.1637986986518326,0.31681195940004675,0.325433510582771,0.13879669732785568,0.0,0.47619047619047616
4.6369705190222227E-4,0.0072827332251268915,0.047412703760463394,0.16379869865183277,0.3168119594000475,0.32543351058277126,0.1387966973278558,0.0,0.4126984126984127
4.636970519022231E-4,0.0072827332251269045,0.04741270376046348,0.16379869865183314,0.3168119594000478,0.3254335105827718,0.13879669732785604,0.0,0.2698412698412698
4.6369705190222216E-4,0.00728273322512689,0.04741270376046338,0.16379869865183272,0.3168119594000475,0.3254335105827712,0.13879669732785577,0.0,0.42857142857142855
4.63697051902222E-4,0.007282733225126887,0.047412703760463366,0.16379869865183272,0.31681195940004714,0.3254335105827711,0.1387966973278557,0.0,0.4603174603174603
4.6369705190222335E-4,0.007282733225126909,0.047412703760463505,0.16379869865183325,0.31681195940004775,0.325433510582772,0.13879669732785613,0.0,0.2222222222222222
4.6369705190222335E-4,0.007282733225126909,0.047412703760463505,0.1637986986518332,0.31681195940004775,0.325433510582772,0.13879669732785613,0.0,0.2222222222222222
4.636970519022208E-4,0.007282733225126869,0.04741270376046324,0.16379869865183228,0.3168119594000459,0.3254335105827702,0.13879669732785535,0.0,0.6666666666666666
4.636970519022209E-4,0.00728273322512687,0.04741270376046325,0.16379869865183236,0.316811959400046,0.32543351058277026,0.13879669732785538,0.0,0.6507936507936508
4.6369705190222183E-4,0.007282733225126885,0.047412703760463346,0.1637986986518327,0.31681195940004636,0.32543351058277087,0.13879669732785566,0.0,0.49206349206349204
4.636970519022209E-4,0.00728273322512687,0.04741270376046325,0.16379869865183233,0.3168119594000465,0.32543351058277026,0.13879669732785538,0.0,0.6507936507936508
4.6369705190222183E-4,0.007282733225126885,0.047412703760463346,0.16379869865183272,0.3168119594000469,0.32543351058277087,0.13879669732785566,0.0,0.49206349206349204
4.636970519022212E-4,0.007282733225126874,0.047412703760463276,0.16379869865183247,0.3168119594000466,0.3254335105827705,0.13879669732785546,0.0,0.6031746031746031
4.6369705190222254E-4,0.007282733225126896,0.04741270376046342,0.16379869865183294,0.3168119594000475,0.3254335105827714,0.13879669732785588,0.0,0.36507936507936506
4.6369705190222254E-4,0.007282733225126896,0.04741270376046342,0.163798698651833,0.3168119594000472,0.3254335105827714,0.13879669732785588,0.0,0.36507936507936506
4.636970519022229E-4,0.007282733225126902,0.04741270376046346,0.16379869865183314,0.3168119594000473,0.32543351058277165,0.138796697327856,0.0,0.30158730158730157
4.6369705190222146E-4,0.0072827332251268785,0.047412703760463304,0.16379869865183258,0.31681195940004625,0.32543351058277065,0.13879669732785554,0.0,0.5555555555555556
4.6369705190222064E-4,0.0072827332251268655,0.04741270376046322,0.16379869865183228,0.31681195940004575,0.32543351058277004,0.1387966973278553,0.0,0.6984126984126984
4.636970519022219E-4,0.0072827332251268855,0.04741270376046335,0.1637986986518327,0.3168119594000466,0.325433510582771,0.13879669732785568,0.0,0.47619047619047616
4.636970519022208E-4,0.007282733225126869,0.04741270376046324,0.16379869865183233,0.3168119594000462,0.3254335105827702,0.13879669732785535,0.0,0.6666666666666666
4.6369705190222183E-4,0.007282733225126885,0.047412703760463346,0.16379869865183272,0.3168119594000466,0.32543351058277087,0.13879669732785566,0.0,0.49206349206349204
4.636970519022209E-4,0.00728273322512687,0.04741270376046325,0.16379869865183233,0.3168119594000463,0.32543351058277026,0.13879669732785538,0.0,0.6507936507936508
4.636970519022221E-4,0.007282733225126889,0.04741270376046337,0.1637986986518328,0.31681195940004725,0.3254335105827711,0.13879669732785574,0.0,0.4444444444444444
4.6369705190222124E-4,0.007282733225126876,0.04741270376046329,0.1637986986518325,0.3168119594000462,0.32543351058277054,0.1387966973278555,0.0,0.5873015873015873
4.636970519022221E-4,0.007282733225126889,0.04741270376046337,0.16379869865183277,0.3168119594000467,0.32543351058277115,0.13879669732785574,0.0,0.4444444444444444
4.6369705190222097E-4,0.007282733225126872,0.04741270376046326,0.16379869865183236,0.3168119594000461,0.3254335105827703,0.1387966973278554,0.0,0.6349206349206349
4.6369705190222135E-4,0.007282733225126878,0.0474127037604633,0.16379869865183252,0.3168119594000463,0.3254335105827706,0.13879669732785552,0.0,0.5714285714285714
4.636970519022217E-4,0.007282733225126883,0.04741270376046334,0.1637986986518326,0.3168119594000466,0.3254335105827708,0.13879669732785563,0.0,0.5079365079365079
4.636970519022221E-4,0.007282733225126889,0.04741270376046337,0.16379869865183275,0.31681195940004736,0.32543351058277115,0.13879669732785574,0.0,0.4444444444444444
4.6369705190222265E-4,0.007282733225126898,0.04741270376046343,0.16379869865183297,0.3168119594000475,0.3254335105827715,0.1387966973278559,0.0,0.3492063492063492
4.636970519022219E-4,0.0072827332251268855,0.04741270376046335,0.16379869865183266,0.31681195940004725,0.325433510582771,0.13879669732785568,0.0,0.47619047619047616
4.636970519022219E-4,0.0072827332251268855,0.04741270376046335,0.16379869865183275,0.3168119594000471,0.325433510582771,0.13879669732785568,0.0,0.47619047619047616
4.6369705190222324E-4,0.007282733225126907,0.04741270376046349,0.16379869865183325,0.31681195940004764,0.3254335105827719,0.1387966973278561,0.0,0.23809523809523808
4.636970519022227E-4,0.0072827332251268985,0.047412703760463436,0.163798698651833,0.31681195940004725,0.32543351058277153,0.13879669732785593,0.0,0.3333333333333333
4.6369705190222037E-4,0.007282733225126861,0.04741270376046319,0.16379869865183216,0.3168119594000455,0.32543351058276987,0.1387966973278552,0.0,0.746031746031746
4.6369705190222026E-4,0.00728273322512686,0.047412703760463186,0.16379869865183216,0.31681195940004536,0.3254335105827698,0.1387966973278552,0.0,0.7619047619047619
4.636970519022217E-4,0.007282733225126883,0.04741270376046334,0.16379869865183266,0.3168119594000462,0.3254335105827708,0.13879669732785563,0.0,0.5079365079365079
4.6369705190222053E-4,0.007282733225126865,0.047412703760463214,0.16379869865183222,0.31681195940004614,0.32543351058277004,0.13879669732785527,0.0,0.7142857142857143
4.636970519022215E-4,0.00728273322512688,0.04741270376046332,0.1637986986518326,0.31681195940004675,0.3254335105827707,0.13879669732785557,0.0,0.5396825396825397
4.6369705190222146E-4,0.0072827332251268785,0.047412703760463304,0.16379869865183252,0.3168119594000466,0.3254335105827707,0.13879669732785554,0.0,0.5555555555555556
4.636970519022221E-4,0.007282733225126889,0.04741270376046337,0.16379869865183277,0.3168119594000473,0.3254335105827711,0.13879669732785574,0.0,0.4444444444444444
4.636970519022221E-4,0.007282733225126889,0.04741270376046337,0.1637986986518328,0.3168119594000468,0.3254335105827711,0.13879669732785574,0.0,0.4444444444444444
4.636970519022227E-4,0.0072827332251268985,0.047412703760463436,0.16379869865183305,0.31681195940004714,0.32543351058277153,0.13879669732785593,0.0,0.3333333333333333
4.6369705190222216E-4,0.007282733225126889,0.04741270376046341,0.1637986986518328,0.3168119594000466,0.32543351058277115,0.13879669732785577,0.0,0.42857142857142855
4.6369705190222026E-4,0.0072827332251268586,0.047412703760463214,0.16379869865183214,0.31681195940004536,0.3254335105827698,0.1387966973278552,0.0,0.7619047619047619
4.636970519022221E-4,0.007282733225126887,0.047412703760463394,0.16379869865183272,0.31681195940004675,0.3254335105827711,0.13879669732785574,0.0,0.4444444444444444
4.6369705190222064E-4,0.007282733225126865,0.04741270376046325,0.16379869865183222,0.31681195940004614,0.3254335105827701,0.1387966973278553,0.0,0.6984126984126984
4.63697051902222E-4,0.0072827332251268855,0.04741270376046339,0.16379869865183277,0.3168119594000466,0.32543351058277104,0.1387966973278557,0.0,0.4603174603174603
4.636970519022204E-4,0.007282733225126861,0.04741270376046323,0.16379869865183216,0.316811959400046,0.3254335105827699,0.13879669732785524,0.0,0.7301587301587301
4.636970519022229E-4,0.0072827332251269,0.04741270376046348,0.16379869865183308,0.3168119594000476,0.3254335105827717,0.138796697327856,0.0,0.30158730158730157
4.636970519022209E-4,0.007282733225126869,0.047412703760463276,0.1637986986518324,0.31681195940004575,0.32543351058277026,0.13879669732785538,0.0,0.6507936507936508
4.6369705190222216E-4,0.007282733225126889,0.04741270376046341,0.1637986986518328,0.3168119594000465,0.32543351058277115,0.13879669732785577,0.0,0.42857142857142855
4.6369705190222064E-4,0.007282733225126865,0.04741270376046325,0.1637986986518322,0.3168119594000458,0.3254335105827701,0.1387966973278553,0.0,0.6984126984126984
4.636970519022212E-4,0.0072827332251268724,0.047412703760463304,0.16379869865183241,0.3168119594000461,0.3254335105827704,0.13879669732785546,0.0,0.6031746031746031
4.6369705190222254E-4,0.007282733225126894,0.04741270376046344,0.16379869865183283,0.3168119594000472,0.3254335105827714,0.13879669732785588,0.0,0.36507936507936506
4.6369705190222183E-4,0.007282733225126883,0.047412703760463366,0.16379869865183258,0.31681195940004736,0.3254335105827709,0.13879669732785566,0.0,0.49206349206349204
4.63697051902223E-4,0.007282733225126901,0.04741270376046349,0.16379869865183308,0.3168119594000477,0.3254335105827717,0.13879669732785602,0.0,0.2857142857142857
4.636970519022224E-4,0.0072827332251268915,0.04741270376046342,0.16379869865183277,0.3168119594000478,0.32543351058277126,0.13879669732785582,0.0,0.3968253968253968
4.6369705190222254E-4,0.007282733225126894,0.04741270376046344,0.1637986986518329,0.31681195940004747,0.3254335105827715,0.13879669732785588,0.0,0.36507936507936506
4.636970519022235E-4,0.00728273322512691,0.04741270376046355,0.1637986986518333,0.3168119594000477,0.3254335105827721,0.13879669732785618,0.0,0.19047619047619047
4.636970519022239E-4,0.007282733225126916,0.04741270376046358,0.16379869865183339,0.31681195940004786,0.32543351058277237,0.1387966973278563,0.0,0.12698412698412698
4.6369705190222053E-4,0.007282733225126863,0.04741270376046324,0.16379869865183222,0.3168119594000455,0.32543351058277,0.13879669732785527,0.0,0.7142857142857143
4.636970519022209E-4,0.007282733225126869,0.047412703760463276,0.16379869865183236,0.3168119594000457,0.32543351058277026,0.13879669732785538,0.0,0.6507936507936508
4.6369705190222227E-4,0.00728273322512689,0.047412703760463415,0.16379869865183283,0.31681195940004653,0.3254335105827712,0.1387966973278558,0.0,0.4126984126984127
4.6369705190222053E-4,0.007282733225126863,0.04741270376046324,0.1637986986518322,0.31681195940004625,0.32543351058277004,0.13879669732785527,0.0,0.7142857142857143
4.6369705190222183E-4,0.007282733225126883,0.047412703760463366,0.16379869865183272,0.3168119594000468,0.32543351058277087,0.13879669732785566,0.0,0.49206349206349204
4.636970519022212E-4,0.0072827332251268724,0.047412703760463304,0.16379869865183241,0.3168119594000463,0.3254335105827704,0.13879669732785546,0.0,0.6031746031746031
4.6369705190222265E-4,0.007282733225126896,0.04741270376046345,0.16379869865183294,0.31681195940004747,0.3254335105827715,0.1387966973278559,0.0,0.3492063492063492
4.6369705190222216E-4,0.007282733225126889,0.04741270376046341,0.16379869865183286,0.31681195940004664,0.32543351058277115,0.13879669732785577,0.0,0.42857142857142855
4.636970519022235E-4,0.00728273322512691,0.04741270376046355,0.16379869865183333,0.3168119594000474,0.3254335105827721,0.13879669732785618,0.0,0.19047619047619047
4.6369705190222135E-4,0.007282733225126878,0.0474127037604633,0.16379869865183255,0.3168119594000463,0.3254335105827706,0.13879669732785552,0.0,0.5714285714285714
4.636970519022204E-4,0.007282733225126863,0.04741270376046321,0.16379869865183222,0.3168119594000456,0.3254335105827699,0.13879669732785524,0.0,0.7301587301587301
4.636970519022219E-4,0.0072827332251268855,0.04741270376046335,0.16379869865183272,0.31681195940004664,0.325433510582771,0.13879669732785568,0.0,0.47619047619047616
4.636970519022207E-4,0.007282733225126867,0.047412703760463235,0.1637986986518323,0.3168119594000463,0.32543351058277015,0.13879669732785532,0.0,0.6825396825396826
4.6369705190222227E-4,0.0072827332251268915,0.047412703760463394,0.16379869865183289,0.3168119594000467,0.3254335105827712,0.1387966973278558,0.0,0.4126984126984127
4.636970519022207E-4,0.007282733225126867,0.047412703760463235,0.1637986986518323,0.31681195940004614,0.32543351058277015,0.13879669732785532,0.0,0.6825396825396826
4.63697051902222E-4,0.007282733225126887,0.047412703760463366,0.1637986986518328,0.31681195940004714,0.32543351058277104,0.1387966973278557,0.0,0.4603174603174603
4.6369705190222097E-4,0.007282733225126872,0.04741270376046326,0.16379869865183247,0.3168119594000459,0.3254335105827703,0.1387966973278554,0.0,0.6349206349206349
4.636970519022217E-4,0.007282733225126883,0.04741270376046334,0.1637986986518327,0.3168119594000463,0.32543351058277087,0.13879669732785563,0.0,0.5079365079365079
4.636970519022209E-4,0.00728273322512687,0.04741270376046325,0.1637986986518323,0.31681195940004603,0.3254335105827703,0.13879669732785538,0.0,0.6507936507936508
4.6369705190222124E-4,0.007282733225126876,0.04741270376046329,0.1637986986518325,0.31681195940004614,0.32543351058277054,0.1387966973278555,0.0,0.5873015873015873
4.636970519022219E-4,0.0072827332251268855,0.04741270376046335,0.16379869865183264,0.3168119594000468,0.325433510582771,0.13879669732785568,0.0,0.47619047619047616
4.6369705190222183E-4,0.007282733225126885,0.047412703760463346,0.16379869865183264,0.3168119594000473,0.3254335105827709,0.13879669732785566,0.0,0.49206349206349204
4.636970519022231E-4,0.0072827332251269045,0.04741270376046348,0.16379869865183314,0.31681195940004764,0.3254335105827718,0.13879669732785604,0.0,0.2698412698412698
4.636970519022219E-4,0.0072827332251268855,0.04741270376046335,0.16379869865183266,0.3168119594000473,0.325433510582771,0.13879669732785568,0.0,0.47619047619047616
4.6369705190222216E-4,0.00728273322512689,0.04741270376046338,0.16379869865183283,0.3168119594000473,0.3254335105827712,0.13879669732785577,0.0,0.42857142857142855
4.636970519022229E-4,0.007282733225126902,0.04741270376046346,0.1637986986518331,0.31681195940004725,0.32543351058277165,0.138796697327856,0.0,0.30158730158730157
4.6369705190222265E-4,0.007282733225126898,0.04741270376046343,0.163798698651833,0.3168119594000471,0.3254335105827715,0.1387966973278559,0.0,0.3492063492063492
4.6369705190222015E-4,0.0072827332251268586,0.04741270376046318,0.1637986986518321,0.3168119594000454,0.32543351058276976,0.13879669732785518,0.0,0.7777777777777778
4.636970519022204E-4,0.007282733225126863,0.04741270376046321,0.1637986986518322,0.3168119594000455,0.3254335105827699,0.13879669732785524,0.0,0.7301587301587301
4.636970519022216E-4,0.007282733225126882,0.047412703760463325,0.1637986986518326,0.31681195940004625,0.32543351058277076,0.1387966973278556,0.0,0.5238095238095238
4.636970519022204E-4,0.007282733225126863,0.04741270376046321,0.1637986986518322,0.3168119594000461,0.32543351058277,0.13879669732785524,0.0,0.7301587301587301
4.636970519022216E-4,0.007282733225126882,0.047412703760463325,0.1637986986518327,0.3168119594000465,0.32543351058277076,0.1387966973278556,0.0,0.5238095238095238
4.6369705190222097E-4,0.007282733225126872,0.04741270376046326,0.16379869865183241,0.3168119594000462,0.32543351058277037,0.1387966973278554,0.0,0.6349206349206349
4.636970519022221E-4,0.007282733225126889,0.04741270376046337,0.1637986986518328,0.31681195940004725,0.3254335105827711,0.13879669732785574,0.0,0.4444444444444444
4.636970519022224E-4,0.007282733225126893,0.0474127037604634,0.16379869865183294,0.31681195940004675,0.32543351058277126,0.13879669732785582,0.0,0.3968253968253968
4.6369705190222243E-4,0.007282733225126894,0.04741270376046341,0.16379869865183297,0.3168119594000468,0.3254335105827713,0.13879669732785585,0.0,0.38095238095238093
4.636970519022221E-4,0.007282733225126889,0.04741270376046337,0.16379869865183275,0.3168119594000467,0.3254335105827711,0.13879669732785574,0.0,0.4444444444444444
4.6369705190222064E-4,0.0072827332251268655,0.04741270376046322,0.16379869865183228,0.3168119594000457,0.32543351058277004,0.1387966973278553,0.0,0.6984126984126984
4.636970519022221E-4,0.007282733225126889,0.04741270376046337,0.16379869865183272,0.31681195940004675,0.3254335105827711,0.13879669732785574,0.0,0.4444444444444444
4.636970519022207E-4,0.007282733225126867,0.047412703760463235,0.1637986986518323,0.3168119594000461,0.32543351058277015,0.13879669732785532,0.0,0.6825396825396826
4.636970519022224E-4,0.007282733225126893,0.0474127037604634,0.1637986986518329,0.31681195940004686,0.32543351058277126,0.13879669732785582,0.0,0.3968253968253968
4.6369705190222097E-4,0.007282733225126872,0.04741270376046326,0.16379869865183236,0.31681195940004636,0.3254335105827703,0.1387966973278554,0.0,0.6349206349206349
4.6369705190222243E-4,0.007282733225126894,0.04741270376046341,0.1637986986518329,0.3168119594000473,0.3254335105827713,0.13879669732785585,0.0,0.38095238095238093
4.636970519022215E-4,0.00728273322512688,0.04741270376046332,0.1637986986518326,0.3168119594000464,0.3254335105827707,0.13879669732785557,0.0,0.5396825396825397
4.636970519022229E-4,0.007282733225126902,0.04741270376046346,0.16379869865183308,0.31681195940004714,0.3254335105827717,0.138796697327856,0.0,0.30158730158730157
4.636970519022216E-4,0.007282733225126882,0.047412703760463325,0.16379869865183252,0.3168119594000466,0.32543351058277076,0.1387966973278556,0.0,0.5238095238095238
4.63697051902222E-4,0.007282733225126887,0.047412703760463366,0.1637986986518327,0.31681195940004675,0.32543351058277104,0.1387966973278557,0.0,0.4603174603174603
4.636970519022221E-4,0.007282733225126889,0.04741270376046337,0.16379869865183266,0.31681195940004697,0.32543351058277115,0.13879669732785574,0.0,0.4444444444444444
4.6369705190222227E-4,0.0072827332251268915,0.047412703760463394,0.16379869865183277,0.31681195940004747,0.32543351058277126,0.1387966973278558,0.0,0.4126984126984127
4.63697051902223E-4,0.007282733225126903,0.047412703760463464,0.16379869865183308,0.3168119594000478,0.3254335105827717,0.13879669732785602,0.0,0.2857142857142857
4.6369705190222227E-4,0.0072827332251268915,0.047412703760463394,0.16379869865183277,0.3168119594000476,0.32543351058277126,0.1387966973278558,0.0,0.4126984126984127
4.63697051902222E-4,0.007282733225126887,0.047412703760463366,0.16379869865183272,0.3168119594000471,0.3254335105827711,0.1387966973278557,0.0,0.4603174603174603
4.6369705190222346E-4,0.007282733225126911,0.04741270376046351,0.16379869865183327,0.3168119594000478,0.32543351058277203,0.13879669732785616,0.0,0.20634920634920634
4.6369705190222346E-4,0.007282733225126911,0.04741270376046351,0.16379869865183325,0.31681195940004786,0.32543351058277203,0.13879669732785616,0.0,0.20634920634920634
4.636970519022207E-4,0.007282733225126867,0.047412703760463235,0.16379869865183225,0.3168119594000458,0.32543351058277015,0.13879669732785532,0.0,0.6825396825396826
4.636970519022208E-4,0.007282733225126869,0.04741270376046324,0.16379869865183236,0.3168119594000459,0.3254335105827702,0.13879669732785535,0.0,0.6666666666666666
4.636970519022219E-4,0.0072827332251268855,0.04741270376046335,0.16379869865183272,0.3168119594000466,0.325433510582771,0.13879669732785568,0.0,0.47619047619047616
4.6369705190222053E-4,0.007282733225126865,0.047412703760463214,0.1637986986518322,0.3168119594000461,0.32543351058277,0.13879669732785527,0.0,0.7142857142857143
4.63697051902222E-4,0.007282733225126887,0.047412703760463366,0.1637986986518328,0.316811959400047,0.32543351058277104,0.1387966973278557,0.0,0.4603174603174603
4.636970519022209E-4,0.00728273322512687,0.04741270376046325,0.16379869865183236,0.3168119594000464,0.3254335105827703,0.13879669732785538,0.0,0.6507936507936508
4.6369705190222216E-4,0.00728273322512689,0.04741270376046338,0.1637986986518328,0.3168119594000472,0.32543351058277115,0.13879669732785577,0.0,0.42857142857142855
4.636970519022221E-4,0.007282733225126889,0.04741270376046337,0.16379869865183286,0.31681195940004686,0.3254335105827711,0.13879669732785574,0.0,0.4444444444444444
4.636970519022228E-4,0.0072827332251269,0.04741270376046345,0.1637986986518331,0.31681195940004725,0.3254335105827716,0.13879669732785596,0.0,0.31746031746031744
4.6369705190222124E-4,0.007282733225126876,0.04741270376046329,0.16379869865183252,0.31681195940004614,0.32543351058277054,0.1387966973278555,0.0,0.5873015873015873
4.6369705190222064E-4,0.0072827332251268655,0.04741270376046322,0.16379869865183228,0.31681195940004575,0.32543351058277004,0.1387966973278553,0.0,0.6984126984126984
4.636970519022219E-4,0.0072827332251268855,0.04741270376046335,0.16379869865183272,0.3168119594000466,0.325433510582771,0.13879669732785568,0.0,0.47619047619047616
4.636970519022208E-4,0.007282733225126869,0.04741270376046324,0.16379869865183233,0.31681195940004614,0.3254335105827702,0.13879669732785535,0.0,0.6666666666666666
4.6369705190222124E-4,0.007282733225126876,0.04741270376046329,0.16379869865183255,0.3168119594000463,0.32543351058277054,0.1387966973278555,0.0,0.5873015873015873
4.636970519022208E-4,0.007282733225126869,0.04741270376046324,0.16379869865183233,0.3168119594000463,0.3254335105827702,0.13879669732785535,0.0,0.6666666666666666
4.63697051902222E-4,0.007282733225126887,0.047412703760463366,0.1637986986518328,0.31681195940004714,0.32543351058277104,0.1387966973278557,0.0,0.4603174603174603
4.6369705190222097E-4,0.007282733225126872,0.04741270376046326,0.16379869865183244,0.316811959400046,0.3254335105827703,0.1387966973278554,0.0,0.6349206349206349
4.636970519022221E-4,0.007282733225126889,0.04741270376046337,0.1637986986518328,0.3168119594000466,0.32543351058277115,0.13879669732785574,0.0,0.4444444444444444
4.636970519022211E-4,0.007282733225126873,0.04741270376046327,0.1637986986518324,0.3168119594000461,0.32543351058277037,0.13879669732785543,0.0,0.6190476190476191
4.6369705190222146E-4,0.0072827332251268785,0.047412703760463304,0.16379869865183255,0.3168119594000463,0.32543351058277065,0.13879669732785554,0.0,0.5555555555555556
4.636970519022217E-4,0.007282733225126883,0.04741270376046334,0.16379869865183258,0.3168119594000466,0.3254335105827708,0.13879669732785563,0.0,0.5079365079365079
4.63697051902222E-4,0.007282733225126887,0.047412703760463366,0.1637986986518327,0.3168119594000472,0.3254335105827711,0.1387966973278557,0.0,0.4603174603174603
4.6369705190222243E-4,0.007282733225126894,0.04741270376046341,0.1637986986518329,0.31681195940004747,0.3254335105827713,0.13879669732785585,0.0,0.38095238095238093
4.636970519022219E-4,0.0072827332251268855,0.04741270376046335,0.16379869865183266,0.31681195940004725,0.325433510582771,0.13879669732785568,0.0,0.47619047619047616
4.63697051902222E-4,0.007282733225126887,0.047412703760463366,0.1637986986518328,0.31681195940004714,0.3254335105827711,0.1387966973278557,0.0,0.4603174603174603
4.6369705190222324E-4,0.007282733225126907,0.04741270376046349,0.16379869865183322,0.3168119594000476,0.3254335105827719,0.1387966973278561,0.0,0.23809523809523808
4.636970519022232E-4,0.007282733225126906,0.047412703760463484,0.16379869865183314,0.3168119594000475,0.32543351058277187,0.13879669732785607,0.0,0.25396825396825395
4.6369705190222015E-4,0.0072827332251268586,0.04741270376046318,0.1637986986518321,0.31681195940004536,0.32543351058276976,0.13879669732785518,0.0,0.7777777777777778
4.6369705190222037E-4,0.007282733225126861,0.04741270376046319,0.16379869865183216,0.3168119594000454,0.32543351058276987,0.1387966973278552,0.0,0.746031746031746
4.636970519022217E-4,0.007282733225126883,0.04741270376046334,0.16379869865183266,0.3168119594000462,0.3254335105827708,0.13879669732785563,0.0,0.5079365079365079
4.636970519022204E-4,0.007282733225126863,0.04741270376046321,0.16379869865183216,0.31681195940004603,0.32543351058277,0.13879669732785524,0.0,0.7301587301587301
4.636970519022215E-4,0.00728273322512688,0.04741270376046332,0.16379869865183258,0.31681195940004675,0.3254335105827707,0.13879669732785557,0.0,0.5396825396825397
4.6369705190222124E-4,0.007282733225126876,0.04741270376046329,0.16379869865183247,0.31681195940004653,0.32543351058277054,0.1387966973278555,0.0,0.5873015873015873
4.636970519022221E-4,0.007282733225126889,0.04741270376046337,0.1637986986518328,0.3168119594000472,0.3254335105827711,0.13879669732785574,0.0,0.4444444444444444
4.636970519022219E-4,0.0072827332251268855,0.04741270376046335,0.16379869865183277,0.3168119594000466,0.325433510582771,0.13879669732785568,0.0,0.47619047619047616
4.6369705190222265E-4,0.007282733225126898,0.04741270376046343,0.163798698651833,0.31681195940004697,0.3254335105827715,0.1387966973278559,0.0,0.3492063492063492
