0.003274381998807082,0.022637942677100176,0.2997991895062281,0.30068771816354983,0.25399645074283833,0.11960431691146749,0.0,0.0,1.0
0.003973095475927981,0.02701187956253277,0.3295128928818654,0.2958750936483218,0.22899016449760115,0.11463687393374436,0.0,0.0,0.5960281548572399
0.004300743218102189,0.030818970417258926,0.3907517630731727,0.3302683860200081,0.20200177094487295,0.04185836632658345,0.0,0.0,0.5507335972918566
0.0034589377908214192,0.02371833392030695,0.30259525967069395,0.29235508027701806,0.24364303696169845,0.13422935137945954,0.0,0.0,0.8774351586302712
0.0041069400015259685,0.027689647472561935,0.32671670771569944,0.2859656615713649,0.22365905791158094,0.131861985327262,0.0,0.0,0.5343312217431674
0.00456848396088594,0.03249312409345528,0.40042907953411255,0.3283953484211245,0.1938081519726185,0.040305812017798724,0.0,0.0,0.4424390580093895
0.0034084388847840747,0.02337271643737544,0.29863103083813725,0.2900957652495162,0.24612079416116125,0.13837125442901785,0.0,0.0,0.9096528213671872
0.004041206150616789,0.027247241038016214,0.3220338802286189,0.28352197028401566,0.22611939144306484,0.13703631085565773,0.0,0.0,0.5641211896433489
0.0045562354853534315,0.0324068415548395,0.39966831520589635,0.3284232753190205,0.19479243545784322,0.04015289697703783,0.0,0.0,0.44711545620341775
0.004118878386123704,0.027769560225710335,0.33292427252275497,0.30044491442273014,0.23438626157866324,0.1003561128640146,0.0,0.0,0.5290228838225116
0.004838890869752874,0.03206764548209743,0.356154591930127,0.2923653166847108,0.21599910218231394,0.09857445285098741,0.0,0.0,0.2573004143942664
0.005217961546198565,0.03654409486411898,0.4251010197534505,0.32453269039484034,0.17804948417539684,0.030554749265980365,0.0,0.0,0.22591861829479437
0.004334283596892154,0.028976772050650416,0.33537101423370425,0.2924878007185465,0.22600296597613886,0.11282716342406425,0.0,0.0,0.43826795200891294
0.0049873769592465155,0.03276969308654035,0.3530024029640224,0.2840711363254975,0.2126094827327077,0.11255990793197747,0.0,0.0,0.21102204258375806
0.005503205692933582,0.03824732253036599,0.4336127290165733,0.3224348923865956,0.17070667966446443,0.029495170709059753,0.0,0.0,0.1469766713433142
0.004266103884509648,0.02852178307991881,0.33092740524494213,0.29152238858332924,0.22974861814122224,0.11501370106606873,0.0,0.0,0.466002221874924
0.0049138336714420324,0.03228742547441467,0.3487653513169376,0.2834329118660029,0.21583029342652008,0.11477018424467204,0.0,0.0,0.2335935580173927
0.005466110444147972,0.03799051100119307,0.4313856268053469,0.32269668039323157,0.17243442720244648,0.03002664415362024,0.0,0.0,0.1567768016821017
0.004136826317660898,0.0278901883021832,0.33406323592522763,0.2997046621417267,0.23203420964619012,0.1021708776670059,0.0,0.0,0.521100087875132
0.004847004568487502,0.032120973496112,0.35640203822886396,0.29084628303904403,0.2142581929818576,0.10152550768562416,0.0,0.0,0.2546983985021773
0.005250984814130265,0.03677492076222444,0.42741668084184636,0.3244570322643045,0.17654446044113764,0.02955592087634436,0.0,0.0,0.21634036928428677
0.004336634096335233,0.02899209081447343,0.3355150741368998,0.29256542361730703,0.22603374759908346,0.11255702973589167,0.0,0.0,0.4373273619775949
0.004989413864669369,0.032782621644753276,0.3531177817565939,0.2841489074568436,0.21268412666932596,0.1122771486078004,0.0,0.0,0.21040635632105653
0.005504944661836222,0.0382589332600167,0.43370412704595035,0.3224375216420693,0.1706423673370077,0.02945210605311103,0.0,0.0,0.1465204970328842
0.0042857344010982104,0.028652635514488812,0.3321389160557979,0.29078757402721733,0.22739236033886573,0.11674277966251925,0.0,0.0,0.4579264252783267
0.00492324072744535,0.0323487876572099,0.3490894330193143,0.28197127683798756,0.2141495036371187,0.11751775812090998,0.0,0.0,0.2306687825629329
0.005501229951604459,0.03823412348471296,0.4337789294566396,0.32259502697455006,0.17087544734882884,0.029015242783649694,0.0,0.0,0.14749530685701936
0.003308968242195213,0.02287772291813861,0.3011581929749772,0.2993497134114834,0.2514284435550611,0.12187695889813752,0.0,0.0,0.9759900213654048
0.003999779873358107,0.027194100082397858,0.3297874617445647,0.29397866568726094,0.22753384136650118,0.11750615124591404,0.0,0.0,0.5833981757716007
0.004348576033875783,0.031162563219509762,0.39310679251226005,0.329948523002263,0.2000042316812519,0.04142931355083609,0.0,0.0,0.5304080111792017
0.003505850031817276,0.02404071892941738,0.3060484147364039,0.29228732845241584,0.24090405099599352,0.13321363685394844,0.0,0.0,0.8483373410260361
0.004159363765392597,0.02804393019769748,0.3303891187772131,0.2868659906420238,0.2227529302312592,0.1277886663864098,0.0,0.0,0.5112481681583271
0.004616927145822742,0.03283854939210414,0.4038632464021107,0.3268442980046286,0.18890294571935184,0.04293403333597774,0.0,0.0,0.4241868556866403
0.003493290087460508,0.023955267163588725,0.3034675262986771,0.2884679153863091,0.24061319138940643,0.14000280967454826,0.0,0.0,0.8560511708340567
0.004121068781650678,0.027786528777810647,0.32586433968716727,0.2823418971413039,0.22372699172662414,0.13615917388543383,0.0,0.0,0.5280522754459799
0.004660262703370822,0.03314763289808358,0.4057894262468106,0.32648590701955915,0.1876031571164953,0.04231361401567012,0.0,0.0,0.40818063944662203
0.004174417665546327,0.028144843481444984,0.3351197103563668,0.2987621403700543,0.23086640256401011,0.10293248556257559,0.0,0.0,0.5047268325514122
0.004879162584622552,0.03233550628259643,0.3567392528449464,0.2900235225151678,0.21410453511923566,0.10191802065342051,0.0,0.0,0.24447063085887166
0.005289293073764244,0.03704466955229011,0.42847480635922175,0.32406642436845057,0.17526368938559145,0.029861117260670228,0.0,0.0,0.20537907745917908
0.004408775395797109,0.02947566885994193,0.3405991616243335,0.2942792447327611,0.22428750389754912,0.10694964548961426,0.0,0.0,0.40894663408301063
0.005065496121259139,0.033283991970104614,0.357911385842624,0.2851408802807065,0.2113281721185632,0.10727007366673465,0.0,0.0,0.1877639702116139
0.005574219483584008,0.0387419259090938,0.4385661504136196,0.32271720001174026,0.1669104481222687,0.027490056059686047,0.0,0.0,0.1285795193403639
0.004400397367256083,0.02942050722867994,0.3383552269100226,0.29138777028563756,0.22432255278714983,0.11211354542124631,0.0,0.0,0.4121948305405236
0.005032940287560692,0.033071050033599884,0.35411201773031187,0.2819929387845593,0.2126532971379013,0.11313775602605615,0.0,0.0,0.1973689262127336
0.0056170760037570185,0.03904081556368657,0.44002070021033673,0.3224555421674618,0.16559419423917413,0.027271671815571174,0.0,0.0,0.11770199030497454
0.004175719179016823,0.02815323778944239,0.3351858099510926,0.29876282569580703,0.23082055341665786,0.10290185396797694,0.0,0.0,0.5041652264636948
0.0048797527813960375,0.03233897269022679,0.3567523766068107,0.29000864560395645,0.21409940096294447,0.10192085135465197,0.0,0.0,0.24428418014778272
0.005291245128402373,0.037057884501010524,0.4285867204482028,0.3240734897054866,0.1751834454486011,0.029807214768284813,0.0,0.0,0.20482477836593255
0.00433572563678446,0.02898688605149271,0.33519407409304947,0.2907236017651875,0.22403914677659517,0.11672056567688388,0.0,0.0,0.4376907757199577
0.004988472710267413,0.03277743726906465,0.35309148001842183,0.2841447914139354,0.21269120223686744,0.11230661635143022,0.0,0.0,0.21069077235164818
0.005504042243623464,0.038253705196613266,0.43333097170381213,0.32023739648812266,0.1682474694378068,0.03442641493001079,0.0,0.0,0.14675718754399403
0.004327816534511756,0.028934846193382966,0.33300764144451195,0.2878876898857671,0.2240765471647059,0.1217654587771097,0.0,0.0,0.4408611233149485
0.004957264273828225,0.03257333691939831,0.3494000992526849,0.28105322051784776,0.21398491974874365,0.1180311592874837,0.0,0.0,0.2201830987122291
0.005545900907410365,0.038545642908815694,0.43472787293103554,0.31995106692569447,0.1669581750137211,0.034271341313308494,0.0,0.0,0.1358593781283853
0.0033072619752338617,0.022866111348571656,0.30080015435582597,0.29831591082749104,0.2503088479463734,0.1244017135464963,0.0,0.0,0.9771627461621939
0.003990348579062928,0.02713020124864935,0.3287671734079879,0.2924972432821434,0.22665300971100313,0.12096202377114917,0.0,0.0,0.5878427963644699
0.004362146980923867,0.03126004604048743,0.39408010589219605,0.3298934626223493,0.19947010132983028,0.040934137134209285,0.0,0.0,0.524722487078241
0.0035056810735272143,0.02403975675776112,0.3060409862110349,0.29228184733868595,0.24090375829608976,0.13322797032289763,0.0,0.0,0.8484407418716585
0.004159040539975424,0.028041983932715855,0.3303743528929303,0.28686004438149915,0.22275704027730833,0.1278075379755655,0.0,0.0,0.511388706806009
0.004616874432177141,0.03283841929917672,0.40386734916671246,0.3268471619811751,0.18890003827929558,0.04293015684145552,0.0,0.0,0.4242065087240018
0.0034913546936302885,0.023942190809437734,0.3030843916435182,0.28737993320036137,0.2394385966356366,0.14266353301740817,0.0,0.0,0.8572447495126098
0.004111031129588202,0.027719079714078013,0.3248192631792341,0.28084111356756325,0.2228293051645476,0.13968020724497926,0.0,0.0,0.5325086515059378
0.004675834407382717,0.03325863967022006,0.4068723758904695,0.3264140657808701,0.18699168433180893,0.04178739991923723,0.0,0.0,0.4025016072555765
0.00415539647565042,0.028016831262138584,0.33359970174470216,0.2982229671759586,0.23178590628798437,0.1042191970535625,0.0,0.0,0.5129746613557573
0.0048581445649439675,0.03219648649328421,0.3552130913292816,0.2897412748643747,0.21480344420019515,0.10318755854790922,0.0,0.0,0.2511400251525525
0.005278324402857196,0.036968128091164294,0.4275942031573438,0.32406399926987534,0.17594213545030157,0.030153209628445456,0.0,0.0,0.2085013298633908
0.00440850820383157,0.02947412951488738,0.34058772607819676,0.2942722313343671,0.22428814285667972,0.10696926201203337,0.0,0.0,0.40905003492863484
0.005065016731978928,0.033281125834569644,0.35789079880480196,0.28513380198982274,0.21133425868638284,0.10729499795243566,0.0,0.0,0.1879045088592925
0.0055741426441581685,0.03874168746575958,0.43857062547816855,0.3227207146997414,0.16690724101203425,0.027485588700129696,0.0,0.0,0.12859917237771998
0.004379213074209078,0.0292791170650113,0.33673248389835586,0.29085172386574604,0.225325002534547,0.11343245956212342,0.0,0.0,0.42046351322663467
0.005010540328571523,0.03292414243414421,0.3525452144188369,0.28173407375229115,0.21338131894237425,0.11440471012377186,0.0,0.0,0.20405007597350475
0.005604681657867655,0.03895496736899733,0.4390567346885498,0.32245504845326123,0.16633903959930071,0.027589528232010187,0.0,0.0,0.12083073461909932
0.00417308051016742,0.02813568136741125,0.3347153726547752,0.29745995441487666,0.22942228988491448,0.10609362116784969,0.0,0.0,0.5053041830376371
0.004865885109027755,0.03224734184987082,0.3554388871884982,0.288215422671581,0.2130619954956233,0.10617046768538566,0.0,0.0,0.24867710956522154
0.005311370705309995,0.03719911811894599,0.4299048495923758,0.3239807834516357,0.1744405742059816,0.02916330392573771,0.0,0.0,0.19913373945876078
0.004335626619290037,0.028986466992781536,0.33519226866272694,0.2907210769383344,0.22404151917561102,0.11672304161124679,0.0,0.0,0.43773039518338347
0.004988295315399809,0.03277655117372051,0.35308784840877006,0.2841436278307377,0.21269489485816898,0.11230878241318902,0.0,0.0,0.21074439294516117
0.005504012495863935,0.03825379033310874,0.43333516761726465,0.3202364859399949,0.1682445698249994,0.03442597378875753,0.0,0.0,0.14676499124828735
0.004324961644034762,0.02891600134667214,0.33251909079000835,0.28654459655212916,0.22263316526775542,0.12506218439938782,0.0,0.0,0.4420083485019081
0.0049429371692990215,0.032479472922618775,0.34808468063076836,0.2792571079573913,0.2129324094780969,0.12230339184181283,0.0,0.0,0.22458096064387542
0.005568004097391824,0.038699561862246816,0.4361323605468762,0.3198382706097828,0.1661480058570065,0.033613797026680964,0.0,0.0,0.1301709664848269
0.0033072619752338673,0.022866111348571694,0.30080015435582647,0.29831591082749137,0.25030884794637387,0.1244017135464965,0.0,0.0,0.9771627461621902
0.00399034857906294,0.027130201248649434,0.32876717340798894,0.29249724328214444,0.2266530097110037,0.12096202377114955,0.0,0.0,0.587842796364464
0.004362146980923868,0.03126004604048744,0.39408010589219605,0.32989346262234914,0.1994701013298303,0.04093413713420929,0.0,0.0,0.5247224870782407
0.003505681073527222,0.024039756757761172,0.3060409862110357,0.29228184733868706,0.24090375829609026,0.1332279703228979,0.0,0.0,0.8484407418716537
0.004159040539975418,0.028041983932715814,0.3303743528929302,0.2868600443814991,0.22275704027730794,0.1278075379755653,0.0,0.0,0.5113887068060118
0.00461687443217714,0.03283841929917671,0.40386734916671263,0.32684716198117497,0.1889000382792955,0.04293015684145552,0.0,0.0,0.4242065087240021
0.003491354693630295,0.02394219080943778,0.3030843916435187,0.2873799332003619,0.23943859663563713,0.14266353301740842,0.0,0.0,0.8572447495126057
0.004111031129588203,0.027719079714078016,0.32481926317923426,0.2808411135675635,0.22282930516454774,0.1396802072449793,0.0,0.0,0.5325086515059375
0.004675834407382716,0.03325863967022005,0.4068723758904695,0.3264140657808696,0.18699168433180885,0.041787399919237224,0.0,0.0,0.4025016072555768
0.0041553964756504275,0.028016831262138636,0.33359970174470277,0.2982229671759594,0.23178590628798487,0.1042191970535627,0.0,0.0,0.512974661355754
0.004858144564943965,0.032196486493284195,0.3552130913292813,0.2897412748643749,0.21480344420019498,0.10318755854790918,0.0,0.0,0.25114002515255324
0.005278324402857188,0.03696812809116424,0.4275942031573432,0.3240639992698748,0.17594213545030127,0.030153209628445407,0.0,0.0,0.20850132986339318
0.004408508203831569,0.029474129514887374,0.3405877260781969,0.2942722313343675,0.22428814285667964,0.10696926201203331,0.0,0.0,0.4090500349286352
0.005065016731978924,0.03328112583456961,0.3578907988048016,0.2851338019898227,0.2113342586863826,0.10729499795243556,0.0,0.0,0.18790450885929386
0.00557414264415816,0.03874168746575952,0.4385706254781683,0.3227207146997408,0.16690724101203397,0.027485588700129654,0.0,0.0,0.1285991723777222
0.004379213074209081,0.029279117065011316,0.336732483898356,0.29085172386574665,0.22532500253454718,0.11343245956212349,0.0,0.0,0.42046351322663367
0.005010540328571516,0.03292414243414416,0.35254521441883635,0.28173407375229054,0.21338131894237394,0.11440471012377171,0.0,0.0,0.20405007597350677
0.00560468165786765,0.0389549673689973,0.4390567346885499,0.3224550484532608,0.16633903959930058,0.027589528232010163,0.0,0.0,0.12083073461910052
0.004173080510167421,0.02813568136741126,0.33471537265477525,0.2974599544148768,0.22942228988491453,0.10609362116784973,0.0,0.0,0.5053041830376364
0.004865885109027762,0.03224734184987086,0.35543888718849825,0.28821542267158157,0.21306199549562357,0.1061704676853858,0.0,0.0,0.2486771095652195
0.005311370705309998,0.037199118118946016,0.4299048495923762,0.32398078345163595,0.17444057420598175,0.02916330392573773,0.0,0.0,0.19913373945875976
0.00433562661929004,0.028986466992781554,0.33519226866272717,0.29072107693833493,0.22404151917561113,0.11672304161124686,0.0,0.0,0.4377303951833824
0.004988295315399811,0.03277655117372052,0.35308784840876983,0.28414362783073777,0.21269489485816898,0.11230878241318906,0.0,0.0,0.21074439294516067
0.005504012495863933,0.038253790333108724,0.4333351676172646,0.32023648593999493,0.16824456982499955,0.03442597378875752,0.0,0.0,0.14676499124828785
0.004324961644034772,0.02891600134667221,0.3325190907900091,0.28654459655212977,0.2226331652677559,0.12506218439938815,0.0,0.0,0.442008348501904
0.004942937169299016,0.03247947292261874,0.3480846806307678,0.2792571079573912,0.21293240947809677,0.1223033918418127,0.0,0.0,0.22458096064387695
0.005568004097391821,0.03869956186224679,0.4361323605468759,0.3198382706097826,0.16614800585700645,0.033613797026680936,0.0,0.0,0.13017096648482793
0.0034369289210572076,0.023570356574021685,0.30436970978451133,0.29894032477258076,0.2496502635156626,0.12003241643215942,0.0,0.0,0.8913601444633293
0.004168917759125659,0.028111077601490408,0.3335014758094129,0.29215389726497787,0.22469532584011265,0.11736930572487564,0.0,0.0,0.5071039267716465
0.004473368795462416,0.03182024373680045,0.39608650886629454,0.3296443518334258,0.1982606554390901,0.039714871328924865,0.0,0.0,0.479426191174626
0.0036238045303445383,0.0246470590603507,0.3077062703515568,0.29128082458900423,0.2398325749873076,0.13290946648143412,0.0,0.0,0.778503370733515
0.004278261409452711,0.028606496559408317,0.3298922734457172,0.2836123439702689,0.22147014671027082,0.1321404779048743,0.0,0.0,0.4609920024247241
0.004749792561724292,0.03353234945941663,0.406986263736664,0.32809657326546804,0.18881656437761504,0.0378184565991061,0.0,0.0,0.3760373316370684
0.003573065327863094,0.024302651003216616,0.3038689804679226,0.2895376560938933,0.24229650961412783,0.13642113749297008,0.0,0.0,0.8079779924388135
0.004212129730431109,0.02816512339059746,0.3253576856692897,0.28172387365550566,0.22405301060251512,0.136488176951651,0.0,0.0,0.48859465484221576
0.004735318436284917,0.033431032693574426,0.4060657349376342,0.32832839474460884,0.18978725737358138,0.037652261814305615,0.0,0.0,0.38115151401590797
0.004291252144914563,0.028692756886347023,0.3363703215028054,0.29840750394854976,0.23111044465425734,0.10112772086311807,0.0,0.0,0.45566978378423123
0.005035573988623177,0.03309068046009397,0.35863520078621175,0.28909199576863026,0.21331398472444166,0.10083256427199029,0.0,0.0,0.19658728753212643
0.005385394444492609,0.0374328935427929,0.42879958953352026,0.3235882482919519,0.17556078420806814,0.02923308997916227,0.0,0.0,0.17856751369816132
0.0045055364992716345,0.029870797433742453,0.3392684666325474,0.29101758878918327,0.22332953979990175,0.11200807084534423,0.0,0.0,0.3723073778320235
0.005155134029267778,0.03358489101301905,0.354825356545925,0.2821688121906786,0.21161251606730463,0.11265329015379753,0.0,0.0,0.16194493038301755
0.0056753810904798755,0.039144839150346326,0.4383400102010254,0.32154006320699646,0.1673253210649081,0.02797438528623641,0.0,0.0,0.1031671980659397
0.004437410410841248,0.029419993580724762,0.33499887254318295,0.2903927388353347,0.226934213353171,0.11381677127673498,0.0,0.0,0.39793732241156826
0.0050837991677027804,0.03312113895543351,0.3509118439116606,0.2819326404734613,0.21456015272559384,0.11439042476613812,0.0,0.0,0.18241803941777063
0.0056360314286721365,0.03887446434683738,0.43601221529929934,0.3218143431761659,0.1691297199239102,0.0285332258251036,0.0,0.0,0.11294362774695284
0.004309620217208996,0.028815179010087302,0.33748300668767417,0.2978328652603138,0.22888250511963398,0.10267682370507185,0.0,0.0,0.44819926314365593
0.005041003485888983,0.03312590007336546,0.3586556464448705,0.2876462190336158,0.21206652685972496,0.10346470410252319,0.0,0.0,0.19497848047424063
0.005418798633908683,0.03766461228188465,0.4310698693722357,0.3237348005428698,0.17392679961929236,0.02818511954979598,0.0,0.0,0.1694707247515504
0.004508030718885045,0.029886922520341936,0.3394146731550653,0.2910934888021556,0.22336187597132384,0.1117350088322179,0.0,0.0,0.3713837188999874
0.005157272627154321,0.03359835335330615,0.3549403873893323,0.28224586372528504,0.2116908216280681,0.11236730127684293,0.0,0.0,0.1613398969054071
0.00567720198047812,0.03915690840067771,0.4384308564716297,0.32153977445825044,0.16726214448147372,0.027933114207481954,0.0,0.0,0.10271807842530552
0.0044574753431737375,0.02955261743699279,0.3361880624809759,0.28984110212543773,0.22471649034044028,0.11524425227296844,0.0,0.0,0.3903072356676085
0.005090468817931607,0.03316412777423834,0.3510150413684376,0.2805672666971084,0.21339058210111023,0.11677251324115984,0.0,0.0,0.18047953312411422
0.005671429169719278,0.0391181303869417,0.4383583541236299,0.32194831939551444,0.16743394287192584,0.027469824052257095,0.0,0.0,0.10414292523580283
0.0034720923037710994,0.023812201627852837,0.30580158753240566,0.29770597009241667,0.2471580563136789,0.12205009212986967,0.0,0.0,0.8691966029208861
0.00419144369198328,0.02826381005607124,0.3335311772840895,0.2904840902531674,0.22364353341571763,0.1198859452989686,0.0,0.0,0.4974076245234728
0.004522892114620554,0.032173373702625525,0.3986653908502616,0.3294063834268182,0.19601581992788392,0.03921613997778669,0.0,0.0,0.4599740898271833
0.0036713787215667515,0.024971367217888493,0.3110636244453468,0.2908791590392622,0.2374384480408065,0.13197602253512736,0.0,0.0,0.7516073650963933
0.004332465545567204,0.02896979925980911,0.3335522765069923,0.2843385107321347,0.22066187930466075,0.12814506865082942,0.0,0.0,0.43899617438772165
0.004797440262777761,0.03386964001819249,0.41022441696268547,0.3261547198083577,0.18445033335696814,0.04050344959101214,0.0,0.0,0.3594198409374459
0.0036591839685228412,0.024889130816967052,0.3086980000271346,0.2877140102022819,0.2372241993498731,0.13781547563521243,0.0,0.0,0.7584349939040008
0.004289094986018624,0.028680623991932795,0.3289309946870851,0.28065238804697656,0.22220115223472375,0.1352457460532545,0.0,0.0,0.4565513252837393
0.004840329725981397,0.03417332322265508,0.41223384718707917,0.32609354340175345,0.18286750695376186,0.03979144950875703,0.0,0.0,0.34474160717697244
0.004346893663344211,0.02906566569641651,0.3386121639000796,0.29686209370243233,0.22773506372650784,0.10337811931121468,0.0,0.0,0.433233741661353
0.00506914108511515,0.033312278255145995,0.35886732541001876,0.28705223517490064,0.2119569699021928,0.10374205017261598,0.0,0.0,0.18669627527381566
0.005458081518929104,0.037939163083622045,0.43239138351635276,0.32321811663122607,0.1725185599733521,0.02847469527650684,0.0,0.0,0.158915486096285
0.004579926757140982,0.03036490739402118,0.34431277407044475,0.2924596942205079,0.22185171234663595,0.10643098521124245,0.0,0.0,0.34519164522985873
0.005234667915312072,0.03410409056989837,0.35965782626392984,0.28302758180617044,0.2104796422977534,0.10749619114692711,0.0,0.0,0.13977657732293822
0.005744119664397516,0.03962003931342642,0.44298664909792934,0.3214355606275393,0.1639439663561374,0.02626966494056219,0.0,0.0,0.08641045070151074
0.0045715550979616,0.030310287615345065,0.34230305252156473,0.2900827172548526,0.22190997078343688,0.11082241672683173,0.0,0.0,0.34819910184875447
0.005196883966829237,0.03385893176262282,0.35583078791566547,0.28064213093668156,0.21209922432562456,0.11237204109256692,0.0,0.0,0.15022343090965473
0.005785972682960329,0.03990977961910703,0.4445729519881651,0.3212879977108185,0.16243161965166678,0.026011678347270646,0.0,0.0,0.0764027423570666
0.004348264674707485,0.029074436497844375,0.338676486564715,0.29685742596408093,0.22768766568923665,0.10335572060940744,0.0,0.0,0.4326881642383831
0.005069737153161385,0.03331573305766727,0.35887562784013416,0.2870327738003181,0.21195341567722756,0.10375271247147905,0.0,0.0,0.1865218191004185
0.00546014462247893,0.037953032479707535,0.4325041537359427,0.32322188064782226,0.1724385620343068,0.028422226479731107,0.0,0.0,0.15836533171695735
0.0045070641678282945,0.02988141754055787,0.3390803790997573,0.2891782560533718,0.22161287144995384,0.11574001168852176,0.0,0.0,0.3717415305818499
0.005156280064082362,0.03359292008882479,0.3549127002034519,0.28224062268102856,0.21169746087196212,0.11240001609063882,0.0,0.0,0.16162064178797259
0.005676277899939936,0.039151611145868626,0.4380469103509467,0.3192705493491413,0.16517896387826492,0.032675687375829744,0.0,0.0,0.10294596541965452
0.004499167752014432,0.029829935342333407,0.3371234139593511,0.28684828479529456,0.22167474222950534,0.12002445592149105,0.0,0.0,0.3746704970889458
0.0051200163330501714,0.033357654002591844,0.35119822577486787,0.2799014493331884,0.21328263996024396,0.11714001459604632,0.0,0.0,0.171952417359548
0.0057171987139100315,0.03943490545164201,0.43957764804698574,0.31910064448471326,0.16369463755918848,0.03247496574354803,0.0,0.0,0.09292510440369475
0.003470381383164847,0.02380066229302909,0.30543730773008676,0.2968645708550419,0.24623165475672598,0.1241954229819475,0.0,0.0,0.870264604053527
0.004180054752596694,0.028187246192858166,0.33236977155962505,0.28914413543338247,0.22325832597564252,0.1228604660858921,0.0,0.0,0.5022969393006489
0.004536373754743885,0.03226951526707415,0.39958905861789806,0.3295423950295364,0.1953829895605947,0.038679667770148064,0.0,0.0,0.4547522279032954
0.0036711919676254306,0.024970302688724,0.3110545003710464,0.290872455578686,0.2374382588638529,0.13199329053006206,0.0,0.0,0.7517115833564978
0.004332113786282778,0.028967689893844913,0.33353549973682894,0.28433152455820804,0.2206661638815911,0.12816700814323576,0.0,0.0,0.43913714251156144
0.00479739322459867,0.03386956234503536,0.41022825259468215,0.32615722903509425,0.18444770456531362,0.04049985823526884,0.0,0.0,0.3594360830800793
0.003657244352566947,0.024876142808627218,0.3083084740417042,0.2868304274700829,0.2362553383770636,0.14007237294994754,0.0,0.0,0.7595251478947672
0.004277143940321079,0.02860094854834214,0.32775223267622705,0.27930652377368786,0.2218120449926799,0.13825110606873348,0.0,0.0,0.4614513322811118
0.00485574077848309,0.03428238465669265,0.41326205522217674,0.32622736679232844,0.18215143672739031,0.03922101582291659,0.0,0.0,0.33953074519087456
0.004327600644096445,0.028936904689681436,0.33711552257645255,0.29639960409521643,0.2287769855351243,0.10444338245942299,0.0,0.0,0.44094782502565344
0.005048261986429046,0.03317535239977701,0.35739904932334704,0.28687384175702835,0.21276836695381285,0.10473512757959567,0.0,0.0,0.19283312948959658
0.005446420532230613,0.03785839631547767,0.43147453906754646,0.3232171196810376,0.17322441106889477,0.028779113334802084,0.0,0.0,0.1620328810115193
0.004579636138811759,0.030363237198871993,0.3442992824066872,0.2924512316819761,0.2218524654106191,0.10645414716302465,0.0,0.0,0.3452958634899634
0.005234154408437551,0.03410103832771272,0.35963499531975723,0.2830192695569958,0.21048581786722065,0.10752472451986739,0.0,0.0,0.13991754544677423
0.005744052230623337,0.039619878805702155,0.4429908569906034,0.3214386203955733,0.1639410595677615,0.026265532009727862,0.0,0.0,0.08642669284414348
0.0045501602085752,0.03016869034522092,0.34070663265179263,0.28962547591573035,0.22303568201848883,0.11191335886018323,0.0,0.0,0.35593533807117883
0.005174903507131456,0.03371601381150986,0.3543344654380708,0.28048376002588965,0.21293170465470143,0.1133591525626873,0.0,0.0,0.15637097734563488
0.005772824111976625,0.039819391145423176,0.4435688250302644,0.3212899310762292,0.16320665722748243,0.026342371408611762,0.0,0.0,0.07953113721009368
0.004345664661484417,0.029057295144247895,0.3382039342107985,0.2958062839226162,0.22654105137139602,0.10604577068944812,0.0,0.0,0.43372310072525666
0.005053260244080338,0.03320773833654046,0.3573973478459335,0.2854268906199263,0.21152435240692707,0.10739041054657952,0.0,0.0,0.19135940801270937
0.005479814093094276,0.03809004401432933,0.43373941717430314,0.32336081295364955,0.17159133943090257,0.02773857233370951,0.0,0.0,0.15314100399598507
0.004506956013367062,0.029880953018059733,0.3390774903071705,0.2891755033386466,0.22161560662387203,0.11574349069887369,0.0,0.0,0.3717815782930925
0.0051560895258966405,0.03359196764506364,0.3549079573259092,0.2822393567990981,0.21170135613620972,0.11240327256781116,0.0,0.0,0.16167454757627645
0.005676251255695468,0.039151728390444084,0.4380506040663558,0.31926977635794807,0.1651763689908217,0.032675270938724396,0.0,0.0,0.10295253724270091
0.004496360531226321,0.02981157512364196,0.3366330581927621,0.28576738889959835,0.2204936857825352,0.12279793147022434,0.0,0.0,0.37571424010253285
0.005103195724648085,0.03324835122257548,0.34972848773043275,0.27830306582488873,0.21284605901352505,0.12077084048391808,0.0,0.0,0.17679456973431992
0.00573874945395386,0.0395838580040263,0.44089586015418825,0.31923167393567264,0.16277592971072324,0.03177392874142197,0.0,0.0,0.08770511828306243
0.0034703813831648534,0.023800662293029132,0.3054373077300874,0.2968645708550425,0.24623165475672654,0.12419542298194773,0.0,0.0,0.8702646040535229
0.004180054752596693,0.02818724619285816,0.3323697715596251,0.2891441354333825,0.22325832597564246,0.12286046608589207,0.0,0.0,0.5022969393006493
0.004536373754743884,0.032269515267074146,0.39958905861789784,0.32954239502953636,0.1953829895605947,0.03867966777014806,0.0,0.0,0.4547522279032957
0.0036711919676254375,0.024970302688724046,0.3110545003710471,0.29087245557868685,0.23743825886385336,0.13199329053006228,0.0,0.0,0.7517115833564941
0.004332113786282779,0.02896768989384492,0.33353549973682933,0.2843315245582082,0.22066616388159116,0.12816700814323578,0.0,0.0,0.43913714251156105
0.004797393224598669,0.03386956234503535,0.41022825259468215,0.3261572290350944,0.18444770456531362,0.040499858235268825,0.0,0.0,0.3594360830800796
0.0036572443525669505,0.024876142808627242,0.30830847404170436,0.2868304274700832,0.23625533837706397,0.1400723729499477,0.0,0.0,0.7595251478947652
0.00427714394032108,0.028600948548342147,0.32775223267622733,0.2793065237736878,0.22181204499268004,0.1382511060687335,0.0,0.0,0.46145133228111146
0.0048557407784830895,0.034282384656692644,0.41326205522217674,0.3262273667923282,0.18215143672739034,0.03922101582291658,0.0,0.0,0.33953074519087495
0.004327600644096448,0.02893690468968146,0.3371155225764528,0.29639960409521665,0.22877698553512454,0.10444338245942307,0.0,0.0,0.4409478250256521
0.005048261986429039,0.03317535239977697,0.3573990493233464,0.28687384175702796,0.21276836695381254,0.10473512757959554,0.0,0.0,0.19283312948959863
0.005446420532230613,0.03785839631547766,0.43147453906754657,0.3232171196810375,0.17322441106889475,0.02877911333480208,0.0,0.0,0.16203288101151947
0.00457963613881176,0.030363237198872,0.34429928240668733,0.2924512316819765,0.2218524654106191,0.10645414716302468,0.0,0.0,0.34529586348996305
0.005234154408437547,0.03410103832771269,0.35963499531975707,0.2830192695569957,0.21048581786722043,0.1075247245198673,0.0,0.0,0.13991754544677526
0.005744052230623339,0.039619878805702176,0.442990856990604,0.32143862039557336,0.1639410595677616,0.026265532009727872,0.0,0.0,0.08642669284414296
0.004550160208575205,0.03016869034522095,0.34070663265179285,0.2896254759157311,0.22303568201848903,0.11191335886018335,0.0,0.0,0.3559353380711771
0.005174903507131453,0.03371601381150984,0.35433446543807073,0.28048376002588954,0.21293170465470126,0.11335915256268722,0.0,0.0,0.1563709773456359
0.005772824111976628,0.03981939114542319,0.4435688250302647,0.32128993107622933,0.16320665722748248,0.02634237140861177,0.0,0.0,0.07953113721009317
0.004345664661484423,0.029057295144247933,0.33820393421079925,0.29580628392261676,0.22654105137139638,0.10604577068944827,0.0,0.0,0.4337231007252543
0.0050532602440803345,0.03320773833654044,0.357397347845933,0.28542689061992604,0.21152435240692694,0.10739041054657947,0.0,0.0,0.19135940801271023
0.005479814093094272,0.03809004401432931,0.4337394171743032,0.32336081295364943,0.1715913394309025,0.027738572333709497,0.0,0.0,0.15314100399598593
0.0045069560133670665,0.029880953018059757,0.3390774903071706,0.2891755033386471,0.2216156066238723,0.11574349069887375,0.0,0.0,0.3717815782930911
0.005156089525896638,0.03359196764506362,0.35490795732590913,0.28223935679909795,0.21170135613620955,0.11240327256781109,0.0,0.0,0.1616745475762773
0.0056762512556954685,0.0391517283904441,0.4380506040663564,0.3192697763579482,0.16517636899082172,0.0326752709387244,0.0,0.0,0.10295253724270056
0.00449636053122632,0.029811575123641954,0.3366330581927623,0.28576738889959824,0.2204936857825352,0.12279793147022433,0.0,0.0,0.3757142401025332
0.005103195724648089,0.03324835122257551,0.34972848773043286,0.2783030658248892,0.21284605901352527,0.12077084048391817,0.0,0.0,0.17679456973431873
0.0057387494539538585,0.039583858004026286,0.44089586015418836,0.3192316739356726,0.1627759297107232,0.03177392874142196,0.0,0.0,0.08770511828306295
0.003561236847202153,0.024224288545091836,0.304743107832544,0.2931409113884221,0.24560494122722026,0.12872551415951478,0.0,0.0,0.8149699288933359
0.004289037176767503,0.028681895788896534,0.3326943933955751,0.28677072458692354,0.22134958047093112,0.12621436858090002,0.0,0.0,0.4565749617305977
0.004650493973941336,0.03283476131127511,0.3991565209075743,0.3258105012754376,0.19648836075106701,0.04105936178070113,0.0,0.0,0.4117627279160399
0.003764131557500694,0.02539160261426291,0.3088465199491586,0.2872112895190872,0.23683009555722193,0.13795636080276874,0.0,0.0,0.7011245528415052
0.0044113612405433855,0.029250496029504535,0.32971019213737174,0.27937345909677935,0.2191698620249792,0.13808462947081349,0.0,0.0,0.40794658302799547
0.004939642660407336,0.034611964320287014,0.4104346469434655,0.3257121868951806,0.18703830252630826,0.037263256654344386,0.0,0.0,0.31173179552124886
0.0037284416163092257,0.025151571142003285,0.3061732638142853,0.2856908125599162,0.23860298313541436,0.14065292773206625,0.0,0.0,0.7202523084880419
0.00436168040357615,0.02892192007979576,0.32630467799874163,0.2776604984193576,0.2211425327593593,0.1416086903391595,0.0,0.0,0.42736763560672847
0.004936711531528326,0.034592329783329524,0.4102280201398456,0.32555110320502045,0.18786339604313504,0.03682843929712845,0.0,0.0,0.31268702857710573
0.004421148475233479,0.02931477228339889,0.335805806878029,0.29345812776641755,0.22882453971213218,0.10817560488478017,0.0,0.0,0.4041720554504574
0.005153971367004025,0.033581338783259404,0.35709053712293004,0.2849980334953643,0.21139732674140832,0.1077787924900233,0.0,0.0,0.1622740713477262
0.0037938352134972457,0.02476689523723875,0.2675049681241386,0.2340496153469556,0.22858646139468192,0.23453410571548466,0.006764118968002751,0.0,0.687877313406623
0.004649520853526303,0.030566135797510066,0.33938501725850945,0.2877254742350664,0.22163517753329606,0.11603867432208388,0.0,0.0,0.3206097144727091
0.00528428170131251,0.03413162592448675,0.35380723556803123,0.2790820906234168,0.21054144223599475,0.11715332394675029,0.0,0.0,0.1262857806924274
0.0038118593151341227,0.024668191671775395,0.2600547008376549,0.22534005619027173,0.2214679060192904,0.2515881055053952,0.01306918046047824,0.0,0.6784914645052701
0.0045954375822675406,0.030211479140754418,0.3360367792401789,0.2870766106774093,0.22439600295869794,0.11768369040068116,0.0,0.0,0.33964845451997877
0.00356569714853027,0.021760569086306247,0.2234116677102137,0.21908145982575553,0.2548201730714446,0.2700228558327476,0.007337577325003245,0.0,0.695553066760925
0.003777982140626347,0.024449366437794367,0.2577396329098772,0.22318261258431807,0.2210181543679382,0.256923871499468,0.012908380059976307,0.0,0.696206648796148
0.004443797716778977,0.029464544630225846,0.3371890279894236,0.2930510778070311,0.22697695620717862,0.10887459564935048,0.0,0.0,0.39550094725542945
0.0051636921751883925,0.033644205037468615,0.35738874349055744,0.28373201986984087,0.21026155409475084,0.10980978533218033,0.0,0.0,0.1595267443701563
0.005590308975200566,0.03856171754816561,0.43249171567189315,0.32094860452343055,0.1736786177145742,0.02872903556672101,0.0,0.0,0.1244762487569566
0.004652248334118609,0.030583642126786596,0.3395412109961418,0.2878052650986307,0.22166520803925618,0.11575242540505604,0.0,0.0,0.31966129403649557
0.005286608744041366,0.03414617440761871,0.3539297490504842,0.27916071277114685,0.21061668936791367,0.11686006565878257,0.0,0.0,0.12565923672941479
0.003821959854086246,0.024733611558391887,0.26074717962794486,0.2259890323528411,0.22171157379120174,0.2502180536487724,0.012778589166763988,0.0,0.6732704269050294
0.0046203119385341725,0.03037458763917805,0.33751826071103463,0.28669652828153636,0.22256050002502004,0.11822981140468487,0.0,0.0,0.33083666724676175
0.0035962071274210014,0.02194681872984613,0.2250876221748701,0.2197495724617791,0.25423528736223233,0.26834296889125886,0.007041523252589525,0.0,0.6786474840931286
0.0037762911297086308,0.024438477261760284,0.2573886160368024,0.22188928714086625,0.2193165182350666,0.25854116435431373,0.014649645841480846,0.0,0.6970992475992989
0.003598410148942937,0.024477870155414604,0.3061803942752378,0.29222264740676085,0.24343008604674327,0.13009059196689537,0.0,0.0,0.7931511752300918
0.004313086235322308,0.02884358214257905,0.33273564920789744,0.28531576807662173,0.22055169114634757,0.12824022319122952,0.0,0.0,0.4467967271677038
0.004701522380540617,0.03319593831128852,0.40165847180442077,0.3259269993125116,0.19432959333295954,0.040187474858274626,0.0,0.0,0.39321536689956355
0.0038113931909948863,0.02571117776019483,0.31201592434808656,0.28668311630924864,0.23431398836817854,0.13746440002329635,0.0,0.0,0.6763463100646007
0.004464924157377611,0.029606551198470166,0.3331779238535401,0.2801064838177858,0.21841448288394344,0.13422963408887573,0.0,0.0,0.38749213176139796
0.004986206014986871,0.03493917817255655,0.41342569971456306,0.3236561886859428,0.1826220453634281,0.04037068204851558,0.0,0.0,0.2967077731486922
0.0038176027390094225,0.025753805054365114,0.31089168987601357,0.2840895597781202,0.23370383095098976,0.14174351160149598,0.0,0.0,0.6731363781143401
0.004440493207084584,0.029445410498402474,0.32974484891991773,0.27681827954995103,0.21958568266469275,0.13996528515994253,0.0,0.0,0.3967605449647069
0.005043023236612307,0.03533822921253537,0.4161060290610784,0.3235852575433874,0.18095984764501497,0.03896761330135721,0.0,0.0,0.2787510735591566
0.004479345958032598,0.029701552682238397,0.3380415413846121,0.29232757740106297,0.22587945574730625,0.10957052682674201,0.0,0.0,0.3820683635755372
0.005189472514679,0.033813690595873046,0.35733996738575874,0.2832367959402324,0.2103576950116997,0.11006237855174567,0.0,0.0,0.1522904638426626
0.003790576739003856,0.024745814394455282,0.2656284984525252,0.23124415311943874,0.2258947297178341,0.23960871443853515,0.009087513138206096,0.0,0.6895836544099699
0.004722529780732693,0.03104704553905982,0.34413947997573346,0.28908889008371863,0.22011483283604896,0.1108872217846986,0.0,0.0,0.2956003079989298
0.005362013227577224,0.03463477473396309,0.35835423190329774,0.27996296488972505,0.20950179441879993,0.11218422082662786,0.0,0.0,0.10565129370008908
0.0037967531375153766,0.024570624482174654,0.2587761262845731,0.22359255892017477,0.21973169483442367,0.25419398485967704,0.014919429113254418,4.1882836820789895E-4,0.6863517916257698
0.0047322314732369695,0.031111742186436867,0.34311702512782377,0.28714376637687056,0.2197393358139742,0.11415589902164823,0.0,0.0,0.2923350526921961
0.0035260050546207047,0.021518526459673913,0.21906578777870064,0.21310822887855752,0.2497952801135668,0.2813547121222062,0.011201936339782658,4.2952325289490875E-4,0.7179843445496499
0.003766231490267123,0.02437351150780857,0.2550634808668898,0.21917297188872473,0.2174518157183336,0.26304739922479076,0.01670912784645281,4.154614567314345E-4,0.7024257876136881
0.004480877783615006,0.029711301269146388,0.33811350987280536,0.292325711174174,0.22582832122776042,0.10954027867248944,0.0,0.0,0.38149432386484855
0.00519018556467749,0.033817863412905026,0.35735416212777504,0.28321827606537103,0.21034878472907664,0.11007072810018091,0.0,0.0,0.15209133956879498
0.0037985056381300486,0.024797630781859138,0.26618822895232797,0.23178190694773954,0.22606652494154403,0.23853900066035316,0.008828202078045693,0.0,0.6854366921622344
0.004651164710514092,0.030577450281113947,0.33919212186954983,0.2858274639988216,0.21986185540850733,0.11988994373148285,0.0,0.0,0.32003796675952706
0.003595423419518833,0.021941815903033183,0.22504399637202063,0.21981044491495322,0.2532610276038478,0.2688313169171013,0.007515974869526674,0.0,0.679078146410675
0.003821390553500948,0.024730120026656043,0.2604454510805074,0.2244814416244524,0.22055061752063254,0.2528941860706862,0.01307679312356661,0.0,0.6735639682916249
0.004660820381019833,0.03064182967475392,0.3381883948092563,0.2839099560368399,0.21949495976869043,0.1231040393294287,0.0,0.0,0.3166877826456607
0.003589870110184351,0.021908337214774518,0.22327876407037436,0.21775850612428188,0.2535485782612519,0.2725768101400988,0.007339134079033752,0.0,0.682135181862973
0.0037886576674760956,0.02451869901269866,0.2565706880164958,0.21992323475356465,0.21821086761221786,0.2620779783446359,0.014909874592909123,0.0,0.6905899736152055
0.003602084290665012,0.024503065013191938,0.3062713104309159,0.2915599480756467,0.2425983899666391,0.13146520222293837,0.0,0.0,0.7910191040812384
0.004307469141362999,0.028806259417825827,0.3320392567855982,0.2840892093877585,0.22020285760558897,0.13055494766186207,0.0,0.0,0.4490708383598658
0.004719166557659295,0.033320768439601814,0.4028905080096916,0.3259728139891702,0.193783814092203,0.03931292891166859,0.0,0.0,0.38689553819428296
0.0038111834873340356,0.025709976672113725,0.3120056232092409,0.2866758969911464,0.23431378035911735,0.13748353928104778,0.0,0.0,0.6764548957866506
0.004464546365874191,0.029604296248822187,0.33316011401622875,0.28009899984811437,0.21841857880441157,0.13425346471654084,0.0,0.0,0.38763468302977494
0.00498614710479322,0.034939029802478705,0.4134288728097596,0.3236587086736052,0.18262008067192093,0.04036716093743326,0.0,0.0,0.29672660369226045
0.0038217043697461183,0.02578168906727821,0.3109895816570017,0.28337555419531396,0.23281259782297253,0.14321887288768262,0.0,0.0,0.6710218227534791
0.004434518930122621,0.029406042867899336,0.3290290998769136,0.2755647048998529,0.21922842700349532,0.14233720642170827,0.0,0.0,0.3990425571148587
0.005063306368453726,0.03548062873316098,0.41748306893172993,0.32362375872936777,0.1803230111447282,0.03802622609254532,0.0,0.0,0.2724383386864707
0.004464279344258674,0.029601899437785156,0.33691093450904014,0.2919292957049769,0.22662551624474203,0.1104680747591906,0.0,0.0,0.38773545228363965
0.00517297335477052,0.03370647481997259,0.3562137794929555,0.2830201062416438,0.2110737962295657,0.11081286986108176,0.0,0.0,0.15691330208736953
0.003781932000751782,0.024689497986654218,0.26502109272072,0.23068151842149942,0.22525510042522429,0.24151378243557772,0.009057076009572215,0.0,0.6941248279281462
0.004722207835348429,0.03104519358518099,0.34412452652082487,0.2890797810546596,0.22011554309264378,0.11091274791133356,0.0,0.0,0.29570889372098114
0.0035331259052448698,0.02156169600201742,0.22090070166876408,0.21518101835488024,0.24948564564675035,0.2775346710557238,0.011372750681357837,4.303906852655635E-4,0.7139230244665365
0.0037991088069773793,0.024585988259405635,0.258935057858386,0.2236907398179976,0.2197011956294836,0.25395650308260176,0.014912318317751607,4.190882273983897E-4,0.6851219320777819
0.004715367053018771,0.03100113238255927,0.3418999131059537,0.28673888749056875,0.22055143278157807,0.11509326718631188,0.0,0.0,0.29801965718828766
0.003522855975779455,0.02149942529565649,0.2188682124211883,0.21311496027116533,0.25016254839494806,0.28123169962201994,0.011171158374023864,4.291396452237446E-4,0.7197856323296009
0.003757564212434362,0.024317538225953197,0.2544739005007167,0.21863491899852083,0.21684519292071455,0.26489224365881314,0.016664136133005224,4.145053498422003E-4,0.7070379496290261
0.0044866729654071584,0.02974997870491982,0.33827198916228063,0.291502830791078,0.22477116780756085,0.11121736056874414,0.0,0.0,0.3793261711235079
0.005182242823450552,0.03376640100059268,0.3564872531963782,0.2817489780424065,0.2099432602743089,0.11287186466285072,0.0,0.0,0.15431250084147374
0.0037788492414498774,0.024669427188667985,0.26457040586514,0.22930208290269982,0.22349078869869643,0.24334985601536038,0.010838590087987425,0.0,0.6957492601394472
0.004651044723396897,0.03057692207297565,0.3391886906616383,0.2858247281354545,0.21986439864237198,0.11989421576415159,0.0,0.0,0.3200796856459486
0.003597863909591545,0.02195682904605511,0.225194776501175,0.2199176739475328,0.25326137608539917,0.26858046322649365,0.007491017283755005,0.0,0.6777376685109997
0.0038226080105790063,0.024738118635659077,0.26052577162892976,0.2245157773142498,0.22049911874686057,0.2528176464037409,0.013080959259983106,0.0,0.672936332465913
0.0046670701200979626,0.03068317910318934,0.33835115092015444,0.28304285431667736,0.21838823928223122,0.12486750625763811,0.0,0.0,0.3145267291522662
0.003582651265668705,0.021864400935343014,0.22258804023877019,0.21627069429202034,0.25234547087120207,0.27603180122807686,0.007316941168919019,0.0,0.6861232429717014
0.0037689323197453656,0.024391162493156447,0.25499447527022784,0.21750334768767293,0.2156880209014883,0.26677113768603267,0.016882923641675564,0.0,0.7009929166773428
0.003602084290665017,0.02450306501319197,0.3062713104309163,0.2915599480756472,0.24259838996663938,0.13146520222293853,0.0,0.0,0.7910191040812357
0.004307469141362999,0.028806259417825827,0.3320392567855983,0.28408920938775867,0.22020285760558897,0.13055494766186207,0.0,0.0,0.4490708383598658
0.004719166557659294,0.03332076843960181,0.4028905080096915,0.32597281398917005,0.19378381409220297,0.039312928911668585,0.0,0.0,0.3868955381942833
0.003811183487334041,0.02570997667211376,0.31200562320924113,0.2866758969911472,0.23431378035911762,0.13748353928104795,0.0,0.0,0.676454895786648
0.004464546365874192,0.029604296248822194,0.3331601140162292,0.28009899984811454,0.2184185788044116,0.13425346471654087,0.0,0.0,0.3876346830297746
0.004986147104793221,0.03493902980247871,0.41342887280976015,0.32365870867360547,0.18262008067192095,0.04036716093743327,0.0,0.0,0.2967266036922601
0.00382170436974612,0.025781689067278225,0.31098958165700175,0.28337555419531407,0.2328125978229727,0.14321887288768267,0.0,0.0,0.6710218227534781
0.004434518930122619,0.02940604286789932,0.32902909987691337,0.27556470489985274,0.21922842700349524,0.1423372064217082,0.0,0.0,0.3990425571148597
0.005063306368453724,0.03548062873316096,0.4174830689317298,0.32362375872936744,0.18032301114472823,0.0380262260925453,0.0,0.0,0.27243833868647144
0.004464279344258681,0.029601899437785198,0.3369109345090403,0.2919292957049773,0.2266255162447423,0.11046807475919077,0.0,0.0,0.38773545228363726
0.005172973354770517,0.033706474819972576,0.3562137794929554,0.2830201062416437,0.2110737962295655,0.1108128698610817,0.0,0.0,0.15691330208737037
0.003781932000751778,0.024689497986654194,0.2650210927207199,0.2306815184214992,0.225255100425224,0.2415137824355775,0.009057076009572205,0.0,0.6941248279281483
0.0047222078353484276,0.031045193585180975,0.34412452652082426,0.2890797810546597,0.2201155430926436,0.11091274791133351,0.0,0.0,0.2957088937209818
0.003533125905244863,0.021561696002017378,0.22090070166876366,0.21518101835487993,0.24948564564674988,0.27753467105572327,0.011372750681357815,4.3039068526556256E-4,0.7139230244665407
0.003799108806977375,0.024585988259405604,0.2589350578583857,0.2236907398179973,0.2197011956294833,0.2539565030826014,0.01491231831775159,4.190882273983892E-4,0.6851219320777844
0.004715367053018777,0.031001132382559308,0.34189991310595413,0.2867388874905692,0.22055143278157835,0.11509326718631203,0.0,0.0,0.2980196571882856
0.0035228559757794525,0.021499425295656478,0.21886821242118829,0.2131149602711653,0.2501625483949479,0.2812316996220197,0.011171158374023858,4.291396452237443E-4,0.7197856323296024
0.0037575642124343628,0.0243175382259532,0.2544739005007167,0.21863491899852092,0.21684519292071455,0.26489224365881325,0.016664136133005228,4.145053498422004E-4,0.7070379496290258
0.004486672965407165,0.02974997870491987,0.3382719891622813,0.2915028307910784,0.22477116780756123,0.11121736056874432,0.0,0.0,0.37932617112350514
0.005182242823450544,0.03376640100059264,0.35648725319637764,0.2817489780424062,0.20994326027430854,0.11287186466285057,0.0,0.0,0.1543125008414758
0.0037788492414498735,0.024669427188667957,0.2645704058651396,0.22930208290269963,0.22349078869869615,0.24334985601536013,0.010838590087987413,0.0,0.6957492601394493
0.004651044723396902,0.03057692207297568,0.33918869066163865,0.2858247281354549,0.21986439864237228,0.11989421576415171,0.0,0.0,0.3200796856459469
0.003597863909591544,0.0219568290460551,0.22519477650117495,0.21991767394753275,0.25326137608539906,0.26858046322649365,0.007491017283755002,0.0,0.6777376685110004
0.003822608010579001,0.024738118635659043,0.26052577162892937,0.22451577731424946,0.22049911874686026,0.25281764640374055,0.013080959259983087,0.0,0.6729363324659158
0.004667070120097963,0.030683179103189347,0.3383511509201544,0.28304285431667775,0.2183882392822313,0.12486750625763812,0.0,0.0,0.3145267291522658
0.0035826512656687015,0.021864400935342993,0.22258804023876994,0.21627069429202025,0.25234547087120185,0.2760318012280765,0.007316941168919011,0.0,0.6861232429717034
0.0037689323197453656,0.024391162493156447,0.2549944752702278,0.21750334768767293,0.21568802090148825,0.26677113768603267,0.016882923641675564,0.0,0.7009929166773428
0.0035748020714591734,0.024523606128788854,0.31283648571438977,0.299392766671746,0.24306090621905152,0.11661143319456035,0.0,0.0,0.8069552810977586
0.004306937091428697,0.029051044699412467,0.3424287892384685,0.2943792363269671,0.21910015962746715,0.11073383301625364,0.0,0.0,0.44928654922174205
0.004674201801359575,0.03325837476511107,0.4112437133010088,0.3332200027276542,0.18703505082305674,0.030568656581808136,0.0,0.0,0.4030952463929669
0.0037813024880642126,0.02572643617048652,0.31735649914691194,0.29296369379892195,0.23390652627740355,0.1262655421182134,0.0,0.0,0.6920505702615669
0.0044309754481453405,0.02963718390526137,0.3394908427724528,0.28576052138492514,0.21495016907735445,0.12573030741185595,0.0,0.0,0.40039897870804175
0.004980361977403231,0.035170290962221566,0.4242396477721022,0.33359835167105556,0.17836373485103077,0.023647612766181388,0.0,0.0,0.2985779797472183
0.003755914357697327,0.025554432244830186,0.3154833446948641,0.29197296072898293,0.23512061317745034,0.1281127347961693,0.0,0.0,0.7054962865046444
0.004385771429445246,0.02933567902935941,0.33633748700637145,0.2840102383526138,0.21666015247539253,0.12927067170680925,0.0,0.0,0.41789511010339436
0.004997038118755096,0.03528896930067257,0.4256983374278082,0.33445125024137645,0.1776451274065605,0.02191927750481576,0.0,0.0,0.29325285595406503
0.0044381006957796105,0.02968421957103685,0.3454212138251091,0.29974310836428686,0.22545135280934736,0.09526200473443354,0.0,0.0,0.39767368200594505
0.005171643929421938,0.033996015892962646,0.368011402528811,0.2922644901110566,0.20844468898043392,0.09211175855730416,0.0,0.0,0.15728707293159055
0.003832832774314881,0.025243919906254807,0.2770494332354691,0.23889536855883237,0.22691782729500493,0.22570687172608517,0.002353746504038528,0.0,0.6676808946452009
0.004671353285551271,0.030980216771545683,0.3494576762456268,0.29359009193321983,0.21813296312888233,0.10316769863516818,0.0,0.0,0.3130490228178913
0.005306105625482935,0.034579905553616966,0.3648917806565015,0.2852958905948652,0.2060780632583814,0.10384825431114604,0.0,0.0,0.12043139521415169
0.003846170912382425,0.0251134519538195,0.26897660566892667,0.2293073287846165,0.22064660393462424,0.24376103147343411,0.008348807272197249,0.0,0.6608672102152162
0.004626927454191005,0.03068648156302479,0.3467386298345585,0.29322396755660163,0.22050651682739664,0.10421747676421825,0.0,0.0,0.32850905819741383
0.0036012841103522436,0.022199266133815666,0.23113588921708453,0.22421349991160816,0.25862897054688455,0.2577790466262381,0.002442043454018407,0.0,0.6758621261818678
0.0038127135423359202,0.024895405492083415,0.26663285663823955,0.22715605238948564,0.21996355042254775,0.2492632394957871,0.00827618201951969,0.0,0.6780488377990633
0.004462389442486866,0.029846267836817097,0.34697333538345076,0.2994638596857676,0.22333841685517541,0.09591573079629481,0.0,0.0,0.3884490126571284
0.005181346353700801,0.034059322696063134,0.3683254404047797,0.2910017831023756,0.20693416869353543,0.09449793874953263,0.0,0.0,0.15456362331460544
0.0056206754683903485,0.03907929156898999,0.446594703416655,0.32849533301217554,0.16288810342250482,0.017321893111272184,0.0,0.0,0.11679595147215972
0.004672579876383766,0.03098792537879667,0.34950652575243013,0.29357768775857157,0.21808851951887498,0.10316676171493412,0.0,0.0,0.31262634389681
0.005306483468783127,0.0345818840629126,0.36488449761048597,0.2852716589070454,0.20607500430889572,0.10388047164186738,0.0,0.0,0.12033046078233542
0.0038564633752773813,0.025180711689132464,0.2696994520104442,0.229972473839381,0.22056739596723135,0.242295517035625,0.008427986082910736,0.0,0.6556416028238058
0.004652157398291622,0.03085338613335185,0.3482897660688867,0.2928751793214498,0.21831491446853107,0.10501459660947979,0.0,0.0,0.3196928970178608
0.0036314236109024458,0.022385109286953645,0.23283207612753742,0.22487156149199042,0.2574138720760712,0.25637100861610695,0.002494948790435273,0.0,0.659487207905363
0.0038109995711410587,0.024884268755024985,0.2662748112867099,0.22584873704356465,0.21766460084510514,0.2511143889217654,0.010402193576687965,0.0,0.6789371501482164
0.003612285870481788,0.02478147356009781,0.3143667327420271,0.2983065447977167,0.2408387762682959,0.11809418676137709,0.0,0.0,0.7851219595553269
0.004331095240035404,0.029214863357004486,0.34251821880966227,0.2926767123512189,0.2179639346797394,0.11329517556233862,0.0,0.0,0.4395454557748017
0.004727401321683083,0.033637802022087576,0.41403661080352605,0.3332476344551645,0.18511628530200558,0.029234266095530485,0.0,0.0,0.383962139512568
0.003829066588796393,0.026052170720489938,0.3206540257915939,0.2925130329437528,0.23105623207041737,0.12589547188495148,0.0,0.0,0.6672376665893566
0.004485127235385229,0.03000028409888678,0.3431023510698257,0.2865835715229334,0.21413657817639703,0.12169208789656734,0.0,0.0,0.37990392754724844
0.005026008138967066,0.03549358778574097,0.42724359755950514,0.33149142566565526,0.17340958579845092,0.027335795051675108,0.0,0.0,0.2840859946576688
0.0038465314186074974,0.026171741843473813,0.32047228115343157,0.2902729863994293,0.22979866002586974,0.12943779915918238,0.0,0.0,0.6583187422809414
0.004465489030925144,0.029869791145986622,0.3399817000560727,0.2829932414257198,0.21467637123066183,0.12801340711062556,0.0,0.0,0.3872790342156868
0.005106214194533899,0.03606093649592976,0.4320064130110143,0.3323588499282935,0.1703843881513378,0.024083198218878523,0.0,0.0,0.2592493654015248
0.004496796123974034,0.030077704631877148,0.34779696022154555,0.29840454307260644,0.22243338265223367,0.09679061329776002,0.0,0.0,0.37555219845918036
0.005207263746100238,0.03423120748779114,0.3683289240108549,0.2902048925467074,0.20699275231160125,0.09503495989693456,0.0,0.0,0.14733843071865427
0.0038285004882256794,0.025215579497156387,0.2750732983291604,0.23574746177966732,0.22437132390070602,0.2314262951661483,0.004337540838934733,0.0,0.6699042240282191
0.004745176775887467,0.03147076170219624,0.3544034738849756,0.29506176420854807,0.2165459281604646,0.0977728952679219,0.0,0.0,0.28799890410408396
0.005384653194474356,0.03509287907718713,0.36963382663831706,0.28628215778249094,0.2049629788398453,0.09864350446767794,0.0,0.0,0.09975335176493921
0.003829783612714471,0.02500664468638739,0.2675805770869893,0.22746784639493067,0.21908858303153986,0.24746279365864682,0.009563771528792231,0.0,0.6692452002145253
0.004765821282020708,0.03160860121409166,0.3542044624355511,0.2931802544409322,0.21567785855118193,0.10056300207621434,0.0,0.0,0.2811325740916011
0.003559877385583403,0.02194421437925624,0.22660168807907585,0.2178231755244947,0.2534138185485552,0.27095166838800006,0.005705557695038037,0.0,0.6988107075151619
0.003798763106848756,0.02480450657977224,0.26376671394558293,0.22273466094915995,0.2167452096182819,0.2566928137035206,0.011457332096832848,0.0,0.6853023214118331
0.004498370778687169,0.03008782681436409,0.34787511690050366,0.29840654340507816,0.22237870528583667,0.09675343681552387,0.0,0.0,0.37496668455393534
0.005208009846959519,0.03423563724542169,0.3683468288659862,0.29018871073775815,0.20698181337365307,0.09503899993020867,0.0,0.0,0.14713149927303185
0.0038366001150273365,0.025268981051379556,0.2756590173686787,0.23629984238113627,0.22422026068262155,0.23029318844707325,0.004422109954082651,0.0,0.6657515769409796
0.0046714590554138465,0.03098142815014273,0.34915209611277453,0.2915906946371293,0.21593264123716605,0.10767168080736599,0.0,0.0,0.3130125661473642
0.0036277708554336248,0.02236237066338243,0.2326033853256917,0.2247542561474485,0.2564862199989231,0.25767336833741555,0.0024926286717073635,0.0,0.6614572759515985
0.003855882758765092,0.025177114969536014,0.26939379029706245,0.22845083658396273,0.21909488272848657,0.2456197183384545,0.00840777432373404,0.0,0.6559356463408844
0.004691702099772224,0.031116588920786333,0.3489467135057199,0.2897277556950032,0.21507747245664308,0.11043976732206587,0.0,0.0,0.30606547215616425
0.003624959442570372,0.022345456055791083,0.2309917981709226,0.22260415510399154,0.25668231857254165,0.2612828755177246,0.002468437136457007,0.0,0.6629762802960093
0.00382258915343599,0.02496013671544311,0.2654090850168548,0.22357185331365068,0.21669749392626436,0.25522027680420717,0.010318565070142269,0.0,0.6729460508433913
0.0036186989312615974,0.024825672035294382,0.3147023969023803,0.2978712973880562,0.2396905571926262,0.11929137755037796,0.0,0.0,0.7814318342406572
0.0043265616533819514,0.029184525036828845,0.3418957856520998,0.29151219553035396,0.2170861817655001,0.11599475036183228,0.0,0.0,0.4413652052960712
0.004751308663770609,0.03380816657265881,0.415853615445647,0.33374840460921673,0.18415833375439422,0.02768017095430902,0.0,0.0,0.37550344597477986
0.003828845714095251,0.02605088247108279,0.3206427207867928,0.2925059169405874,0.23105631762051032,0.12591531646693066,0.0,0.0,0.667350983705333
0.0044847413320274615,0.029997954141136273,0.3430835845321665,0.28657623853162034,0.21414099041853385,0.12171649104450996,0.0,0.0,0.3800482309971073
0.005025936159712348,0.035493346002978585,0.42724596552947386,0.33149453865197565,0.1734081230436793,0.027332090612172056,0.0,0.0,0.2841086397920412
0.0038537629161581196,0.02622116077605809,0.32083696147378415,0.28979188865213157,0.22855641512103272,0.13073981106082955,0.0,0.0,0.6546494332533799
0.004460643986411203,0.02983763243335754,0.33933944146967904,0.28180068894295696,0.213775220138126,0.1307863730294607,0.0,0.0,0.3891085725147362
0.005134093499518267,0.03625809706807277,0.43406480368546774,0.3328941095301897,0.16927137459559155,0.022377521621147017,0.0,0.0,0.2507980005186028
0.004484348200013156,0.02999469551087252,0.3468409998120161,0.2981669382075891,0.22303222863470246,0.09748078963480156,0.0,0.0,0.3801952630457873
0.00519240685248977,0.03413383304325411,0.3672883879314367,0.2900640321439414,0.2074453186942985,0.09587602133457059,0.0,0.0,0.15147137972915628
0.0038196837706808468,0.025157629865818033,0.2744381845966657,0.23516885514009608,0.22372178895687073,0.233366305825982,0.004327551843887278,0.0,0.6744445399133471
0.004744837573472373,0.03146877791862979,0.35438705180065555,0.29505276361962857,0.2165470714261446,0.09779949766146182,0.0,0.0,0.2881122212200573
0.0035643820281706187,0.021971692250809322,0.22829313260741238,0.21999845878377264,0.25319182119994044,0.267238367885245,0.00574214524465293,0.0,0.6962882814747584
0.0038321821329345847,0.02502242600814301,0.26774650945660583,0.2275693208402875,0.21905036079669518,0.24720943962937278,0.009569761135963823,0.0,0.6680144830334878
0.004751779212100262,0.031515735522062126,0.35316691248745524,0.2929408203358674,0.21633418668007062,0.10129056576243682,0.0,0.0,0.2857964549653121
0.003557587536491746,0.02193021723122572,0.22645403089314167,0.21788215658015989,0.25384085495776837,0.2706402992541726,0.005694853547044446,0.0,0.7000953835277272
0.003789946220690353,0.024747054415283683,0.2631518828699417,0.22218367383841026,0.21612807676292844,0.2585686261339815,0.011430739758765051,0.0,0.6899141720341506
0.00450842067009914,0.030155299185353483,0.3483725122949746,0.29786668530529115,0.22090839038865817,0.09818869215561611,0.0,0.0,0.37123940462191374
0.00520164727718565,0.0341941033907303,0.36757598388028084,0.28879452401301514,0.20593847041073995,0.09829527102803721,0.0,0.0,0.14889806656509508
0.003816550403086478,0.02513704737765087,0.2739756814674265,0.23377171275017086,0.22135798354816003,0.23546543889443042,0.00647558555907571,0.0,0.6760631721799689
0.004671332913517792,0.030980853310509288,0.34914837425056355,0.2915883022187321,0.21593455399967018,0.10767658330699797,0.0,0.0,0.3130560448234962
0.0036302548737815804,0.022377803317446248,0.23276071106270546,0.224865893016981,0.2564817811891848,0.2573892211078734,0.0024943354320298592,0.0,0.6601171203606468
0.003857122922610488,0.02518533358110227,0.2694777465547295,0.22848672607413803,0.21903540709956384,0.2455471852597931,0.008410478508064551,0.0,0.6553076935082195
0.004702611001147366,0.031189203087166682,0.34946550235046636,0.289144686272334,0.21352772772860565,0.1119702695602694,0.0,0.0,0.3023465091820762
0.0036185498938129095,0.02230606569909558,0.23033925776199912,0.22115012023289934,0.25525744953339174,0.26486448436170845,0.0024640725170918774,0.0,0.6664481796436191
0.0038025113171474933,0.024829154851031047,0.2637724963638866,0.221111279465881,0.2138906784481835,0.26026056543172393,0.012333314122145627,0.0,0.6833482227809337
0.0036186989312616056,0.02482567203529444,0.314702396902381,0.2978712973880572,0.23969055719262664,0.11929137755037823,0.0,0.0,0.7814318342406524
0.004326561653381953,0.029184525036828855,0.34189578565210016,0.29151219553035423,0.2170861817655001,0.11599475036183232,0.0,0.0,0.4413652052960705
0.004751308663770609,0.03380816657265881,0.41585361544564703,0.33374840460921673,0.18415833375439422,0.02768017095430902,0.0,0.0,0.37550344597477986
0.0038288457140952564,0.026050882471082833,0.3206427207867934,0.29250591694058825,0.23105631762051063,0.12591531646693088,0.0,0.0,0.66735098370533
0.004484741332027463,0.029997954141136287,0.34308358453216664,0.2865762385316207,0.21414099041853385,0.12171649104451002,0.0,0.0,0.3800482309971066
0.00502593615971235,0.0354933460029786,0.4272459655294745,0.33149453865197587,0.17340812304367942,0.02733209061217207,0.0,0.0,0.28410863979204054
0.003853762916158128,0.026221160776058145,0.3208369614737849,0.2897918886521323,0.22855641512103334,0.13073981106082982,0.0,0.0,0.6546494332533758
0.004460643986411204,0.029837632433357544,0.33933944146967926,0.2818006889429572,0.21377522013812608,0.1307863730294607,0.0,0.0,0.38910857251473585
0.005134093499518265,0.03625809706807275,0.4340648036854675,0.33289410953018933,0.16927137459559147,0.022377521621147003,0.0,0.0,0.25079800051860385
0.004484348200013161,0.029994695510872558,0.3468409998120165,0.29816693820758944,0.22303222863470265,0.09748078963480167,0.0,0.0,0.38019526304578527
0.005192406852489763,0.03413383304325407,0.3672883879314359,0.29006403214394116,0.20744531869429816,0.09587602133457046,0.0,0.0,0.15147137972915817
0.003819683770680843,0.025157629865818005,0.27443818459666547,0.2351688551400959,0.22372178895687037,0.23336630582598175,0.004327551843887274,0.0,0.6744445399133491
0.004744837573472373,0.03146877791862979,0.35438705180065533,0.2950527636196286,0.21654707142614454,0.09779949766146182,0.0,0.0,0.2881122212200573
0.0035643820281706156,0.021971692250809305,0.22829313260741219,0.21999845878377264,0.2531918211999401,0.26723836788524485,0.005742145244652924,0.0,0.6962882814747601
0.00383218213293458,0.02502242600814298,0.26774650945660544,0.22756932084028714,0.21905036079669493,0.24720943962937247,0.009569761135963811,0.0,0.6680144830334901
0.004751779212100263,0.03151573552206213,0.35316691248745535,0.2929408203358672,0.21633418668007068,0.10129056576243685,0.0,0.0,0.28579645496531175
0.0035575875364917456,0.021930217231225718,0.22645403089314173,0.21788215658016014,0.25384085495776837,0.2706402992541726,0.005694853547044445,0.0,0.7000953835277275
0.003789946220690354,0.02474705441528369,0.26315188286994207,0.22218367383841026,0.21612807676292847,0.2585686261339816,0.011430739758765057,0.0,0.68991417203415
0.004508420670099145,0.03015529918535352,0.3483725122949751,0.29786668530529153,0.2209083903886584,0.09818869215561624,0.0,0.0,0.3712394046219117
0.005201647277185643,0.03419410339073026,0.36757598388027984,0.2887945240130151,0.20593847041073945,0.09829527102803708,0.0,0.0,0.1488980665650968
0.0038165504030864784,0.02513704737765088,0.2739756814674265,0.23377171275017108,0.22135798354816016,0.23546543889443045,0.006475585559075711,0.0,0.6760631721799686
0.004671332913517796,0.03098085331050932,0.3491483742505638,0.29158830221873266,0.21593455399967038,0.10767658330699809,0.0,0.0,0.31305604482349453
0.0036302548737815804,0.022377803317446248,0.23276071106270532,0.22486589301698123,0.2564817811891847,0.2573892211078734,0.0024943354320298592,0.0,0.6601171203606468
0.0038571229226104847,0.025185333581102247,0.26947774655472906,0.2284867260741379,0.21903540709956365,0.2455471852597929,0.008410478508064544,0.0,0.6553076935082212
0.004702611001147368,0.031189203087166696,0.3494655023504664,0.2891446862723345,0.21352772772860573,0.11197026956026944,0.0,0.0,0.30234650918207545
0.0036185498938129082,0.022306065699095573,0.23033925776199904,0.2211501202328996,0.2552574495333916,0.26486448436170845,0.0024640725170918766,0.0,0.6664481796436198
0.003802511317147492,0.024829154851031036,0.2637724963638865,0.22111127946588088,0.21389067844818352,0.26026056543172393,0.012333314122145621,0.0,0.6833482227809344
0.003355767820255271,0.023201622005402264,0.3054074068845624,0.30288358589779263,0.2521700084840192,0.11298160890796304,0.0,0.0,0.9442894013266041
0.004052713312904845,0.027554392136734305,0.33413302750346746,0.29728328807911386,0.2282861966641454,0.10869038230363068,0.0,0.0,0.558836473402609
0.004387322262010928,0.03144063748647053,0.3963363546572375,0.3306427628080341,0.19791882703258956,0.039274095753657215,0.0,0.0,0.5142684939725278
0.0035399129898100483,0.02427465132246688,0.307735817934574,0.29386523366685896,0.24200461722679933,0.1285797668594903,0.0,0.0,0.8276927273413528
0.004192013092443701,0.02826448051820731,0.33143606590753033,0.28721686615098385,0.22282083848519668,0.1260697358456335,0.0,0.0,0.49716387606892964
0.004650037909703416,0.03307449196969896,0.4051604902058852,0.3278973325413354,0.19017431693441034,0.03904333043896337,0.0,0.0,0.41193032951241615
0.003486067967391728,0.023906088010254924,0.30352015173842606,0.29145379901124496,0.24450078560831487,0.13313310766436234,0.0,0.0,0.8605118863413579
0.004123476296185464,0.027803171545930656,0.32657654996259994,0.2847021296485258,0.2253461733885228,0.1314484991582273,0.0,0.0,0.5269866468267272
0.004635766136562485,0.03297382933476988,0.40423702222860103,0.3278196970200286,0.19112497905650136,0.03920870622352895,0.0,0.0,0.4171918059915241
0.004204379664835824,0.028347271896057784,0.33778180919727135,0.3017236978613173,0.23257033846332617,0.0953725029171874,0.0,0.0,0.49188629260566424
0.004916558351756543,0.0325838267857106,0.35976595438749387,0.2931879290550748,0.2154371132749324,0.09410861814502558,0.0,0.0,0.23274526825147557
0.005303037082862094,0.037141427611889495,0.4295798268063471,0.32421595975520806,0.17496891605956735,0.02879083268411461,0.0,0.0,0.20148505142921297
0.0044178527982657026,0.029536796722639917,0.3396806842082567,0.29320839470820775,0.22458106321600557,0.1085752083466193,0.0,0.0,0.4054411927819897
0.005069851061862745,0.03331311115925272,0.35667195725005646,0.28478091366426056,0.21197553116348045,0.10818863570108077,0.0,0.0,0.18648848516578412
0.005581020434413258,0.0387897190377199,0.43716452878153933,0.32143919479270555,0.16830451278129302,0.028721024172322245,0.0,0.0,0.12684219994105134
0.004346961700868342,0.029063675227957074,0.3350793020679044,0.29221191024073956,0.2284221820299341,0.11087596873259006,0.0,0.0,0.43320665883441356
0.0049937891556577334,0.032814287563214736,0.3523068433584986,0.28412124456208077,0.21525936693644032,0.11050446842409956,0.0,0.0,0.20908555488043026
0.005542800916039544,0.03852509702304203,0.4348782598979399,0.32171186789985873,0.17007537078402918,0.029266603479079088,0.0,0.0,0.13666081037201327
0.004221617128922454,0.028463107422024726,0.33884872259138027,0.3008726238652587,0.23009058861440174,0.09750334037800479,0.0,0.0,0.48458158347010893
0.0049247856413704725,0.03263790294735018,0.3600129713972467,0.2916414447286382,0.21367136249816335,0.0971115327872218,0.0,0.0,0.2301895170185904
0.005335023652748555,0.037364994797181306,0.43179046254936776,0.32401180627593695,0.17336020722788528,0.02813750549687003,0.0,0.0,0.19250012823236604
0.004420178484506074,0.029551942677042253,0.3398213880765116,0.29328421613871875,0.22461419909092262,0.10830807553229087,0.0,0.0,0.40454539414084023
0.005071827311249724,0.033325634252529567,0.3567823464525985,0.28485797171985233,0.21205363563311072,0.10790858463064773,0.0,0.0,0.1859103992182016
0.00558271140093491,0.03880098991835899,0.43725122982546877,0.3214406314974569,0.16824423762511606,0.02868019973265695,0.0,0.0,0.12641089549900777
0.004365825942930521,0.0291894029516623,0.33621667488591855,0.29136831363611976,0.2259422118091674,0.11291757077419202,0.0,0.0,0.42573017406609903
0.005003398462463182,0.03287697425042911,0.3526360803364064,0.2826352475150908,0.21355200449830325,0.11329629493729372,0.0,0.0,0.20619283027017685
0.005576637336742823,0.03875979490054727,0.437149877362735,0.3214749711425224,0.16841617876117676,0.028622540496263872,0.0,0.0,0.127961387426676
0.0033904628717933514,0.023442181235893388,0.30671322326623446,0.30138796736171086,0.24963111303781646,0.11543505222654735,0.0,0.0,0.9213529110987388
0.004080505970244588,0.02774417188645402,0.33444720954705365,0.2953590296735495,0.22679512089737755,0.11157396202532072,0.0,0.0,0.5461955006362066
0.0044344381057903745,0.03177912214213553,0.3985629603332435,0.330119215067485,0.1960061247774048,0.039098139573938595,0.0,0.0,0.49502266812687445
0.0035872012635428207,0.02459964530520149,0.31118122289636335,0.2936632488442523,0.23930492357734218,0.12766375811329653,0.0,0.0,0.7996825761858714
0.004244037168288684,0.028616101041831366,0.33504151508608454,0.2879738383412965,0.22204588014492596,0.12207862821756887,0.0,0.0,0.47516943710338616
0.004698780456094855,0.03342207581259706,0.40858168428181985,0.3262103314416403,0.1853952136874488,0.041691914320394596,0.0,0.0,0.3942017361703527
0.003571194564573497,0.02449056832767146,0.3082764878477051,0.28952095822978763,0.23907525307526742,0.1350655379549882,0.0,0.0,0.809080736414385
0.004204105044005887,0.02834766552201133,0.3303779501764467,0.28334741245693457,0.22304732940130187,0.1306755373992927,0.0,0.0,0.4920031532598042
0.004738951058817177,0.033708673931843305,0.41018036542990083,0.32551751517790734,0.18417144084633344,0.04168305355518933,0.0,0.0,0.3798650531743291
0.0042596551686313955,0.02872081041811285,0.33988243891029324,0.2998368626651186,0.2291072807240229,0.09819295211381904,0.0,0.0,0.4686714008565591
0.004958151850938376,0.03286047543068594,0.3603918587228699,0.29081469025261064,0.21350753935651362,0.09746728438637282,0.0,0.0,0.21991148322990364
0.005372791412691807,0.03763099198871866,0.43275479862798727,0.32349727248056387,0.1723217835502195,0.02842236193980856,0.0,0.0,0.18202902094831686
0.0044923463899753085,0.030035744591667655,0.3448627660478755,0.2948540336735577,0.22297681898089794,0.10277829031602213,0.0,0.0,0.37720899027106203
0.0051467567578267065,0.03381947626601798,0.36145245996517994,0.2856649169014076,0.2108664555239078,0.10304993458565274,0.0,0.0,0.1643197974584697
0.005651960858934087,0.039283847389745226,0.4420708053576895,0.32159041371872293,0.16473587049572871,0.0266671021791723,0.0,0.0,0.1089695587506037
0.004480668434927534,0.02995853272895927,0.3423420819776927,0.2917149254756338,0.2231847454111032,0.10831904597167852,0.0,0.0,0.3815727525003754
0.005113066935839589,0.033599088602383954,0.35756537441051084,0.28246291245393423,0.21221686838253026,0.10904268921479104,0.0,0.0,0.17394907973555032
0.005691524402637567,0.039559875062786166,0.4432245157027787,0.32106461006857934,0.16363502355181012,0.02682445121139686,0.0,0.0,0.09919549542778851
0.0042608940426774565,0.028728775001619078,0.3399425029056334,0.29983329670333375,0.22906248749750216,0.09817204384922867,0.0,0.0,0.4681579932481168
0.004958632928481731,0.032863211627354005,0.3603968867722232,0.2907966524503045,0.21350521653874466,0.09747939968287922,0.0,0.0,0.21976430498343277
0.005374706147543841,0.037643938900456676,0.4328625301066084,0.3235024240147603,0.172245129469546,0.02837127136107472,0.0,0.0,0.18150208036373386
0.004419239572649437,0.029546550778708623,0.33949417344378424,0.29140721399385433,0.2225812334344594,0.11255158877653632,0.0,0.0,0.4049069270156815
0.005070858000308463,0.033320281091077826,0.35675560268337003,0.2848537817306926,0.21206086827985368,0.10793860821468491,0.0,0.0,0.1861938825518088
0.005581787591123619,0.038795627664935856,0.4368731619703519,0.319209873060303,0.16581524723856364,0.03372430247471346,0.0,0.0,0.12664649360717037
0.004408163093098409,0.02947334735483841,0.33704052067686385,0.28832982335839896,0.22278877148359807,0.117959374033194,0.0,0.0,0.4091836081753194
0.005038556819490153,0.03310900675819792,0.3529780957178976,0.28170706475648993,0.21338025602299143,0.11378701992492178,0.0,0.0,0.19570301973363566
0.005620474116741864,0.03906554329343629,0.4379787110068553,0.3186652240807793,0.16473451330773742,0.033935534194437275,0.0,0.0,0.11684660403673461
0.0033878051426994207,0.023423995112419646,0.3062654136529404,0.30025150673308904,0.24842143301730946,0.1182498463415382,0.0,0.0,0.9230932892325691
0.004070679193611642,0.0276775857634449,0.33339460469187715,0.29384435025995637,0.22589849543309776,0.11511428465801136,0.0,0.0,0.5506453008527326
0.004447144420430772,0.031870416987174306,0.39944694135030356,0.32995996410011585,0.1953865547912074,0.038888978350765685,0.0,0.0,0.48990222571320535
0.003587007281580409,0.024598516037015326,0.31117228353298265,0.2936572364156927,0.23930503167562875,0.1276799250570992,0.0,0.0,0.7997959685133674
0.004243679503892135,0.028613927212065692,0.33502488699731336,0.2879674322433037,0.2220504544521872,0.12209961959123124,0.0,0.0,0.47531880741199023
0.00469871058036642,0.03342182797199929,0.40858496918566434,0.3262134230891064,0.18539292737140534,0.04168814180145311,0.0,0.0,0.3942268880363863
0.0035682112479622392,0.024470309246015422,0.3077995438801324,0.28833122703461345,0.23781129385706282,0.138019414734208,0.0,0.0,0.8108416806362533
0.004193646169189825,0.02827737783491429,0.32930000550390276,0.2818138482906032,0.22213345159156336,0.13428167060981921,0.0,0.0,0.4964651571495729
0.004753448586785065,0.03381204850704088,0.41115812913978755,0.3253321158104222,0.18347549424689685,0.04146876370905866,0.0,0.0,0.3747504653253821
0.004239835951758289,0.02858741651520738,0.3383085637303017,0.2992814825554017,0.23005396600470213,0.09952873524262539,0.0,0.0,0.47692556910551615
0.004936432529503063,0.03271680580418299,0.3588243382704105,0.2905243086439069,0.21422056532778383,0.09877754942420393,0.0,0.0,0.22658605714724184
0.005361460441004222,0.03755191427236929,0.43185066260673804,0.3234960639074905,0.17301755026746843,0.02872234850491915,0.0,0.0,0.1851550411473877
0.004492042168122686,0.0300339622659135,0.34484929028573313,0.2948464236140529,0.22297806009318152,0.10280022157298985,0.0,0.0,0.3773223825985632
0.005146230768592338,0.0338163083277772,0.3614295962420978,0.28565738431377624,0.21087314521775688,0.10307733512999218,0.0,0.0,0.16446916776706877
0.005651859758499604,0.03928344442039188,0.442074157572793,0.32159421515681513,0.16473348994041895,0.02666283315107324,0.0,0.0,0.10899471061663722
0.004458690148120262,0.029811831886976267,0.3406695208339537,0.29116740461136104,0.22421124772295553,0.10968130479662686,0.0,0.0,0.3898474868373694
0.005089930318170002,0.03344733799006627,0.35595723795684947,0.28219767554564446,0.2129586338887847,0.1103491843004757,0.0,0.0,0.18063585732613094
0.005678787000588729,0.039471642813325596,0.4422401353737166,0.3210674852370527,0.16439449937967157,0.027147450195633485,0.0,0.0,0.10232737019158053
0.004256788124783349,0.028701329656542818,0.33935140373526906,0.29840837702024775,0.22756359354858605,0.10171850791456508,0.0,0.0,0.4698606919894687
0.004944307424456498,0.03276854675653768,0.35905158143322613,0.2889722802549152,0.21245284302485526,0.10181044110599675,0.0,0.0,0.22415924354285618
0.005393412249133021,0.03777524070691723,0.43405257325380336,0.32328295122703893,0.17141256228423693,0.02808326027885958,0.0,0.0,0.17637378939398224
0.004419126600107188,0.029546043067026847,0.3394918614105122,0.2914047223503874,0.2225837889777885,0.11255445759416843,0.0,0.0,0.4049504380328378
0.00507066282771577,0.03331928274144652,0.3567514154672189,0.2848526852653251,0.21206465841601382,0.10794129528226758,0.0,0.0,0.18625097556606124
0.00558174866216349,0.0387956531024973,0.43687722891269476,0.31920928772492135,0.16581227300479362,0.033723808592920054,0.0,0.0,0.12665642332556126
0.004403747365606906,0.0294440701798982,0.3364294378828861,0.2868673002562375,0.22124562815240884,0.12160981616295266,0.0,0.0,0.41089453933850995
0.005023749161455762,0.03301198521554324,0.3516304981867202,0.27987969863301854,0.21231234062419016,0.1181417281790615,0.0,0.0,0.20010312019824167
0.005640923628916884,0.03920797836857599,0.4392402126580609,0.3184190092110553,0.1638376354653625,0.033654240668015464,0.0,0.0,0.11172073516486054
0.003387805142699423,0.02342399511241966,0.30626541365294063,0.3002515067330891,0.2484214330173096,0.11824984634153826,0.0,0.0,0.9230932892325676
0.004070679193611641,0.027677585763444895,0.3333946046918772,0.29384435025995653,0.22589849543309776,0.11511428465801134,0.0,0.0,0.5506453008527329
0.004447144420430769,0.031870416987174285,0.39944694135030334,0.32995996410011563,0.19538655479120723,0.038888978350765664,0.0,0.0,0.4899022257132064
0.0035870072815804128,0.024598516037015353,0.3111722835329831,0.29365723641569325,0.23930503167562908,0.12767992505709932,0.0,0.0,0.7997959685133651
0.004243679503892136,0.028613927212065696,0.33502488699731353,0.28796743224330407,0.22205045445218732,0.12209961959123126,0.0,0.0,0.4753188074119899
0.004698710580366417,0.03342182797199927,0.4085849691856642,0.3262134230891062,0.18539292737140525,0.041688141801453096,0.0,0.0,0.3942268880363873
0.003568211247962241,0.024470309246015436,0.3077995438801323,0.28833122703461356,0.23781129385706293,0.13801941473420812,0.0,0.0,0.8108416806362523
0.004193646169189822,0.028277377834914273,0.32930000550390254,0.2818138482906032,0.2221334515915632,0.13428167060981913,0.0,0.0,0.4964651571495739
0.004753448586785061,0.03381204850704085,0.41115812913978705,0.32533211581042165,0.18347549424689674,0.04146876370905863,0.0,0.0,0.3747504653253835
0.00423983595175829,0.028587416515207388,0.3383085637303018,0.2992814825554019,0.23005396600470207,0.0995287352426254,0.0,0.0,0.4769255691055158
0.004936432529503057,0.03271680580418295,0.3588243382704102,0.29052430864390677,0.21422056532778355,0.09877754942420383,0.0,0.0,0.22658605714724356
0.005361460441004219,0.03755191427236927,0.4318506626067379,0.3234960639074904,0.17301755026746832,0.028722348504919133,0.0,0.0,0.18515504114738854
0.004492042168122684,0.030033962265913487,0.3448492902857332,0.29484642361405305,0.22297806009318136,0.10280022157298978,0.0,0.0,0.37732238259856393
0.005146230768592333,0.03381630832777717,0.3614295962420973,0.2856573843137762,0.21087314521775657,0.10307733512999208,0.0,0.0,0.16446916776707013
0.005651859758499608,0.03928344442039191,0.44207415757279356,0.3215942151568154,0.16473348994041911,0.026662833151073262,0.0,0.0,0.10899471061663603
0.004458690148120266,0.02981183188697629,0.34066952083395396,0.2911674046113615,0.22421124772295567,0.10968130479662694,0.0,0.0,0.38984748683736803
0.005089930318170002,0.03344733799006627,0.3559572379568495,0.28219767554564457,0.21295863388878467,0.1103491843004757,0.0,0.0,0.18063585732613094
0.005678787000588725,0.03947164281332557,0.4422401353737165,0.3210674852370526,0.16439449937967143,0.027147450195633464,0.0,0.0,0.10232737019158156
0.004256788124783352,0.02870132965654284,0.3393514037352693,0.2984083770202481,0.2275635935485861,0.10171850791456516,0.0,0.0,0.46986069198946734
0.0049443074244565,0.032768546756537696,0.3590515814332261,0.28897228025491567,0.2124528430248553,0.1018104411059968,0.0,0.0,0.22415924354285569
0.00539341224913302,0.037775240706917214,0.43405257325380353,0.32328295122703893,0.17141256228423687,0.028083260278859577,0.0,0.0,0.17637378939398257
0.004419126600107193,0.02954604306702688,0.33949186141051274,0.29140472235038806,0.22258378897778877,0.11255445759416857,0.0,0.0,0.40495043803283576
0.00507066282771577,0.03331928274144653,0.35675141546721867,0.2848526852653251,0.21206465841601382,0.10794129528226759,0.0,0.0,0.18625097556606107
0.005581748662163491,0.03879565310249731,0.43687722891269504,0.31920928772492146,0.16581227300479365,0.03372380859292006,0.0,0.0,0.1266564233255611
0.004403747365606908,0.02944407017989821,0.33642943788288615,0.2868673002562378,0.2212456281524089,0.1216098161629527,0.0,0.0,0.4108945393385092
0.005023749161455758,0.03301198521554321,0.35163049818671954,0.2798796986330186,0.21231234062419,0.11814172817906139,0.0,0.0,0.20010312019824303
0.005640923628916881,0.03920797836857597,0.4392402126580609,0.31841900921105515,0.16383763546536248,0.03365424066801545,0.0,0.0,0.11172073516486106
0.0034357754860189064,0.023563476290837482,0.3043243342210522,0.2989365660780263,0.2496740160327711,0.12006583189128908,0.0,0.0,0.8920948412426662
0.004167931809253762,0.028105678744188945,0.33347790643128644,0.2921564669599445,0.22470076960369587,0.11739124645162655,0.0,0.0,0.5075307236413946
0.004471877417197885,0.03181090393325134,0.3960236851455294,0.3296468422699977,0.19830474100846857,0.03974195022555337,0.0,0.0,0.480018667398868
0.0036225774131516094,0.024639798844132622,0.3076638335117109,0.2912820293439613,0.23985096388322397,0.13294079700381722,0.0,0.0,0.7792064655980045
0.00427705513103989,0.02859971293645,0.32985965391532474,0.2836144859747395,0.22147789759910533,0.1321711944433337,0.0,0.0,0.4614878471683657
0.004748307925461191,0.033523215487561424,0.40693492053091274,0.3281103567205528,0.188853284859928,0.03782991447557776,0.0,0.0,0.37656046721626746
0.003571817127210819,0.024295231931464517,0.3038251570251271,0.2895385185207131,0.24231364486844512,0.1364556305270327,0.0,0.0,0.8087136311188756
0.004210861632960148,0.028157906327850788,0.32532090780186795,0.2817242886990322,0.2240604040387127,0.13652563149956787,0.0,0.0,0.48913241701540516
0.004733823062786103,0.033421818536098324,0.40601493761175567,0.32834486594726714,0.1898247098066126,0.037659845035471165,0.0,0.0,0.3816816608607337
0.004289968071634703,0.02868545714081708,0.3363307387355022,0.29840953226369477,0.2311324984173837,0.10115180537096079,0.0,0.0,0.4561944245567483
0.00503457245764349,0.03308560822777633,0.35862027360005255,0.28909605190977494,0.21331605481601137,0.10084743898873487,0.0,0.0,0.19688442891063437
0.0037228409916441286,0.024511061028938522,0.2713574398900385,0.2406896534454628,0.23152238211893256,0.22162498143038586,0.006571641094591056,0.0,0.725730749715488
0.004504219110392819,0.029863413638133596,0.33923531079167085,0.2910241611472098,0.22334328814225937,0.11202960717032572,0.0,0.0,0.37279564586868175
0.005153936356150745,0.03357863335220025,0.35480454597691374,0.2821733362239155,0.21161521895762556,0.11267432913318745,0.0,0.0,0.1622839849608351
0.0037602385847129425,0.0245438472149847,0.2650141439642049,0.23119837886759287,0.2231080572497915,0.24078447756101554,0.011590856557692954,0.0,0.7056125543793019
0.0044360511308723614,0.029412311358041163,0.3349629836910906,0.2903977883575652,0.2269467209175755,0.1138441445448476,0.0,0.0,0.398456711831929
0.0035006898558377435,0.02157077728051444,0.22655203842541724,0.22378054405710768,0.2570113070759074,0.2604322364860941,0.007152406819118741,0.0,0.7325564452273855
0.003728044691618558,0.02433411430798284,0.26274040022778355,0.22906072354377713,0.22328284268927964,0.24540631533551283,0.011447559204040973,0.0,0.7229072229480407
0.004308395641680407,0.028808282722246597,0.33744791771467736,0.2978370387991023,0.22890187954826566,0.10269648557401917,0.0,0.0,0.4486953312684176
0.005040007564134395,0.033120866421504865,0.3586407702416299,0.28764902522313873,0.2120670699049409,0.10348226064464196,0.0,0.0,0.19527332112184195
0.0054173396732217416,0.03765600844550722,0.43102531520270543,0.3237459964144515,0.1739583448407876,0.02819699542331527,0.0,0.0,0.1698656930341163
0.004506715458892937,0.029879553707089022,0.3393814156734902,0.29109904118200564,0.22337373612822894,0.11175953785028431,0.0,0.0,0.3718706583126882
0.005156037422683659,0.0335918519240683,0.35491680662814284,0.2822481918745442,0.2116931592441831,0.11239395290636767,0.0,0.0,0.16168928896227802
0.003776252448548349,0.024648427253296395,0.26614507714440233,0.23223072895077865,0.22337516860910314,0.23850855714394517,0.011315788449921984,0.0,0.6971196747720659
0.0044561450341884905,0.0295451334365325,0.33615434970505903,0.289847192626686,0.22472761068634023,0.11526956851118342,0.0,0.0,0.3908109851128651
0.0035346774583031315,0.02178025812881931,0.2285192435323984,0.2247659996785659,0.25585055234911525,0.25868737697066546,0.006861891882124643,0.0,0.7130402797739518
0.0037356701622277117,0.02438394182758902,0.26304373148510635,0.2283457939623466,0.22129871176301572,0.24642577362574894,0.012766377173957328,0.0,0.7187838532450596
0.0034709185165780147,0.023805192069834287,0.30575653831416344,0.297704018802496,0.2471811363459612,0.12208219595096281,0.0,0.0,0.8699291980210959
0.0041904165879926986,0.028258140230375442,0.33350613377128385,0.29048718318107986,0.22364970979139556,0.11990841643787156,0.0,0.0,0.497847473821783
0.004521384779694717,0.03216393415556998,0.39860373003110716,0.32941154516562565,0.19605883278333178,0.03924057308466857,0.0,0.0,0.4605598634037303
0.0036701167205136064,0.024963883739466806,0.31102026675744593,0.29088136557064925,0.23745672586681052,0.13200764134511178,0.0,0.0,0.752311832621954
0.0043312371206090435,0.028962883550473276,0.3335199371768332,0.28434163759665926,0.22066794762907274,0.12817635692634666,0.0,0.0,0.43948856739506015
0.004795919893822114,0.03386026700262204,0.4101722724793945,0.32617004760298446,0.18448653490883735,0.04051495811233416,0.0,0.0,0.35994498106928385
0.0036579207066504862,0.024881634862564336,0.3086561798707402,0.28771842776837425,0.23723939896045346,0.13784643783121064,0.0,0.0,0.7591448742958413
0.0042877985536957245,0.02867324026696309,0.32889484235803007,0.28065454077965923,0.22220722754212124,0.13528235049952303,0.0,0.0,0.4570815502048107
0.004838833931085343,0.03416413560018404,0.41218676039816704,0.32611458400479526,0.18290095994819697,0.03979472611756139,0.0,0.0,0.34524913995363316
0.004345608058090302,0.02905837212918785,0.3385749078753573,0.29686696040987415,0.22775518299127567,0.10339896853620988,0.0,0.0,0.43374564550688294
0.005068108064682053,0.03330700893958492,0.35885205265953385,0.28705709090678383,0.2119591033740369,0.10375663605536987,0.0,0.0,0.18699871510711136
0.003721720399528712,0.024503870729587877,0.26965959898826214,0.23757494625748532,0.22822344623494834,0.2278672369615104,0.008449180428670777,0.0,0.7263398160428826
0.004578595343966325,0.030357452649132397,0.34428084867197317,0.2924678683181207,0.22186386808687472,0.10645136692992672,0.0,0.0,0.34566921010657115
0.005233479055931325,0.034097913935469876,0.3596397799130284,0.28303390092254893,0.2104796224138525,0.10751530375916056,0.0,0.0,0.140102985617518
0.0037391769437084073,0.02440656209333934,0.2632857139932823,0.22881507262121703,0.22075007666896,0.24476283088264122,0.013828089787928165,4.1247700892105965E-4,0.7168932542560978
0.004570205381675108,0.03030270874471414,0.34227167847663814,0.2900918772699944,0.22191832328674183,0.11084520684023094,0.0,0.0,0.3486850088268087
0.0034593509263165503,0.021316237247613997,0.2220535076475678,0.21719211856692186,0.25137719791767243,0.2732151155338882,0.010965068435475591,4.2140372454353643E-4,0.7568107235945449
0.003716234853760099,0.02425721516588794,0.2600590428915757,0.22433408446928962,0.21870045615958233,0.25330226577824627,0.015220754466213883,4.099462154382322E-4,0.7293266302299437
0.004346999514152759,0.029067280167340493,0.33864052403508205,0.2968620773016499,0.22770544576438814,0.10337767321738017,0.0,0.0,0.43319160735048584
0.005068685263061882,0.03331034000748675,0.35885877960161794,0.2870358840719772,0.21195463524031732,0.10377167581552778,0.0,0.0,0.1868297121765833
0.0037355030218318465,0.02459466943475453,0.2706611516737517,0.23850398112080776,0.228431784165419,0.2258702303714629,0.008202680211964691,0.0,0.718874051693791
0.004505695135752704,0.02987369165400905,0.33904436061976484,0.2891837709186535,0.22162615172443767,0.11576632994737374,0.0,0.0,0.37224860114873737
0.0035380661366334588,0.0218009222290038,0.2287443949578394,0.22485540644192137,0.2544509247508035,0.2592683573903905,0.00734192809340458,0.0,0.711115008211358
0.0037729101895261413,0.024626801818924172,0.26565020661750893,0.23056989981117515,0.22205904269349105,0.24171803380573875,0.011603105063632194,0.0,0.6988862733427591
0.004497805782834882,0.029822253653688964,0.3370897365515188,0.2868556299554407,0.22168401581399935,0.12005055824250861,0.0,0.0,0.3751767234055682
0.0035277208943013207,0.02173758112816883,0.22668236365384567,0.22250648847245036,0.2551673314217482,0.2632245905827968,0.007153923846682289,0.0,0.7170042297501741
0.00374775845427015,0.024463035020810132,0.26225266756509075,0.22593245730721478,0.2199489312227065,0.25061552673872634,0.01303962369117324,0.0,0.7122816568171133
0.0034692107401043284,0.023793673720476412,0.30539288816840304,0.296863650962254,0.2462550164399532,0.12422555996880522,0.0,0.0,0.8709959568582559
0.004179017848609953,0.02818150680858006,0.33234423645779226,0.2891472168926492,0.22326468933082574,0.12288333266154014,0.0,0.0,0.5027434097004201
0.004534871021610515,0.03226011220126897,0.39952848624257986,0.32954914295486204,0.19542620320469226,0.03870118437498254,0.0,0.0,0.45533274605680724
0.003669910555285202,0.024962687048268272,0.3110098986418962,0.29087410498478605,0.23745654220842322,0.1320268565613372,0.0,0.0,0.7524269631209568
0.004330857601941834,0.02896058838231884,0.33350150122529276,0.28433402583268697,0.220672382854746,0.12820064410300586,0.0,0.0,0.439640747402367
0.0047958611947806476,0.03386010690657702,0.4101756103420471,0.326172894935693,0.18448430758896162,0.04051121903193349,0.0,0.0,0.3599652625750732
0.0036559834458895356,0.024868662222467672,0.3082672261342227,0.2868358709264705,0.236270837038862,0.14010142023208136,0.0,0.0,0.7602344562399332
0.004275837465304901,0.028593494010408938,0.3277156062967726,0.2793087304739759,0.22181831717694206,0.13828801457658751,0.0,0.0,0.4619886564532019
0.004854250165630197,0.03427323791492661,0.4132161675519801,0.3262501403833234,0.18218507075984963,0.03922113322427994,0.0,0.0,0.3400333132984395
0.004326310693219661,0.02892957620824838,0.3370780327371572,0.29640422600041766,0.22879676323776565,0.10446509112318605,0.0,0.0,0.44146605032807307
0.005047215032711226,0.033169985198735076,0.3573830075266833,0.28687832458236723,0.21277050598860753,0.10475096167088697,0.0,0.0,0.19314219042435288
0.003713555386218555,0.024450228561963102,0.2690661951783022,0.2370178277731406,0.22759394632893454,0.22973713951549576,0.008421107255941165,0.0,0.7307887760947265
0.004578274485020234,0.030355581786260452,0.34426558343921176,0.29245869943745156,0.22186473168674997,0.10647712916529768,0.0,0.0,0.34578434060557434
0.003471155432441696,0.021388693062201078,0.22417936324523557,0.21955487690277486,0.25065451048929316,0.2691736611967302,0.011154897971002433,4.2284170032381665E-4,0.7498258825339156
0.00374154830675083,0.02442215788221068,0.26345087196655603,0.2289189624437143,0.22071795537020197,0.2445150254226423,0.013820740008618184,4.1273859930566293E-4,0.715616798015543
0.004548803860254177,0.030161061011410507,0.3406748445772109,0.2896343035353558,0.22304374918620734,0.11193723782955504,0.0,0.0,0.35642823675493013
0.0034545961594048586,0.021287053549723742,0.2217463670682466,0.2170861571730321,0.25184912675507554,0.27322728717935946,0.010928587596520942,4.2082451863797744E-4,0.7596376513729097
0.0037079412080537814,0.024203195770486137,0.2594759377862671,0.22379913717164146,0.21810218425790515,0.25512223910848125,0.015180333372413111,4.0903132474825045E-4,0.7338592025778724
0.004344413913397086,0.02905023433676242,0.3381694385810951,0.29581244551345015,0.22655909501324323,0.10606437264204467,0.0,0.0,0.4342214028792512
0.005052206515340949,0.033202328204889074,0.3573806083459301,0.28543025363329866,0.21152575465346576,0.10740884864706401,0.0,0.0,0.19166985424173616
0.0037198594783902305,0.024491788469719614,0.2692909115925904,0.23624396564502897,0.2255673289678125,0.23092180533520237,0.009764340511250698,0.0,0.7273520780795502
0.004505575589899113,0.02987315149445238,0.33904102382268286,0.28918094199797223,0.221628859208058,0.11577044788692574,0.0,0.0,0.3722928939101813
0.003540535416048658,0.02181625512332943,0.2289020513783141,0.22497033743847275,0.2544556711120898,0.258997677665895,0.0073174718658475316,0.0,0.709714412688069
0.0037741679375248903,0.024635129798925296,0.2657359838805269,0.23060895871877626,0.22200644471280442,0.2416323418439279,0.011606973107513432,0.0,0.6982211055626213
0.004495013185530132,0.029803989477536236,0.33660083717839595,0.2857762618418661,0.22050324511320676,0.12282065320345521,0.0,0.0,0.3762156550378332
0.0035181223386552794,0.021678552365172417,0.225828217104836,0.2208695770310167,0.25377891377721523,0.26719945939401996,0.007127157989079088,0.0,0.7224993616325954
0.0037318290865367802,0.024359175013291857,0.2608998647952394,0.2237091586907006,0.21711640602678825,0.2555982188771699,0.014585347510266062,0.0,0.7208587565098116
0.0034692107401043345,0.023793673720476454,0.30539288816840354,0.2968636509622544,0.2462550164399536,0.12422555996880542,0.0,0.0,0.8709959568582523
0.0041790178486099516,0.02818150680858005,0.33234423645779226,0.2891472168926493,0.22326468933082574,0.1228833326615401,0.0,0.0,0.5027434097004208
0.004534871021610514,0.03226011220126896,0.3995284862425798,0.329549142954862,0.19542620320469226,0.03870118437498253,0.0,0.0,0.45533274605680757
0.003669910555285208,0.024962687048268314,0.3110098986418968,0.2908741049847868,0.23745654220842366,0.13202685656133742,0.0,0.0,0.7524269631209535
0.004330857601941832,0.02896058838231883,0.33350150122529293,0.284334025832687,0.22067238285474594,0.1282006441030058,0.0,0.0,0.4396407474023677
0.004795861194780648,0.03386010690657703,0.41017561034204736,0.3261728949356932,0.1844843075889617,0.0405112190319335,0.0,0.0,0.3599652625750729
0.0036559834458895365,0.02486866222246768,0.3082672261342226,0.2868358709264706,0.23627083703886212,0.14010142023208141,0.0,0.0,0.7602344562399326
0.0042758374653049025,0.02859349401040895,0.3277156062967728,0.2793087304739761,0.22181831717694223,0.13828801457658757,0.0,0.0,0.46198865645320125
0.0048542501656301945,0.03427323791492659,0.41321616755197976,0.3262501403833232,0.18218507075984955,0.03922113322427992,0.0,0.0,0.3400333132984405
0.004326310693219661,0.02892957620824838,0.33707803273715725,0.2964042260004179,0.22879676323776565,0.10446509112318605,0.0,0.0,0.44146605032807307
0.005047215032711225,0.03316998519873507,0.3573830075266831,0.28687832458236734,0.21277050598860747,0.10475096167088695,0.0,0.0,0.19314219042435324
0.0037135553862185544,0.0244502285619631,0.2690661951783023,0.2370178277731406,0.22759394632893448,0.2297371395154957,0.008421107255941165,0.0,0.7307887760947268
0.004578274485020235,0.03035558178626046,0.3442655834392119,0.29245869943745195,0.2218647316867501,0.1064771291652977,0.0,0.0,0.345784340605574
0.003471155432441695,0.021388693062201074,0.2241793632452357,0.21955487690277484,0.25065451048929316,0.2691736611967302,0.011154897971002432,4.228417003238166E-4,0.7498258825339159
0.0037415483067508274,0.024422157882210662,0.2634508719665557,0.22891896244371412,0.22071795537020178,0.24451502542264222,0.013820740008618175,4.1273859930566266E-4,0.7156167980155445
0.004548803860254177,0.030161061011410507,0.340674844577211,0.2896343035353562,0.22304374918620737,0.11193723782955504,0.0,0.0,0.35642823675493013
0.0034545961594048603,0.021287053549723753,0.22174636706824677,0.2170861571730322,0.25184912675507554,0.27322728717935957,0.010928587596520947,4.2082451863797765E-4,0.7596376513729087
0.00370794120805378,0.024203195770486127,0.25947593778626704,0.22379913717164124,0.2181021842579051,0.2551222391084812,0.015180333372413106,4.0903132474825034E-4,0.7338592025778731
0.004344413913397088,0.02905023433676243,0.3381694385810953,0.2958124455134503,0.22655909501324334,0.10606437264204471,0.0,0.0,0.4342214028792505
0.005052206515340946,0.03320232820488906,0.35738060834592966,0.28543025363329877,0.21152575465346568,0.10740884864706396,0.0,0.0,0.19166985424173685
0.0037198594783902344,0.02449178846971964,0.2692909115925907,0.23624396564502925,0.2255673289678127,0.2309218053352026,0.009764340511250707,0.0,0.727352078079548
0.0045055755898991134,0.029873151494452386,0.33904102382268303,0.28918094199797234,0.2216288592080581,0.11577044788692577,0.0,0.0,0.37229289391018094
0.003540535416048658,0.02181625512332943,0.2289020513783141,0.224970337438473,0.2544556711120898,0.258997677665895,0.0073174718658475316,0.0,0.709714412688069
0.003774167937524889,0.024635129798925286,0.2657359838805268,0.2306089587187761,0.2220064447128044,0.24163234184392787,0.011606973107513428,0.0,0.698221105562622
0.004495013185530132,0.029803989477536236,0.33660083717839595,0.2857762618418661,0.22050324511320682,0.12282065320345521,0.0,0.0,0.3762156550378332
0.003518122338655281,0.021678552365172427,0.225828217104836,0.22086957703101698,0.2537789137772155,0.2671994593940201,0.0071271579890790915,0.0,0.7224993616325944
0.0037318290865367824,0.024359175013291868,0.2608998647952395,0.2237091586907008,0.21711640602678836,0.25559821887717005,0.01458534751026607,0.0,0.7208587565098105
0.003658198924066145,0.024884941778074335,0.3110170819893165,0.2953339254270537,0.24337201445687204,0.12173383742461316,0.0,0.0,0.7589884900389011
0.004382369546393881,0.029307347072415925,0.3377750936190028,0.2880940464180427,0.2204173192846359,0.12002382405950399,0.0,0.0,0.41922640636314024
0.004752514245893438,0.03355642269685045,0.40542446198004356,0.32611957646755224,0.191920260257965,0.038226764351691096,0.0,0.0,0.37507915104803946
0.0038607378513427436,0.02604443446432031,0.31463850646889807,0.2887275149148611,0.23485683869517013,0.1318719676054064,0.0,0.0,0.6511233286410831
0.004510157139105,0.029906935860856326,0.3348747655248377,0.28057093876094713,0.21816150637302642,0.13197569634121886,0.0,0.0,0.37059707011463255
0.00503573958887087,0.035286742062555644,0.41578341289112913,0.32511546073995734,0.18294901933697894,0.03582962538049894,0.0,0.0,0.28103037840018585
0.0038220567333315343,0.02578423200299631,0.31174890114915327,0.2870705184857393,0.23662678846588542,0.13494750316288878,0.0,0.0,0.6708403768675215
0.004458193370722515,0.029563225526887917,0.3313325267880061,0.2788064874657512,0.2201906683405031,0.13564889850812023,0.0,0.0,0.39003546437538733
0.005030838346550591,0.035253318827531785,0.4154179599417929,0.3248350662846475,0.1837276973753994,0.03573511922406628,0.0,0.0,0.2825678611808742
0.004520334430449048,0.029973787608933964,0.3411161546939996,0.2946771786435647,0.22673476461358147,0.10297778000946466,0.0,0.0,0.36684232647368853
0.005242573260337735,0.03416020695563362,0.36096880544841004,0.2857457395722838,0.21071637248599331,0.10316630227733359,0.0,0.0,0.13760988367987662
0.0037744114366518497,0.02464009303862718,0.26612164104722025,0.23271757280038208,0.22693295761170576,0.23683277978177478,0.008980544283634255,0.0,0.6980923807685465
0.004746360758322509,0.031204188012868297,0.34411974626736064,0.2883976411315059,0.22000789699510503,0.1115241668348299,0.0,0.0,0.28760349884446124
0.005377437029800844,0.03473493612211608,0.3577280875375621,0.2797436570787967,0.20982991930420153,0.11258596292751569,0.0,0.0,0.10162784418222555
0.003803485491001721,0.02461400103102858,0.2594695632989206,0.22470964942915056,0.2204915743190136,0.2528112799870635,0.014100446443818153,0.0,0.6828409758268509
0.004689957655406879,0.03083428206592365,0.34064371688519396,0.28772684918495706,0.22284682519831572,0.11325836901019347,0.0,0.0,0.3066617766693136
0.0035424312887142365,0.02161858328975933,0.2219402504191355,0.21751931089114762,0.25268349415689473,0.2730173897976722,0.00967854015667599,0.0,0.7086403832758933
0.0037751018403012868,0.024430726456058868,0.25752938382988827,0.2228772178712976,0.22035677738607745,0.25708018777819963,0.013950604838173019,0.0,0.6977274920598521
0.004542289573388516,0.03011895528046297,0.3424286112162559,0.29415989651666286,0.22476165469115378,0.10398859272206602,0.0,0.0,0.3587996387156136
0.005252459123649878,0.03422414351581882,0.36126813168831945,0.28445526729770076,0.2095654067585174,0.10523459161598127,0.0,0.0,0.13490954812097739
0.005686251067225106,0.03922513538964528,0.4372666275921064,0.32040927475452097,0.170216702242842,0.027196008953648553,0.0,0.0,0.10049040211561588
0.00474906778665452,0.031221551870717124,0.34427270986852443,0.288475907535635,0.22004126421793935,0.11123949872051966,0.0,0.0,0.28670019468255487
0.00537971712531676,0.034749173562176446,0.35784658196751984,0.2798225824893885,0.20990918614393805,0.11229275871164905,0.0,0.0,0.10103501634281901
0.0038133128038940725,0.024677652629270616,0.2601433584397596,0.22534144185524832,0.2207133416517816,0.2514454272171784,0.013865465402866164,0.0,0.6777384425479392
0.004714080543311535,0.03099244891653123,0.3420519190785819,0.2872376512940014,0.22088884196000177,0.11411505820756039,0.0,0.0,0.29845497946084515
0.0035711312361012618,0.021793786376095605,0.22350432840177584,0.21808298989206062,0.2519790158615699,0.2716543337237753,0.009414414508619011,0.0,0.6925208952956542
0.0037761701054122715,0.024437694046321342,0.2573666125853764,0.22174633624350734,0.21881132504759535,0.2585275090909247,0.015334352880858782,0.0,0.6971631608351263
0.0036954834764561474,0.025139310763893433,0.3123965230308875,0.2942556513305565,0.24124203474518457,0.12327099665301802,0.0,0.0,0.7382440997574985
0.004407520340077333,0.029476427471432486,0.3378497295893075,0.2866155896157124,0.2195956948080852,0.12205503817538209,0.0,0.0,0.40943243802123397
0.0048026755527325335,0.03391151096093831,0.4077856845243431,0.32602512518799015,0.18985326358735374,0.037621740186637304,0.0,0.0,0.35761409923692733
0.003908263501200283,0.02636582423271812,0.317785563292344,0.2880402172988006,0.23239315885279935,0.1315069728221369,0.0,0.0,0.6274322825827178
0.004563142015388162,0.03025919376621317,0.33826164729865926,0.2811469398404144,0.217554021601784,0.12821505547753262,0.0,0.0,0.35123255667051023
0.005082441020054921,0.03561495491260225,0.4187448829225197,0.3229026170641585,0.17868483499019364,0.038970269090462785,0.0,0.0,0.2665292335502869
0.003911368450847658,0.02638752736641298,0.3163665967435168,0.28513441081182017,0.23183947138933372,0.13636062523806397,0.0,0.0,0.6259045324863748
0.004537584607986701,0.030090594739871586,0.33472334868545,0.277781217780321,0.21875675785134363,0.13411049633501698,0.0,0.0,0.36051662649572797
0.005135917163001022,0.03599062663569617,0.42108433589753036,0.3224730268401351,0.1770965648200109,0.038219528643612756,0.0,0.0,0.25024837026518526
0.004578162375600664,0.030358154891849457,0.34324734322904565,0.2933398553790052,0.2238668677286004,0.10460961639589397,0.0,0.0,0.34582457147413265
0.005279331758284241,0.03440078021164345,0.36125128899468034,0.2839584471075679,0.20965451123655846,0.10545564069125593,0.0,0.0,0.12762036375227878
0.0037739935502493676,0.024637555272099494,0.2644526681137949,0.23009897603906498,0.22442526093965257,0.2417126655647284,0.010898880520405779,0.0,0.6983133048736724
0.004819090121469538,0.031683301036596716,0.3488064021504598,0.28959525306117756,0.2186160202144832,0.10647993341580547,0.0,0.0,0.2636871810675941
0.005453624561563547,0.035228153332110775,0.3621276583272149,0.28042493617461706,0.20898052263608202,0.10778510496840264,0.0,0.0,0.08208743485369288
0.003788456551247188,0.024516933262783692,0.2581968547597467,0.22296933592177978,0.21876457784015635,0.25540331324783055,0.015942615263315377,4.179131531379312E-4,0.690695493594782
0.0048257465988739146,0.03172799779289571,0.34752601024570856,0.2874070451715106,0.21841754887817538,0.11009565131282745,0.0,0.0,0.26153427429411497
0.0035095015992855643,0.021417809065681553,0.2180269023520832,0.21197955971728916,0.2481577071283507,0.2833669843130075,0.013114022953614876,4.275128706890563E-4,0.7274603192973416
0.0037661545895996866,0.024373013838106743,0.25504455479918414,0.2190337893702304,0.21695704900585405,0.2630504793756171,0.01735950604775725,4.154529736460481E-4,0.7024666158118492
0.00457962002126978,0.03036740304083687,0.3433124708150047,0.2933333671054411,0.22381783021396484,0.1045893088034737,0.0,0.0,0.34530164376780476
0.005279931948902486,0.03440420965276837,0.3612574912316688,0.28393730107207027,0.2096492857439164,0.10547178035066045,0.0,0.0,0.12745840954060064
0.0037815509988844112,0.02468694649595666,0.26498632299496266,0.23061300093532067,0.22456968565449112,0.24064869088236895,0.010713802038011101,0.0,0.6943254499875579
0.004747966356834361,0.031215262031504095,0.34391757256587485,0.2864575993498634,0.2182000567738876,0.1154615429220256,0.0,0.0,0.28706760483453614
0.003569842951460438,0.021785705799893824,0.223429087362053,0.21811339047475908,0.25098530017020365,0.2722171853322366,0.009899487909393018,0.0,0.6932389115830369
0.003812872115418619,0.02467499297453553,0.2598509918735558,0.22384497423518626,0.21956370781997467,0.2541068483280082,0.01414561265331906,0.0,0.6779666933330959
0.004754700299486172,0.03126045372911101,0.34266435512242044,0.28430273577385223,0.21800706734317757,0.11901068773194194,0.0,0.0,0.2848239866236382
0.003567385423751042,0.02177111718245303,0.22186651427777207,0.21626066304773564,0.251479066717836,0.27536404659615543,0.009691206754295481,0.0,0.6946100353756774
0.003788478320670626,0.024517538350868485,0.25654474314260767,0.2197767572645277,0.21770250384495407,0.2620710825593349,0.01559889651703129,0.0,0.6906840712552008
0.003698325282020742,0.025158849972208193,0.3124093822986504,0.2934956776074071,0.24031822745013395,0.12491953738957653,0.0,0.0,0.7366801301379425
0.004401647695884349,0.02943739928180645,0.33713107991920643,0.2853605307898415,0.21924067299948782,0.12442866931376781,0.0,0.0,0.411709287958701
0.0048194308637976085,0.03403007516275104,0.4089274818528549,0.3259607055453132,0.18921288783560208,0.03704941873967561,0.0,0.0,0.3518612736999748
0.003908030946376481,0.026364474350370405,0.3177740534334776,0.2880326433133824,0.23239344846564708,0.1315273494907459,0.0,0.0,0.6275468058803508
0.004562734398269988,0.03025674642475712,0.33824246684745546,0.281139239642823,0.2175586077106922,0.12824020497599392,0.0,0.0,0.35137981286185294
0.005082366951946428,0.03561470541016425,0.4187474352690672,0.3229052599384102,0.17868329940157274,0.03896693302882909,0.0,0.0,0.2665520212558837
0.003914517464696469,0.02640899110611185,0.31637971564661793,0.28432053703942556,0.23085571699460802,0.1381205217485358,0.0,0.0,0.624357576595818
0.004531338161198859,0.030049425873038712,0.33398484966770503,0.27649898447770543,0.21839300867839845,0.13654239314194414,0.0,0.0,0.362801657822653
0.005155061677559482,0.036125057764041235,0.42235238710432227,0.322389807684159,0.17636654378175354,0.037611141988150756,0.0,0.0,0.2445019128295373
0.004562413853793815,0.03025398084369809,0.34207348182541303,0.29292924347479826,0.22463659555753282,0.1055442844447575,0.0,0.0,0.35149563158015573
0.005262247120170781,0.03428974944337998,0.3600927012283745,0.2837357453469349,0.21038546294554444,0.10623409391558682,0.0,0.0,0.13224594074228854
0.003766757284207716,0.024590433240516973,0.2639439953422597,0.22962244471650445,0.22386961271497477,0.24333844702468663,0.010868309676847395,0.0,0.7021466771055194
0.0048187365463048075,0.03168124644359935,0.34878993410923936,0.28958579998420486,0.2186173881415212,0.10650689477512143,0.0,0.0,0.2638017043652295
0.003513621223783786,0.021442664293677846,0.21966765098547525,0.2138623786173768,0.24764548631337419,0.2801096520944523,0.013330531765673635,4.280147061906427E-4,0.725086571179235
0.0037908480340592423,0.024532528546536668,0.25835822209281584,0.22306940968721678,0.21873454569225945,0.2551599217260833,0.015936347258049013,4.181769629795227E-4,0.6894414754058643
0.0048081996380481854,0.03161290061253948,0.346268487073452,0.28699327767023447,0.21925074346566817,0.11106639154004969,0.0,0.0,0.26722234812913354
0.0035064956243808076,0.021399580693684618,0.21783823839911717,0.2119939223401845,0.2485312075874222,0.2832320981182805,0.013071310541589916,4.271466953435276E-4,0.729195896721719
0.003758795144151307,0.024325504351716595,0.25454357175728537,0.2185718794751857,0.21642569622695615,0.2646408690045886,0.01731904290342863,4.146411366852503E-4,0.7063816318761462
0.004584092732419177,0.03039731838612511,0.34336314125569384,0.2923931614369639,0.22265710398430985,0.10660518220447877,0.0,0.0,0.3436991426703929
0.0052717084093012595,0.03435092018094645,0.3603695455072697,0.28244157947373805,0.2092378792778477,0.10832836715088533,0.0,0.0,0.1296806415861554
0.0037663036019252687,0.02458752560408164,0.2636783233109319,0.22840678532068492,0.22226186851123247,0.24499799035105593,0.012301203300086074,0.0,0.7023875035170613
0.0047478343739716915,0.031214660345252394,0.343913786823547,0.2864548881191325,0.2182029114751398,0.11546591886294591,0.0,0.0,0.2871116425391296
0.0035723310572526893,0.021801008679318085,0.22358285225141938,0.21822351650337776,0.2509880720421462,0.2719556777559716,0.009876541710514929,0.0,0.6918526492587805
0.0038140988393844995,0.02468305128741978,0.2599319454445624,0.2238796725670072,0.21951144971104303,0.2540296183973245,0.014150163753258584,0.0,0.6773314532042507
0.004759500761468741,0.03129228173155304,0.34271408363529177,0.28331764031933043,0.21679737591863435,0.1211191176337103,0.0,0.0,0.2832284425327668
0.0035615787804625567,0.021735798615137743,0.22126506922561703,0.21486468917539372,0.2503792353216772,0.2785255874995057,0.009668041382205339,0.0,0.6978572421665703
0.003773001241807358,0.024417495080416254,0.2552560231357758,0.21760243403849372,0.21542397120837545,0.26635840544795264,0.017168669847175473,0.0,0.6988381048925694
0.003698325282020747,0.025158849972208228,0.3124093822986508,0.2934956776074076,0.24031822745013437,0.1249195373895767,0.0,0.0,0.7366801301379398
0.004401647695884348,0.029437399281806442,0.3371310799192066,0.2853605307898417,0.2192406729994878,0.12442866931376778,0.0,0.0,0.4117092879587014
0.00481943086379761,0.03403007516275105,0.4089274818528551,0.32596070554531326,0.18921288783560214,0.03704941873967562,0.0,0.0,0.35186127369997444
0.003908030946376476,0.026364474350370367,0.31777405343347725,0.2880326433133824,0.2323934484656466,0.13152734949074568,0.0,0.0,0.6275468058803536
0.0045627343982699835,0.030256746424757095,0.33824246684745524,0.281139239642823,0.217558607710692,0.12824020497599384,0.0,0.0,0.3513798128618543
0.005082366951946429,0.03561470541016426,0.4187474352690671,0.32290525993841046,0.1786832994015728,0.0389669330288291,0.0,0.0,0.26655202125588334
0.003914517464696472,0.02640899110611187,0.31637971564661804,0.2843205370394257,0.2308557169946082,0.13812052174853592,0.0,0.0,0.6243575765958167
0.004531338161198854,0.030049425873038677,0.3339848496677047,0.2764989844777053,0.2183930086783982,0.13654239314194397,0.0,0.0,0.36280165782265505
0.005155061677559485,0.03612505776404125,0.4223523871043225,0.32238980768415904,0.17636654378175368,0.03761114198815077,0.0,0.0,0.2445019128295366
0.004562413853793818,0.030253980843698115,0.34207348182541336,0.2929292434747986,0.22463659555753296,0.10554428444475758,0.0,0.0,0.3514956315801544
0.005262247120170776,0.034289749443379945,0.36009270122837406,0.2837357453469347,0.21038546294554422,0.1062340939155867,0.0,0.0,0.1322459407422899
0.0037667572842077167,0.024590433240516976,0.2639439953422598,0.22962244471650445,0.22386961271497471,0.24333844702468668,0.010868309676847397,0.0,0.702146677105519
0.004818736546304809,0.031681246443599355,0.3487899341092394,0.2895857999842051,0.2186173881415212,0.10650689477512144,0.0,0.0,0.26380170436522915
0.003513621223783781,0.02144266429367782,0.21966765098547505,0.21386237861737653,0.24764548631337385,0.28010965209445193,0.013330531765673618,4.280147061906421E-4,0.7250865711792378
0.0037908480340592397,0.02453252854653665,0.25835822209281584,0.22306940968721659,0.21873454569225925,0.2551599217260831,0.015936347258049002,4.1817696297952243E-4,0.6894414754058656
0.004808199638048185,0.03161290061253947,0.34626848707345204,0.28699327767023464,0.21925074346566809,0.11106639154004964,0.0,0.0,0.26722234812913387
0.0035064956243808084,0.02139958069368462,0.2178382383991173,0.21199392234018477,0.2485312075874222,0.2832320981182805,0.013071310541589918,4.271466953435277E-4,0.7291958967217187
0.003758795144151306,0.02432550435171659,0.2545435717572854,0.2185718794751857,0.21642569622695607,0.26464086900458855,0.017319042903428627,4.1464113668525024E-4,0.7063816318761466
0.004584092732419179,0.03039731838612512,0.343363141255694,0.2923931614369641,0.22265710398431002,0.10660518220447882,0.0,0.0,0.34369914267039225
0.005271708409301257,0.03435092018094644,0.36036954550726946,0.2824415794737379,0.20923787927784757,0.10832836715088529,0.0,0.0,0.12968064158615608
0.00376630360192527,0.024587525604081648,0.26367832331093183,0.22840678532068506,0.22226186851123253,0.24499799035105602,0.012301203300086078,0.0,0.7023875035170606
0.004747834373971695,0.03121466034525242,0.34391378682354734,0.28645488811913294,0.21820291147514,0.11546591886294601,0.0,0.0,0.2871116425391282
0.0035723310572526867,0.02180100867931807,0.22358285225141927,0.2182235165033778,0.25098807204214596,0.2719556777559714,0.009876541710514922,0.0,0.691852649258782
0.003814098839384498,0.024683051287419766,0.25993194544456233,0.22387967256700708,0.2195114497110429,0.25402961839732435,0.014150163753258577,0.0,0.6773314532042517
0.004759500761468744,0.03129228173155305,0.3427140836352919,0.28331764031933065,0.2167973759186345,0.12111911763371037,0.0,0.0,0.28322844253276613
0.0035615787804625554,0.021735798615137737,0.221265069225617,0.21486468917539378,0.2503792353216771,0.27852558749950557,0.009668041382205336,0.0,0.697857242166571
0.0037730012418073573,0.02441749508041625,0.2552560231357757,0.21760243403849372,0.21542397120837542,0.2663584054479526,0.01716866984717547,0.0,0.6988381048925697
0.0036725280027933905,0.02519511961131704,0.3193569117941696,0.30176528097748523,0.24074932006926184,0.10926083954497084,0.0,0.0,0.7509662406552261
0.004401070596556658,0.029687310977451836,0.3477442712981554,0.29587433029978066,0.21811463476474535,0.10417838206330857,0.0,0.0,0.4119333597972569
0.00477729480448019,0.03399326841243867,0.41781184019805995,0.33369406029147997,0.18223400582085444,0.02748953047268483,0.0,0.0,0.36640527255757127
0.0038788201271476278,0.026391069068705492,0.32339582960860674,0.29463535054788287,0.2318483333392672,0.11985059730838979,0.0,0.0,0.6420410785093217
0.0045306785116968566,0.030305419609044135,0.34489959727826747,0.28710705305163337,0.21384214317101832,0.1193151083783349,0.0,0.0,0.3630433339995311
0.005078085341748652,0.035861833996487076,0.4299051755521734,0.333151118159958,0.17406924290040632,0.021934544049219438,0.0,0.0,0.26787042620396634
0.0038509481079861962,0.026202175807098625,0.32133742435509655,0.29352199918888966,0.23304114043651952,0.12204631210440531,0.0,0.0,0.6560760472045715
0.00448338332131398,0.029989932350120176,0.3416177229365661,0.28530393938919785,0.21560302430547815,0.12300199769731632,0.0,0.0,0.3805562386426757
0.005093520921134915,0.03597177378525826,0.4312524538911843,0.3338978026254583,0.17326004790965016,0.02052440086730296,0.0,0.0,0.263127869219534
0.00453807359059399,0.030354248271820268,0.350969616432652,0.3011084502098673,0.22327701660814936,0.08975259488691267,0.0,0.0,0.3603380157988115
0.005260872585088572,0.03458414121045431,0.37209188200796056,0.2931399771510363,0.2077103608858696,0.08721276615958318,0.0,0.0,0.1326193947543394
0.0038130086669495846,0.025113353766793634,0.27560259451223407,0.23752464139438667,0.2252560452176781,0.2280747081513491,0.004615648290605101,0.0,0.6778959620071237
0.004769133089101675,0.03163011791942211,0.35442664005430125,0.29438810557745465,0.21642431543263468,0.09836168792707992,0.0,0.0,0.28003660537129316
0.0054000561351738845,0.03519380006543736,0.36902583957132146,0.2860700648607689,0.20528449201164004,0.09902574735565305,0.0,0.0,0.09576899741979251
0.0038376458281495127,0.02505778768455984,0.26836643731041726,0.2286624666282806,0.21966332390857882,0.24501254048598187,0.009399798154029037,0.0,0.665216721536797
0.004722779395015538,0.03132360185302453,0.35160016623413193,0.2940059476459566,0.21886576580208306,0.09948173906978061,0.0,0.0,0.29551612829573043
0.0035775530748837934,0.022052981765281456,0.2295989838539987,0.2226020447856683,0.2564460088511014,0.260883952046711,0.004838475622355886,0.0,0.6889494426968351
0.00380978006131751,0.024876251102789345,0.26641383380479045,0.22684479516673992,0.21929690941451846,0.24942688574997593,0.009331544699865352,0.0,0.679569681062767
0.004561730768808225,0.030512070326936265,0.35245364396054535,0.3007200468802622,0.22103234200993144,0.09072016605351005,0.0,0.0,0.3517424972706776
0.005270738801381667,0.03464851951307407,0.3724072320488086,0.2918527862226746,0.206178211215458,0.08964251219859153,0.0,0.0,0.12994311396197156
0.005717689426193621,0.03975543000636169,0.4516400816840329,0.32808305162901574,0.1592203511584239,0.015583396095963273,0.0,0.0,0.09280580705488703
0.004770274253797327,0.03163725141752474,0.35446813473287364,0.29437187604869175,0.21638236192927754,0.0983701016178279,0.0,0.0,0.279659314879775
0.005400317123416972,0.03519500855156583,0.3690105215706772,0.2860439781660257,0.2052844888883982,0.09906568569990766,0.0,0.0,0.09570168212856409
0.0038476596741555333,0.025123228073141782,0.2690697555135525,0.2293099568604907,0.21956278463475568,0.24355203158291386,0.009534583660989157,0.0,0.6601096184667143
0.004747254222004184,0.03148549703759151,0.35307612400771593,0.29354624955666014,0.21654461655619428,0.10060025861982506,0.0,0.0,0.2873052464130184
0.0036058559406820334,0.022227503027419937,0.23117886066183177,0.22315271127305392,0.2551132818285838,0.25979886292648185,0.004922924341944431,0.0,0.6733606191078886
0.003810876311953372,0.024883463922934168,0.26625231819862055,0.22570434424567778,0.2171548179316692,0.25110084835917573,0.011093331029965632,0.0,0.6790010633840435
0.003710133647501341,0.025453853796229768,0.3208298975545669,0.3005123712357585,0.23857149155963497,0.11092225220630646,0.0,0.0,0.7302071324880626
0.0044263411018672155,0.029858659333163458,0.3478696513853732,0.2941437742367918,0.2169468076829917,0.10675476625981081,0.0,0.0,0.40217625350559955
0.0048297022257684456,0.03436709390987557,0.4204670987639763,0.33350462794549063,0.18041475792487374,0.02641671923001277,0.0,0.0,0.34835440394611855
0.003926866146715004,0.026718755675636596,0.3266725389810928,0.2940254509284171,0.2290427742617231,0.11961361400641674,0.0,0.0,0.6183152165775561
0.004584263235398217,0.030664762845331886,0.34842959649466443,0.28777186414388833,0.21317748744778886,0.11537202583292282,0.0,0.0,0.34363811604535405
0.00512382128379309,0.036185796354728676,0.43287593561238996,0.33088392487237783,0.1692604365553914,0.025670085321311882,0.0,0.0,0.2539012314557694
0.003941758218193557,0.026820845171931604,0.32622764076749167,0.29147891833883977,0.22782295058191143,0.12370788692162897,0.0,0.0,0.6110787034255651
0.004563707357273892,0.03052814456011483,0.3452147236077982,0.28409741501535957,0.21373460729377777,0.12186140216566713,0.0,0.0,0.35102836420484784
0.005201491997376113,0.036735280001293544,0.4373457634199129,0.33139569561571763,0.16627395097924091,0.023047817986446284,0.0,0.0,0.23074098913876057
0.004596409151277385,0.03074536380442892,0.3532402269319047,0.29955534614460727,0.22033608114677192,0.09152657282100793,0.0,0.0,0.33930248453339507
0.0052977590876903576,0.03482768860552882,0.37244514070197565,0.2910499278229945,0.20622858741875158,0.09015089636304979,0.0,0.0,0.12266470305890495
0.0038115845588649073,0.0251041664353384,0.2738440249788483,0.23457098060234263,0.22289394947117785,0.23358735615713236,0.0061879377962914895,0.0,0.6786338744919211
0.00484269420129789,0.03211896435793323,0.3593048696649458,0.29569317487577507,0.214966218245036,0.09307407865500654,0.0,0.0,0.25607962250456395
0.005477063943019671,0.035696780559877704,0.3736174826307594,0.28685431212311197,0.20436160912172488,0.09399275162149887,0.0,0.0,0.07618510573996615
0.003821342203980455,0.02495152634806579,0.2669768708925058,0.22683067181062902,0.21811448850292808,0.24869745614730476,0.010607644094584473,0.0,0.6735889021835357
0.004860700774389735,0.03223933243237731,0.3588667430597106,0.2935653694469152,0.21426555621190016,0.09620229807470088,0.0,0.0,0.25032581326656655
0.0035430560849122614,0.02184052254156533,0.2255172608353622,0.21666143582361502,0.2517434901736805,0.2730323369473118,0.007661897593552986,0.0,0.708286682262857
0.00379868487196618,0.024803995735161757,0.2637474451617432,0.2225942028847671,0.21624618389471598,0.2566960513308619,0.01211343612078001,0.0,0.6853431496099939
0.004597909326923269,0.030754979191854607,0.35331136233314336,0.29955261175082054,0.22028357852857902,0.09149955886867331,0.0,0.0,0.33876856802280825
0.005298392482267537,0.034831369409066566,0.37245484463611533,0.29103101618807004,0.20622143441771443,0.0901629428667541,0.0,0.0,0.12249497707567805
0.0038193044751684622,0.02515506686101252,0.2744024171453936,0.23509889934042388,0.22271680063522256,0.23246111361464805,0.006346397928127211,0.0,0.674640334766301
0.004769135276396595,0.03163065300541805,0.35410756280640526,0.29234401296727813,0.21418108261991933,0.1029675533245753,0.0,0.0,0.2800358820377851
0.0036017296971430778,0.022201847284866162,0.2309197881200462,0.2230065551193237,0.25416701385171103,0.2611695750801826,0.004933490846727529,0.0,0.6756180411239614
0.003847210024849009,0.02512048606441459,0.2687738507220194,0.2277997092577568,0.21810235940030212,0.24685966346058097,0.009496721070075084,0.0,0.6603383713823552
0.004786861681157739,0.03174914697557113,0.3536718000945898,0.29024100459191016,0.21348986381953566,0.10606132283722801,0.0,0.0,0.27419551064307934
0.0036020344564402338,0.022204138813966323,0.2295170527770532,0.22106111901309236,0.25457288801743094,0.26416860879053194,0.004874158131483777,0.0,0.6754511338087131
0.0038224065798369623,0.02495894457529687,0.2653824856525129,0.22342388976006503,0.216184649716008,0.2552136467986346,0.011013976917641572,0.0,0.6730401484833852
0.0037158559326968426,0.02549332048209807,0.32109656591654395,0.29998560936139157,0.23732114651564679,0.11238750179162081,0.0,0.0,0.7270851432578502
0.004421599142715834,0.029826919365863062,0.347227592828069,0.29295214875089015,0.21605102955610297,0.10952071035635473,0.0,0.0,0.4039986542583349
0.0048529770342429475,0.034532969665643266,0.4222109107043751,0.33390247057655686,0.179348994545001,0.02515167747417678,0.0,0.0,0.3404628008165712
0.00392662191418185,0.02671731390974522,0.3266599540575993,0.2940179593540397,0.22904340197574258,0.11963474878869076,0.0,0.0,0.6184343541244142
0.004583847495510159,0.030662238744341583,0.3484094141351046,0.28776430098964656,0.2131824235716166,0.11539777506377344,0.0,0.0,0.3437869261117257
0.005123733334751577,0.03618544695498179,0.43287759863760006,0.3308871374593479,0.1692594596382069,0.025666623975102654,0.0,0.0,0.2539278545378095
0.00394817605919788,0.026864735211611354,0.32651543706788627,0.2909020783311957,0.22647825058628987,0.1252913227438149,0.0,0.0,0.6079769106182586
0.004558639036683563,0.030494496318543472,0.34455228153726875,0.2828774768062957,0.21281488397377926,0.12470222232742063,0.0,0.0,0.35286076895141766
0.005228475612464785,0.03692612772299338,0.43930908482323405,0.3318125621172936,0.16505489039643603,0.021668859327566167,0.0,0.0,0.22285593238303908
0.004583393349398181,0.030658557968273555,0.35224721639817075,0.2993091251716086,0.2209544556295567,0.09224725148298804,0.0,0.0,0.3439495141658394
0.005282372247738946,0.03472683085895907,0.3713743099122331,0.2909042282885167,0.20669143319194716,0.09102082550059755,0.0,0.0,0.12680030330087305
0.0038042052097856383,0.02505568323116565,0.2733122180318175,0.2340810683540031,0.22232874062080354,0.23524212680074916,0.006175957751673711,0.0,0.6824663890907201
0.004842322769474644,0.03211677217474137,0.3592868470160831,0.2956838083287111,0.214968072007627,0.0931021777033556,0.0,0.0,0.25619876005142095
0.0035445316897634947,0.021849330078879167,0.22700806531767548,0.2186413898203255,0.2513148333895479,0.2698933428318831,0.007748506871928158,0.0,0.7074518281874582
0.003823777063944541,0.02496754468737038,0.26714533700542475,0.22693408671844997,0.2180767415650531,0.24843810994996957,0.01061440300978769,0.0,0.6723340263615707
0.004846084443134682,0.03214265893994669,0.3577941601900125,0.2933200708045895,0.21493948216970982,0.09695754345260091,0.0,0.0,0.2549930393219106
0.0035409037679253754,0.021827372630736468,0.2253783753780693,0.21672776186907652,0.25217625641762226,0.27270999678138136,0.00763933315519145,0.0,0.7095056479198448
0.003791198463253327,0.024755231131533075,0.2632250220460554,0.22212126342248212,0.2157047267845394,0.2583129950655162,0.012089563086618516,0.0,0.6892578542812714
0.004606812742339137,0.030814791419400796,0.3537098424720502,0.29890013984354247,0.2186992692970025,0.09326914422565825,0.0,0.0,0.3356069747514889
0.005291803464389428,0.034788350040052506,0.37166553751647846,0.2896116763217517,0.20516098203669805,0.09348165062061975,0.0,0.0,0.12426257375573345
0.0038037536057364146,0.025052763491078683,0.2730431928941082,0.23285252627648884,0.22012399491177276,0.2371563976025676,0.00796737121824598,0.0,0.6827014155575799
0.0047689969755108155,0.03163000295735999,0.3541034617879875,0.29234164480196856,0.21418331925134854,0.10297257422581603,0.0,0.0,0.28008161913487106
0.003604261876717707,0.02221757595155873,0.231080205969262,0.2231211628096451,0.25416509908085094,0.26087473499708486,0.004936959314881487,0.0,0.6742321011084277
0.0038484595706106497,0.02512876566392042,0.2688584639408172,0.2278359717278273,0.21804212787176752,0.24678640568922938,0.009499805535827136,0.0,0.6597028142465572
0.004796487844112111,0.03181326183271682,0.3540848597753025,0.28954322944004807,0.2118274080362878,0.10793475307152309,0.0,0.0,0.27104203627035744
0.003597054261700439,0.022173558756752677,0.22895706382749484,0.21970112471435765,0.2532543307705159,0.26744944857836095,0.004867419090816372,0.0,0.6781821788384874
0.003806653105492881,0.024856199373876793,0.26404593824243117,0.2212151794276443,0.21362231595390507,0.25983706050931515,0.012616653387331825,0.0,0.6811934109961596
0.003715855932696847,0.025493320482098097,0.32109656591654423,0.2999856093613921,0.2373211465156471,0.11238750179162094,0.0,0.0,0.7270851432578479
0.004421599142715836,0.029826919365863073,0.34722759282806925,0.2929521487508905,0.21605102955610306,0.10952071035635477,0.0,0.0,0.40399865425833426
0.004852977034242948,0.03453296966564327,0.4222109107043752,0.333902470576557,0.17934899454500103,0.025151677474176782,0.0,0.0,0.3404628008165709
0.003926621914181847,0.026717313909745202,0.3266599540575991,0.2940179593540399,0.2290434019757424,0.11963474878869068,0.0,0.0,0.6184343541244155
0.004583847495510159,0.030662238744341583,0.3484094141351048,0.2877643009896467,0.21318242357161657,0.11539777506377344,0.0,0.0,0.3437869261117257
0.005123733334751576,0.036185446954981784,0.4328775986376004,0.3308871374593479,0.1692594596382069,0.025666623975102647,0.0,0.0,0.25392785453780986
0.0039481760591978865,0.0268647352116114,0.32651543706788666,0.29090207833119613,0.22647825058629023,0.1252913227438151,0.0,0.0,0.6079769106182555
0.004558639036683561,0.03049449631854346,0.3445522815372687,0.28287747680629566,0.21281488397377918,0.12470222232742058,0.0,0.0,0.3528607689514183
0.0052284756124647835,0.03692612772299336,0.4393090848232339,0.33181256211729343,0.165054890396436,0.021668859327566164,0.0,0.0,0.22285593238303944
0.004583393349398185,0.030658557968273572,0.35224721639817097,0.2993091251716089,0.22095445562955685,0.0922472514829881,0.0,0.0,0.3439495141658384
0.00528237224773894,0.03472683085895903,0.3713743099122323,0.29090422828851653,0.2066914331919469,0.09102082550059744,0.0,0.0,0.12680030330087474
0.0038042052097856383,0.02505568323116565,0.2733122180318175,0.2340810683540032,0.22232874062080354,0.23524212680074916,0.006175957751673711,0.0,0.6824663890907201
0.004842322769474643,0.03211677217474136,0.3592868470160828,0.2956838083287111,0.21496807200762688,0.09310217770335559,0.0,0.0,0.2561987600514213
0.003544531689763494,0.021849330078879157,0.2270080653176754,0.21864138982032558,0.25131483338954785,0.269893342831883,0.007748506871928155,0.0,0.7074518281874589
0.0038237770639445385,0.024967544687370363,0.2671453370054246,0.2269340867184498,0.21807674156505302,0.24843810994996943,0.010614403009787683,0.0,0.6723340263615721
0.004846084443134677,0.03214265893994665,0.35779416019001214,0.2933200708045892,0.21493948216970962,0.0969575434526008,0.0,0.0,0.2549930393219123
0.003540903767925376,0.02182737263073647,0.2253783753780692,0.21672776186907683,0.25217625641762226,0.27270999678138147,0.007639333155191451,0.0,0.7095056479198445
0.0037911984632533267,0.02475523113153307,0.2632250220460555,0.2221212634224821,0.21570472678453934,0.2583129950655162,0.012089563086618514,0.0,0.6892578542812717
0.004606812742339138,0.030814791419400803,0.35370984247205034,0.2989001398435427,0.21869926929700256,0.09326914422565828,0.0,0.0,0.3356069747514885
0.005291803464389427,0.0347883500400525,0.371665537516478,0.28961167632175183,0.20516098203669797,0.09348165062061974,0.0,0.0,0.12426257375573363
0.0038037536057364146,0.025052763491078683,0.2730431928941082,0.23285252627648897,0.22012399491177267,0.2371563976025676,0.00796737121824598,0.0,0.6827014155575799
0.004768996975510817,0.03163000295736,0.3541034617879878,0.29234164480196884,0.2141833192513486,0.10297257422581607,0.0,0.0,0.2800816191348704
0.0036042618767177055,0.02221757595155872,0.23108020596926174,0.2231211628096452,0.25416509908085083,0.26087473499708475,0.004936959314881484,0.0,0.6742321011084288
0.0038484595706106493,0.025128765663920413,0.268858463940817,0.22783597172782735,0.2180421278717675,0.24678640568922938,0.009499805535827134,0.0,0.6597028142465575
0.004796487844112115,0.03181326183271685,0.3540848597753028,0.28954322944004846,0.21182740803628797,0.10793475307152318,0.0,0.0,0.2710420362703561
0.0035970542617004392,0.02217355875675268,0.22895706382749478,0.21970112471435801,0.2532543307705159,0.267449448578361,0.004867419090816373,0.0,0.6781821788384871
0.0038066531054928797,0.024856199373876786,0.2640459382424311,0.22121517942764432,0.213622315953905,0.2598370605093151,0.012616653387331821,0.0,0.6811934109961603
0.003561189882181513,0.024223969079057894,0.3047350242014013,0.29312892026575205,0.2455952492897494,0.12875564728185296,0.0,0.0,0.8149977829754668
0.0042887754255008315,0.02868014539078994,0.33267032365283705,0.2867513737737768,0.22134852809114247,0.1262608536659498,0.0,0.0,0.4566819918473027
0.004650742814007627,0.032836518243813284,0.39917285496305593,0.3258162715310018,0.19647832488126057,0.041045287566858206,0.0,0.0,0.411671294149506
0.003763992976301883,0.025390667790738206,0.3088305089524501,0.28719379068427214,0.23682743308975726,0.1379936065064804,0.0,0.0,0.7011981228894727
0.004411138496779311,0.02924901907823453,0.329689267084478,0.279356343482632,0.21916951779493982,0.13812471406292876,0.0,0.0,0.4080326809284682
0.0049397321960333385,0.03461259169439191,0.4104363225711194,0.3257077684828424,0.18703695587121977,0.037266629184385315,0.0,0.0,0.31170263437110896
0.003728395480233187,0.02515125991417189,0.30616387265938866,0.2856749770806916,0.23859788916825847,0.14068360569724997,0.0,0.0,0.7202772717686086
0.004361568682977957,0.028921179270311063,0.3262909142831327,0.2776437881887498,0.22113963438551668,0.14164291518930328,0.0,0.0,0.4274118076022935
0.004936900372787608,0.03459365302433238,0.41023669102414234,0.3255464210907531,0.18785640946161308,0.03682992502635882,0.0,0.0,0.3126254524335894
0.004421069090848088,0.02931424591899525,0.3357954544878625,0.29344659380616744,0.22881852920471224,0.10820410749140881,0.0,0.0,0.4042026034663668
0.005153664791226443,0.03357934125080984,0.35706561387119645,0.28498218756281135,0.21140059208082088,0.10781860044312631,0.0,0.0,0.1623608853928841
0.0037936696732593428,0.024765814558321775,0.26749041393672446,0.2340368898083681,0.2285857577382996,0.23456363046264245,0.006763823822378295,0.0,0.6879639299516642
0.0046493355836376305,0.030564917825862063,0.33936652257970534,0.2877098304494655,0.22163834150605957,0.11607105205526251,0.0,0.0,0.32067417829752626
0.005284013485254719,0.03412989349410758,0.35378501860419825,0.27906813786359186,0.21054536260141718,0.11718757395142348,0.0,0.0,0.12635803191821815
0.0038117398165333086,0.02466741834460204,0.2600441101369412,0.2253323568146365,0.22147034083755515,0.25160526329712457,0.013068770752603499,0.0,0.6785533997653317
0.00459537611805999,0.030211075060709573,0.3360261313256781,0.2870624923311174,0.2243966886039738,0.11770823656045322,0.0,0.0,0.3396703464814686
0.003565189517865056,0.0217574711417247,0.2233772719972107,0.21904877599867886,0.2547938499190521,0.2700819454843541,0.007375495941115386,0.0,0.6958367921252557
0.0037779496196325094,0.024449155976848373,0.25773482508250717,0.22317919742787795,0.22102380440454478,0.2569267985443668,0.01290826894421854,0.0,0.6962238074417386
0.0044437804338305015,0.029464430035854288,0.33718304242450803,0.29304132594506255,0.226969126273518,0.10889829488721774,0.0,0.0,0.39550753021646745
0.005163477033669215,0.033642803275872886,0.357369781377367,0.28371874738286645,0.21026361382095543,0.10984157710925598,0.0,0.0,0.1595874364415513
0.0055905763151181224,0.03856356164773792,0.43250683272716106,0.3209517506880333,0.1736654129427624,0.028721865679173772,0.0,0.0,0.12440826907484126
0.004652142821038855,0.030582948489207697,0.339528191428791,0.2877919529045576,0.22166669194882344,0.11577807240757108,0.0,0.0,0.319697963173978
0.005286436186534605,0.03414505985970974,0.3539135444302537,0.2791489886110221,0.21061878521717514,0.11688718569529338,0.0,0.0,0.12570567799180266
0.0038218592907211676,0.024732960767880258,0.26073781597136303,0.2259821822553057,0.22171218645200153,0.25023474232605647,0.012778252936668271,0.0,0.6733222727838621
0.004620280129445521,0.030374378521706366,0.33750940804093466,0.2866824941173435,0.22256057518324496,0.11825286400731302,0.0,0.0,0.33084787508732544
0.0035957712029822987,0.02194415838401589,0.22505766758837673,0.2197212588656871,0.25421227270808705,0.2683997773645362,0.007069093886312084,0.0,0.6788870096493397
0.0037762795539972587,0.024438402348902814,0.25738518148589795,0.22188694625184033,0.21932117908602583,0.25854241033836367,0.01464960093496645,0.0,0.6971053605844606
0.003598345740044149,0.024477432019516774,0.3061706819055448,0.29220919550767904,0.24342087376813684,0.1301234710590736,0.0,0.0,0.7931885899626346
0.004312815289127487,0.02884177020133787,0.3327108100997441,0.2852961251845181,0.22055052989582793,0.12828794932944396,0.0,0.0,0.44690628523937237
0.004701756536869536,0.03319759161386178,0.40167324253139103,0.32593142664502184,0.19432052234148403,0.04017546033136907,0.0,0.0,0.3931311857276105
0.003811269444394228,0.02571034298123414,0.3120009630293885,0.28666588850990293,0.2343119812114921,0.13749955482358667,0.0,0.0,0.6764103852976066
0.004464708514876284,0.029605121290473733,0.33315734860341173,0.2800890056558484,0.2184146913118865,0.13426912462349802,0.0,0.0,0.38757349673489366
0.004986318407745228,0.03493996572738235,0.41342903667671904,0.32365194003203196,0.18262068522976285,0.040372053926350716,0.0,0.0,0.29667184822817855
0.0038175387504526966,0.025753373383254136,0.31088060995683087,0.28407220927762034,0.2337009587545234,0.1417753098773121,0.0,0.0,0.6731694027815832
0.004440375116945464,0.02944462742939188,0.3297304222907276,0.2768013116235026,0.2195838463994251,0.13999941714000047,0.0,0.0,0.39680559271295934
0.005043190985920326,0.035339404690660076,0.4161125321720456,0.3235785240858494,0.18095540105018007,0.03897094701532953,0.0,0.0,0.2786986565708074
0.004479235581211874,0.029700820797944047,0.338028676553583,0.292314256975344,0.2258746361265073,0.10960237396540604,0.0,0.0,0.3821097415944249
0.005189153929811872,0.03381161475288609,0.3573141424075704,0.2832209743127878,0.21036135130950423,0.11010276328742943,0.0,0.0,0.1523794486155629
0.0037904219748542823,0.024744804056138985,0.2656147234261025,0.23123261476572013,0.22589506223507883,0.2396352314348329,0.009087142107268216,0.0,0.6896647715758962
0.0047223540336936345,0.031045890135795392,0.3441214598980664,0.289073019564402,0.22011953053489405,0.1109177458331411,0.0,0.0,0.29565958211578824
0.005361742998348998,0.03463302924620525,0.35833166463673666,0.27994827788792,0.20950720784415536,0.11221807738662527,0.0,0.0,0.10572199196736362
0.003796621508670138,0.024569772648302332,0.2587646758477196,0.22358409045892622,0.2197332856735615,0.25421382814021715,0.014918911874668006,4.188138479342695E-4,0.6864205580852363
0.0047321405269816,0.031111144266308514,0.34310393024402414,0.287127928288897,0.2197434546713029,0.1141814020024781,0.0,0.0,0.29236559990094535
0.0035255471383085395,0.021515731885041432,0.21903472752042052,0.21307956604826192,0.24977297206292481,0.2814045020027264,0.011237485870884937,4.294674714365988E-4,0.7182460748755465
0.003766204223157809,0.02437333504621709,0.25505900304420237,0.21917039047443165,0.21745806155096817,0.2630485403380141,0.016709006874171442,4.1545844883534905E-4,0.702440264110552
0.004480851195585127,0.02971112497222332,0.33810663502571675,0.2923152785445711,0.22582154727156087,0.10956456299033475,0.0,0.0,0.38150428417498106
0.005189962177347791,0.03381640788070684,0.35733450878898165,0.2832047970891195,0.21035022677717757,0.1101040972866535,0.0,0.0,0.15215371618072682
0.0037983921590503,0.02479688996097083,0.2661772828898676,0.23177253088593985,0.22606626522312817,0.23856070054256368,0.008827938338474638,0.0,0.6854959217195584
0.004651079312707577,0.030576888863201368,0.3391804152273102,0.28581432460642675,0.21986271653533543,0.11991457545500847,0.0,0.0,0.3200676589046402
0.0035947772431298517,0.02193787247781908,0.22500100526576147,0.21976986949500357,0.2532240813951029,0.2689187067317361,0.007553687391447784,0.0,0.6794333738016632
0.0038212955135697806,0.024729504975963844,0.2604364203827555,0.22447478482898106,0.22055130060631464,0.2529102257953582,0.013076467897055223,0.0,0.6736129810698509
0.004660775316042969,0.030641533402159728,0.33817837700771053,0.2838950517781526,0.21949692497997292,0.12312733751595045,0.0,0.0,0.316703386394176
0.0035894540910086656,0.021905798323920814,0.2232501731570908,0.2177320123895485,0.25352685271608305,0.2726296401477732,0.0073660691745733396,0.0,0.682364576678705
0.0037886440069415757,0.02451861060710395,0.25656705834976823,0.21992118864052304,0.21821529991134894,0.26207937765103556,0.014909820833273272,0.0,0.6905971405554887
0.0036020199157931095,0.024502627105151994,0.3062614157727368,0.29154572242703214,0.24258927183559834,0.1314989429436849,0.0,0.0,0.7910564227995868
0.0043072108185618725,0.02880453188052292,0.3320151913992336,0.2840696368214508,0.22020183387315964,0.13060159520706766,0.0,0.0,0.44917556441889156
0.004719395679447464,0.033322386207051795,0.40290458643157695,0.32597581704603823,0.19377471751446157,0.03930309712141895,0.0,0.0,0.38681378167269076
0.0038110808806653116,0.025709284494718414,0.3119921969921713,0.2866590533629087,0.23431127394695273,0.13751711032258063,0.0,0.0,0.6765080304443785
0.004464355600555485,0.02960303128872408,0.3331411659691639,0.28008179435979097,0.21841832446781137,0.13429132831394597,0.0,0.0,0.3877066732708516
0.00498628008048891,0.03493996159243536,0.4134336744889452,0.32365430281397556,0.18261747864904102,0.04036830237510353,0.0,0.0,0.2966840988678509
0.00382163279436785,0.025781206210947934,0.31097768592950703,0.28335706648978265,0.23281035949121126,0.14325204908417719,0.0,0.0,0.6710586838229323
0.004434410928946447,0.029405326693886676,0.3290152091299833,0.2755478537176768,0.2192270975685394,0.14237010196095895,0.0,0.0,0.3990838672256206
0.005063454018306861,0.03548166337519927,0.4174876295778367,0.32361490337486176,0.1803193451223644,0.038033004531415844,0.0,0.0,0.2723925709267892
0.00446418664361334,0.029601284755107527,0.3368991896802039,0.291916163993218,0.22662095275060518,0.1104982221772473,0.0,0.0,0.38777043869314465
0.005172678161778439,0.03370455137779103,0.3561893116069031,0.2830045346797917,0.21107686620877347,0.1108520579649529,0.0,0.0,0.15699627964871837
0.003781785948425077,0.024688544516675005,0.26500788494480676,0.23067035073255635,0.22525553758617287,0.24153917003196573,0.00905672623939547,0.0,0.6942017291212454
0.004722064545536742,0.0310442515554996,0.3441086294267817,0.28906440301341735,0.22011952422984638,0.11094112722890785,0.0,0.0,0.2957572272625618
0.003532423427287315,0.021557408972181766,0.22085428675438218,0.21513736262940192,0.24944710695171243,0.277615556607636,0.011425549545075474,4.303051123260067E-4,0.714322949158296
0.0037989827818331293,0.02458517268583974,0.25892393766216787,0.22368243456189452,0.21970272266655416,0.253975851674446,0.01491182364198353,4.190743252816052E-4,0.6851876892916214
0.004715284023198276,0.031000586503855034,0.34188717332276836,0.2867228422042797,0.22055645206062843,0.11511766188526174,0.0,0.0,0.2980477452040569
0.0035224216426282097,0.021496774630059366,0.21883857056700917,0.2130876166221398,0.25014157618872157,0.2812800292997509,0.011203924313129242,4.290867365678938E-4,0.7200343256595254
0.0037575333574842206,0.0243173385443544,0.25446913611856037,0.21863204808212128,0.21685095972400148,0.264894482930585,0.016663999296730323,4.1450194616333297E-4,0.7070544066359173
0.004486632111007409,0.029749707809864197,0.33826380385996524,0.2914908516018826,0.2247649793945778,0.11124402522269301,0.0,0.0,0.37934143638620016
0.005182023602499572,0.03376497260312256,0.3564676408973284,0.2817352065823528,0.2099454146483512,0.11290474166633369,0.0,0.0,0.15437390181191885
0.0037787589106576787,0.02466883748297753,0.26456105325046314,0.22929407955245754,0.2234920737069815,0.24336686609751418,0.010838330998945654,0.0,0.695796899105431
0.00465097136968564,0.03057643983063091,0.339177623745582,0.2858112329956669,0.21986536772004092,0.11991836433838186,0.0,0.0,0.3201051914038504
0.003597246050909496,0.02195305841498143,0.22515350605679105,0.21987875243287458,0.2532262014364249,0.2686624146163999,0.0075288209916205264,0.0,0.6780768652473652
0.0038225181967458336,0.024737537402832167,0.2605170458441996,0.22450934402702444,0.22049984913920623,0.2528330534728201,0.013080651917171738,0.0,0.6729826205454618
0.0046670053970719015,0.03068275358821964,0.33833946227464146,0.2830264247088133,0.21839131951645277,0.12489303451478932,0.0,0.0,0.31454907961445333
0.003582265268631172,0.02186204525141995,0.22256129791784712,0.21624613731449516,0.2523260929331563,0.276078278519639,0.007343882794811056,0.0,0.686336940294202
0.0037689393968339934,0.02439120829350627,0.2549922137784614,0.21750250947168917,0.21569378444376924,0.2667683892722593,0.016882955343477765,0.0,0.7009891647674547
0.0036020199157931147,0.02450262710515203,0.3062614157727373,0.2915457224270325,0.24258927183559875,0.13149894294368508,0.0,0.0,0.7910564227995837
0.004307210818561876,0.028804531880522944,0.3320151913992339,0.28406963682145125,0.22020183387315986,0.13060159520706777,0.0,0.0,0.44917556441889017
0.0047193956794474665,0.033322386207051816,0.40290458643157717,0.32597581704603845,0.19377471751446174,0.039303097121418974,0.0,0.0,0.38681378167268976
0.0038110808806653177,0.025709284494718456,0.311992196992172,0.2866590533629097,0.23431127394695309,0.13751711032258085,0.0,0.0,0.6765080304443754
0.0044643556005554835,0.029603031288724074,0.33314116596916393,0.28008179435979114,0.2184183244678113,0.1342913283139459,0.0,0.0,0.38770667327085195
0.0049862800804889125,0.034939961592435384,0.41343367448894575,0.3236543028139759,0.18261747864904115,0.04036830237510356,0.0,0.0,0.29668409886784985
0.0038216327943678538,0.02578120621094796,0.31097768592950725,0.28335706648978304,0.23281035949121148,0.14325204908417732,0.0,0.0,0.6710586838229303
0.004434410928946449,0.02940532669388669,0.3290152091299834,0.2755478537176772,0.21922709756853953,0.142370101960959,0.0,0.0,0.3990838672256199
0.005063454018306859,0.035481663375199264,0.4174876295778367,0.3236149033748615,0.18031934512236442,0.03803300453141584,0.0,0.0,0.27239257092678953
0.0044641866436133425,0.029601284755107544,0.33689918968020405,0.2919161639932182,0.2266209527506053,0.11049822217724736,0.0,0.0,0.38777043869314365
0.005172678161778433,0.03370455137779099,0.35618931160690226,0.2830045346797914,0.21107686620877317,0.11085205796495277,0.0,0.0,0.15699627964872007
0.0037817859484250743,0.024688544516674987,0.2650078849448066,0.23067035073255623,0.2252555375861727,0.24153917003196557,0.009056726239395463,0.0,0.6942017291212468
0.004722064545536746,0.031044251555499617,0.34410862942678205,0.2890644030134176,0.2201195242298466,0.1109411272289079,0.0,0.0,0.2957572272625608
0.0035324234272873095,0.02155740897218173,0.22085428675438162,0.21513736262940167,0.24944710695171202,0.27761555660763554,0.011425549545075457,4.3030511232600605E-4,0.714322949158299
0.0037989827818331228,0.024585172685839696,0.2589239376621674,0.2236824345618941,0.2197027226665537,0.2539758516744456,0.014911823641983504,4.190743252816045E-4,0.6851876892916248
0.004715284023198271,0.031000586503855,0.3418871733227681,0.2867228422042795,0.2205564520606282,0.11511766188526162,0.0,0.0,0.29804774520405863
0.0035224216426282076,0.02149677463005935,0.218838570567009,0.21308761662213974,0.2501415761887214,0.28128002929975066,0.011203924313129235,4.2908673656789356E-4,0.7200343256595267
0.0037575333574842193,0.024317338544354392,0.25446913611856037,0.21863204808212114,0.21685095972400126,0.2648944829305849,0.016663999296730316,4.145019461633328E-4,0.707054406635918
0.004486632111007417,0.029749707809864245,0.3382638038599657,0.2914908516018831,0.22476497939457818,0.1112440252226932,0.0,0.0,0.37934143638619744
0.0051820236024995685,0.03376497260312254,0.35646764089732746,0.2817352065823525,0.20994541464835104,0.1129047416663336,0.0,0.0,0.15437390181191987
0.0037787589106576787,0.02466883748297753,0.2645610532504629,0.2292940795524576,0.22349207370698154,0.24336686609751418,0.010838330998945654,0.0,0.695796899105431
0.004650971369685642,0.030576439830630926,0.3391776237455822,0.28581123299566713,0.21986536772004098,0.11991836433838192,0.0,0.0,0.32010519140384974
0.0035972460509094916,0.0219530584149814,0.2251535060567907,0.21987875243287425,0.2532262014364245,0.26866241461639945,0.007528820991620518,0.0,0.6780768652473675
0.0038225181967458293,0.02473753740283214,0.2605170458441991,0.22450934402702424,0.220499849139206,0.2528330534728198,0.013080651917171724,0.0,0.6729826205454639
0.0046670053970719015,0.03068275358821964,0.33833946227464123,0.28302642470881345,0.21839131951645283,0.12489303451478935,0.0,0.0,0.31454907961445333
0.0035822652686311705,0.021862045251419944,0.22256129791784698,0.21624613731449513,0.2523260929331562,0.2760782785196389,0.007343882794811053,0.0,0.6863369402942027
0.003768939396833994,0.024391208293506272,0.2549922137784614,0.21750250947168925,0.21569378444376924,0.2667683892722594,0.01688295534347777,0.0,0.7009891647674543
0.003754827786402138,0.025332054350365618,0.310026039975042,0.29081962282718443,0.24038300415145275,0.12968445090955066,0.0,0.0,0.7060757990567612
0.004518446125715629,0.0299644109433181,0.3371913487888505,0.2822374584640718,0.21627982631014117,0.12980850936789723,0.0,0.0,0.36753770732928626
0.004853777921678747,0.03401424174232719,0.40535403863315306,0.3249425834978686,0.19215985435446067,0.038675503850506145,0.0,0.0,0.3401925972642013
0.003960605780720464,0.02649641437061057,0.3147715677959783,0.2857593790943756,0.23230030472101504,0.1367117282372949,0.0,0.0,0.6019981165580925
0.004610023501024372,0.030311068751582796,0.3332751621706635,0.2765303716973112,0.21660376751214683,0.1386696063672615,0.0,0.0,0.334469833824349
0.005152898607535864,0.035834676031602376,0.41800476384104973,0.32526261850390076,0.18131279923617685,0.03443224377972387,0.0,0.0,0.24514904475809698
0.003926797345001944,0.026270995851344275,0.3123476782188735,0.28483455356408605,0.23399009985670788,0.13862987516398043,0.0,0.0,0.618348776812183
0.004561943999462846,0.029995826765713923,0.3301149300716389,0.27543436120183784,0.21866948232253433,0.1412234556388018,0.0,0.0,0.3516654281570878
0.005148304162873583,0.03580366755339478,0.4176635978110672,0.32531355211645213,0.18210336272608302,0.03396751563011434,0.0,0.0,0.24652538225713963
0.004620864377887868,0.030381699741909213,0.3396638346414639,0.2909434603572716,0.22503079066673784,0.10935935021472129,0.0,0.0,0.3306420414462237
0.005377973435666183,0.03474138922543724,0.35977924516078175,0.2811693449078116,0.2083285725923717,0.11060347467792275,0.0,0.0,0.1014883327313708
0.0038031563544554062,0.024615183562495785,0.2625919908395155,0.2302323226683176,0.22694145952818245,0.2427669493167336,0.009048937730293914,0.0,0.6830123263446157
0.004847562380838466,0.03159814091399725,0.3437570022855344,0.2859296221184813,0.21856867263477583,0.11529899966636249,0.0,0.0,0.2545198313329654
0.0054733333063210895,0.03504795363267957,0.3557736093290132,0.2768732639710439,0.20940890004094084,0.11742293971999443,0.0,0.0,0.07712114394331823
0.003810034909762853,0.02444343880762721,0.2557583402333198,0.22257954894791326,0.21995937183069958,0.2581140376454058,0.015335227625267444,0.0,0.6794374637315574
0.004795325796484289,0.0312585718167951,0.34067187886852635,0.28565258314508746,0.22111752169491913,0.11650411867817731,0.0,0.0,0.27142204431012595
0.0035893206483635955,0.021692113920468003,0.219086050130408,0.21489113621275305,0.2524407771154874,0.2785331788616881,0.009767423110832165,0.0,0.6824381688080566
0.0037761166602536768,0.02422624327985052,0.2534742564533501,0.22044089253803553,0.21953135334356869,0.2633970581018614,0.015154079623076898,0.0,0.6971913866621041
0.004644313467675467,0.030535451539973953,0.34103262166266063,0.29072815993869927,0.22333697460962912,0.109722478781351,0.0,0.0,0.32242356024647084
0.005384771843687335,0.03478481550211971,0.3598399355605849,0.2799984214211442,0.20774875064660134,0.1122433050258502,0.0,0.0,0.09972257307424635
0.005781652154850645,0.03957689036912597,0.4365957646681169,0.32005507061451915,0.1707628998234347,0.027227722369939925,0.0,0.0,0.07742914132941996
0.0048505103026693355,0.031616914203607585,0.3439187821230456,0.28600901860482536,0.2186002719236944,0.11500450284214696,0.0,0.0,0.25357682317730645
0.005475850698502619,0.03506357416577958,0.3559001252148964,0.2769533391750821,0.2094874307404608,0.11711968000526858,0.0,0.0,0.07648937582164642
0.00381441042980029,0.02447156495832625,0.2560543832967668,0.22288570113572878,0.22017821464202475,0.25751437803644217,0.015081347500908948,0.0,0.6771701659740054
0.004821026170970343,0.03142566136956206,0.3421435185653235,0.2854844566666673,0.21945267236866306,0.11667266485880105,0.0,0.0,0.2630603908015049
0.0036119653995644553,0.021829022836076035,0.22023074259348469,0.21528730421927542,0.2521012377782965,0.2774462155803252,0.009493511592974166,0.0,0.6700276738499419
0.0037669215289320547,0.024167304670393415,0.2526211724002939,0.21896177914374587,0.21796366932629516,0.2656068389887054,0.01691231394162851,0.0,0.7020595060155741
0.0037926272870387064,0.02558782961175306,0.3115434393705983,0.29003851342469783,0.23831656058190584,0.13072102972400437,0.0,0.0,0.686110942353371
0.0045371095638924806,0.030089087909130504,0.3369453696207673,0.28106969109128227,0.21597125212471216,0.13138748969021,0.0,0.0,0.3606901827401029
0.00490671997033299,0.0343861787503245,0.40810237364620805,0.32516498200704197,0.18972754486671234,0.03771220075937422,0.0,0.0,0.3225266357680865
0.00400826922709872,0.026816085405025156,0.3178135985172132,0.284846583726474,0.23018134129204762,0.13633412183213858,0.0,0.0,0.5794153438558883
0.004665407101386984,0.03067615259078029,0.33671813591354555,0.277069830460614,0.21596393168477304,0.13490654224889057,0.0,0.0,0.3151012073971813
0.0051980437702371235,0.03614961357519749,0.42075047185305503,0.3227633481599663,0.1775134476478619,0.03762507499367148,0.0,0.0,0.23175451704416206
0.00401706603753662,0.02687571479424307,0.3170366478572246,0.2830216274318914,0.2296148891933377,0.1394340546857612,0.0,0.0,0.5753060263232795
0.00463668596335663,0.030488201238495313,0.33324538562548023,0.2747370509923984,0.2177481317711552,0.13914454440910293,0.0,0.0,0.32508774033497456
0.005255193687947094,0.03654802280353873,0.42356178139827416,0.32302201572150874,0.17552107730886266,0.03609190907985392,0.0,0.0,0.215128253440668
0.004679020841139979,0.03076500982332725,0.3419458461940929,0.289987526850848,0.22227287673025925,0.11034971956032612,0.0,0.0,0.3104104470867794
0.005405200091337684,0.03491835471328016,0.3596325395694744,0.27977343463018445,0.20791130472691824,0.11235916626879415,0.0,0.0,0.0944434430907135
0.003799912002107639,0.024594376712324974,0.2609518088515208,0.22792195779812777,0.22451274315832806,0.2468430430688749,0.011376158408710039,0.0,0.684702944590821
0.004919869491990314,0.03207045013345737,0.34828469375041554,0.28690523439629473,0.2173218258280132,0.11049792639981987,0.0,0.0,0.2317156573851815
0.005552286362623803,0.03555463417021285,0.3602235653204427,0.27752537038674857,0.20853918796874069,0.1126049557912229,0.0,0.0,0.05757975104207542
0.0038028557474361555,0.02439757232300844,0.2550275091736263,0.2213046073284433,0.21868884018464005,0.2595504236163584,0.016808690065666057,4.19501560818099E-4,0.6831688501301413
0.0049312260269922135,0.03214543223777245,0.34758575238822115,0.2855441808037317,0.21694418560632073,0.11284922293695222,0.0,0.0,0.22819480615028645
0.0035504076518735016,0.021457132358286515,0.21507160850021012,0.20974170243688886,0.24828775186396304,0.2882328625875839,0.01322603872552082,4.324958756758574E-4,0.70413426433771
0.0037684565724301006,0.024177288834676142,0.2513173382636856,0.2171693079653934,0.21646888000179604,0.26811561389247146,0.018567407559001096,4.1570691054359837E-4,0.7012451658498686
0.004680681263812669,0.03077550043144084,0.3420188502320609,0.28998124974917605,0.22221955549624645,0.11032416282725248,0.0,0.0,0.30984019756423775
0.005405986886645896,0.0349229445516487,0.3596455790380699,0.2797519850756485,0.2079030062418201,0.11237049820615505,0.0,0.0,0.09424091497527617
0.0038021467151440457,0.024608895208896135,0.2611080902556671,0.2281082232351149,0.22465097973140902,0.24654684661200071,0.011174818241762587,0.0,0.6835381358804944
0.0048493808098138734,0.03161052342133118,0.3435559164948414,0.2839466924000631,0.21706860702876696,0.11896887984517336,0.0,0.0,0.2539380001808671
0.003615650522769856,0.021851072713345427,0.2204632695629435,0.21536482574311464,0.251156590532561,0.27756136472973514,0.009987226195529622,0.0,0.6680227431202826
0.003816511591440528,0.024485237500156083,0.255932121535461,0.22153610651924477,0.21917724335513114,0.25968110590203264,0.015371673596531242,0.0,0.6760832381301952
0.004860646525059894,0.03168489883186392,0.34286836993309944,0.28260445595265143,0.21670238274522505,0.12127924601208995,0.0,0.0,0.2503430840395163
0.0036046005548981356,0.021784705792923905,0.21859953389127906,0.21373632440676432,0.25161460010250103,0.28089583222924047,0.009764403022391963,0.0,0.6740468797256366
0.003780043405642618,0.02425168081110541,0.252077488327387,0.21728306595977798,0.2169066834273366,0.26853557571743686,0.0171654623513089,0.0,0.6951196916984849
0.0037969036137934634,0.025616893576975826,0.31165995365411997,0.2896015360994436,0.23770336826633823,0.13162134478932727,0.0,0.0,0.6838773111509467
0.004529692407617062,0.030040152806133744,0.33611672933755726,0.2800085344585451,0.21618499014236192,0.13311990084777722,0.0,0.0,0.3634047447946357
0.004924507833439707,0.034511096833451965,0.4092932089971948,0.3254209001149594,0.18907213503369127,0.03677815118725415,0.0,0.0,0.3166763459055379
0.004008053561983546,0.026814867141576777,0.3178025170084959,0.2848383985922515,0.23018114404110085,0.13635501965458652,0.0,0.0,0.5795163155920687
0.004665017677698402,0.030673853426120883,0.33669956854379246,0.2770616575101484,0.2159679938156838,0.1349319090265456,0.0,0.0,0.3152357902870361
0.005198004045280473,0.036149612967980194,0.42075418057719033,0.32276520692533567,0.17751104725189573,0.037621948232306274,0.0,0.0,0.23176620112622168
0.00402181691695006,0.026907725350864203,0.31716221548754536,0.28254869235242897,0.22895811847428746,0.14040143141791767,0.0,0.0,0.5730941896078009
0.004628917283475225,0.030437378197568796,0.33240206973022635,0.27366191290735986,0.21796510274726996,0.14090461913408828,0.0,0.0,0.32781025637166167
0.005275550928392946,0.03668988001819343,0.4248924679870585,0.3232863287829089,0.17476783837708174,0.03508793390635025,0.0,0.0,0.2092928609669155
0.0046641390571439695,0.030667422008088384,0.34086367828786335,0.2896744829175519,0.22313862853429964,0.11099164919504467,0.0,0.0,0.31553951973334793
0.005389379617280838,0.03481645419529427,0.35858886348357727,0.2796651630701731,0.2087440899220239,0.11279604971164021,0.0,0.0,0.09852832273667735
0.003791214716854505,0.024538203655082337,0.2603521728384664,0.22736456987523268,0.22387664714025662,0.24873680736370826,0.01134038441039551,0.0,0.6892493383929871
0.0049195445783206,0.0320686078146659,0.34826907979661137,0.286895051885176,0.21732243297601375,0.11052528294920248,0.0,0.0,0.23181662912135878
0.0035628778437540426,0.0215322067659067,0.21699997508365637,0.21139523298684376,0.24780578994447594,0.28481161385041487,0.013458288582428353,4.3401494252283613E-4,0.6971298573842294
0.0038052013536010853,0.024412740068700367,0.25518243542083197,0.22140012793342034,0.2186598785618818,0.2593171923661732,0.016802663985485817,4.197603099036819E-4,0.6819481672386685
0.00491462955713468,0.03203751936534071,0.3464207416779755,0.2852271116799141,0.21787830562271365,0.1135216920969109,0.0,0.0,0.23334567328379685
0.0035472444991651426,0.02143813349283358,0.21487754198454886,0.20975352421084556,0.2486644703766589,0.28810171713980376,0.013185257742563855,4.3211055358480786E-4,0.7059188122063285
0.0037597687590898324,0.024121668294377965,0.2507348367112617,0.21663522149482287,0.21586605229026554,0.26994964433609847,0.01851805957574612,4.14748538336397E-4,0.7058628166724509
0.004687287841249917,0.03081920134371982,0.3422093776333254,0.289444541337912,0.2214420489373839,0.11139754290639833,0.0,0.0,0.3075752603844865
0.005395651780730515,0.03485648157917733,0.358623816007119,0.27849410816619613,0.20817209452874344,0.11445784793802147,0.0,0.0,0.09690597106227698
0.003780506132072265,0.02446894789589531,0.2593809689030042,0.22577841449152383,0.22222974323699798,0.25119323108345026,0.013168188257053551,0.0,0.6948758472739726
0.004849259222450089,0.03161000256956464,0.3435517758388918,0.28394355378124864,0.21707175412269775,0.11897365446513514,0.0,0.0,0.2539768901031954
0.0036180991585697524,0.021865991187854438,0.22061006781662432,0.21546873884435114,0.2511582056380943,0.27731513580122696,0.00996376155327956,0.0,0.6666927950884158
0.003817700044352407,0.024492981831177513,0.256008648150363,0.2215682273461,0.2191269052310728,0.25960907709667813,0.015376460300254932,0.0,0.6754689829213243
0.00486774382204131,0.03173143644010394,0.34306509404436397,0.28203707184380816,0.21588888808510487,0.1224097657645655,0.0,0.0,0.24808686350305129
0.0035944983437703687,0.021723771667825766,0.21774406782487563,0.21233557037356113,0.25074820562417627,0.2841243080265711,0.009729578139219874,0.0,0.6795867346962043
0.0037584858852116173,0.024113491734155747,0.25039987932948193,0.21502083345857928,0.21454868883165595,0.27304606050538266,0.01911256025553035,0.0,0.706546484528673
0.0037969036137934674,0.025616893576975854,0.31165995365412014,0.28960153609944406,0.2377033682663385,0.1316213447893274,0.0,0.0,0.6838773111509447
0.004529692407617064,0.030040152806133754,0.3361167293375575,0.28000853445854523,0.216184990142362,0.13311990084777728,0.0,0.0,0.363404744794635
0.004924507833439709,0.034511096833451986,0.4092932089971952,0.32542090011495967,0.18907213503369139,0.036778151187254166,0.0,0.0,0.3166763459055372
0.0040080535619835475,0.026814867141576788,0.3178025170084961,0.2848383985922519,0.230181144041101,0.13635501965458655,0.0,0.0,0.5795163155920681
0.004665017677698404,0.030673853426120893,0.33669956854379274,0.2770616575101484,0.2159679938156839,0.13493190902654564,0.0,0.0,0.3152357902870354
0.005198004045280471,0.03614961296798019,0.42075418057719033,0.3227652069253358,0.1775110472518957,0.03762194823230627,0.0,0.0,0.231766201126222
0.0040218169169500655,0.026907725350864237,0.31716221548754564,0.2825486923524295,0.2289581184742878,0.14040143141791786,0.0,0.0,0.5730941896077985
0.004628917283475226,0.030437378197568803,0.3324020697302265,0.27366191290735997,0.21796510274727005,0.1409046191340883,0.0,0.0,0.32781025637166133
0.005275550928392943,0.036689880018193406,0.4248924679870582,0.32328632878290864,0.17476783837708168,0.03508793390635023,0.0,0.0,0.20929286096691632
0.00466413905714397,0.03066742200808839,0.34086367828786335,0.28967448291755193,0.22313862853429964,0.1109916491950447,0.0,0.0,0.3155395197333476
0.005389379617280833,0.034816454195294236,0.35858886348357666,0.27966516307017286,0.20874408992202373,0.1127960497116401,0.0,0.0,0.0985283227366787
0.003791214716854506,0.024538203655082344,0.26035217283846657,0.22736456987523274,0.2238766471402567,0.2487368073637083,0.011340384410395513,0.0,0.6892493383929864
0.0049195445783206,0.032068607814665896,0.34826907979661137,0.286895051885176,0.21732243297601372,0.11052528294920247,0.0,0.0,0.23181662912135897
0.0035628778437540413,0.021532206765906694,0.2169999750836562,0.21139523298684357,0.24780578994447586,0.2848116138504148,0.013458288582428347,4.3401494252283596E-4,0.6971298573842301
0.003805201353601084,0.024412740068700357,0.255182435420832,0.22140012793342032,0.21865987856188165,0.259317192366173,0.01680266398548581,4.1976030990368174E-4,0.6819481672386691
0.004914629557134678,0.0320375193653407,0.3464207416779754,0.28522711167991416,0.21787830562271363,0.11352169209691085,0.0,0.0,0.23334567328379738
0.003547244499165144,0.021438133492833588,0.2148775419845491,0.2097535242108456,0.2486644703766591,0.28810171713980387,0.013185257742563858,4.32110553584808E-4,0.7059188122063278
0.0037597687590898337,0.024121668294377976,0.25073483671126184,0.21663522149482295,0.21586605229026556,0.2699496443360985,0.018518059575746128,4.1474853833639716E-4,0.7058628166724502
0.004687287841249917,0.03081920134371982,0.3422093776333253,0.28944454133791203,0.22144204893738398,0.11139754290639833,0.0,0.0,0.3075752603844865
0.005395651780730516,0.03485648157917734,0.358623816007119,0.2784941081661964,0.20817209452874347,0.1144578479380215,0.0,0.0,0.09690597106227664
0.0037805061320722653,0.024468947895895314,0.2593809689030041,0.22577841449152386,0.22222974323699798,0.2511932310834503,0.013168188257053553,0.0,0.6948758472739722
0.004849259222450094,0.03161000256956467,0.3435517758388922,0.283943553781249,0.21707175412269805,0.11897365446513526,0.0,0.0,0.2539768901031937
0.00361809915856975,0.02186599118785442,0.22061006781662407,0.215468738844351,0.25115820563809416,0.27731513580122674,0.009963761553279554,0.0,0.6666927950884173
0.003817700044352408,0.024492981831177516,0.256008648150363,0.2215682273461,0.21912690523107287,0.25960907709667813,0.015376460300254935,0.0,0.675468982921324
0.004867743822041314,0.03173143644010397,0.34306509404436414,0.2820370718438085,0.21588888808510512,0.12240976576456561,0.0,0.0,0.24808686350304993
0.0035944983437703683,0.021723771667825763,0.21774406782487546,0.21233557037356116,0.2507482056241762,0.2841243080265711,0.009729578139219873,0.0,0.6795867346962047
0.0037584858852116173,0.024113491734155747,0.250399879329482,0.21502083345857928,0.21454868883165598,0.27304606050538266,0.01911256025553035,0.0,0.706546484528673
0.003982675967851057,0.02664717192353809,0.3168621516119507,0.28942699585588894,0.23712445753245004,0.12595654710831733,0.0,0.0,0.5914741429959598
0.004717728853275745,0.031022917154134327,0.3408088390823243,0.28118737128615384,0.21661014145408639,0.12565300217001849,0.0,0.0,0.29722110186779793
0.005126873983485428,0.035657480593447345,0.41385589911764714,0.3221399946819776,0.18633543332682412,0.036884318296608466,0.0,0.0,0.25297771385127943
0.004200026679484087,0.02786395200862391,0.3214272678300355,0.28433450785536624,0.2293170351118991,0.13285721051458407,0.0,0.0,0.4937404370024962
0.004840390847494915,0.03155585085922251,0.33837496479655765,0.2758344474775182,0.21560479497508156,0.1337895510441136,0.0,0.0,0.2568187230090437
0.005424679571111936,0.037438439450705074,0.42523079162062205,0.32179601416724485,0.17614973842604156,0.03396033676426315,0.0,0.0,0.16788079787394683
0.004175999142816389,0.027705355546123647,0.3196029285554655,0.2829342409672085,0.2301824478245413,0.13539902796383874,0.0,0.0,0.5040444671830714
0.004802771817309062,0.03131153099916272,0.3357718244497844,0.27430359997300513,0.21718505527222193,0.13662521748850456,0.0,0.0,0.26899026310418866
0.00543272157619333,0.037494935995263524,0.42556784885536547,0.3212527359763091,0.17631381171556915,0.03393794588128358,0.0,0.0,0.16571219256486178
0.004847615141184422,0.03160226806687701,0.34445611731487674,0.2893812159956851,0.22308038201762787,0.10663240146373715,0.0,0.0,0.2545029437918969
0.00358163379937465,0.021649005945075586,0.21988776845270155,0.21489131563969777,0.2500619825503039,0.27751914724285365,0.012409146369993858,0.0,0.6866866363041839
0.003851648959865751,0.024714228674982883,0.2583990642024871,0.22437515804054758,0.22347257830020115,0.2536577029731379,0.011529618848775193,0.0,0.6580824630380696
0.005081419866417494,0.03283917668856382,0.3482052421601851,0.28445407809542217,0.21695202274867034,0.1124680604407306,0.0,0.0,0.18311080498826648
0.0036200064262718527,0.02166316424994778,0.21488855334407875,0.2097917850034996,0.248345698804899,0.28897839889533067,0.01271239327597228,0.0,0.6656581313336128
0.0038645333788702757,0.024577543669297153,0.2520907632236357,0.21821908221243067,0.21864191410273012,0.2659061837129367,0.01669997970009575,0.0,0.6515638329619182
0.005039313490998105,0.03256803487835854,0.34565045217756757,0.28371246907818337,0.21892280168730455,0.11410692868757649,0.0,0.0,0.19547886899834446
0.003615812245902128,0.021638479568722804,0.21486732953208654,0.21034313398632448,0.2494037485946397,0.2878005713074368,0.012330924764887986,0.0,0.6679348495280877
0.0034339970533676066,0.022845734118391744,0.25929822227027977,0.23135165094604185,0.21959451242393085,0.2487004269558009,0.014775456232186613,0.0,0.899357045209039
0.004873229426473237,0.03176880671798847,0.34590474537794336,0.28914110746444743,0.22129176940318304,0.10702034160995139,0.0,0.0,0.24634750045898862
0.005572582291325739,0.03568732565410527,0.3618539765380552,0.2796657539341918,0.2082671689502016,0.10895319263210425,0.0,0.0,0.052645844663945764
0.006034861719781132,0.04099169736622892,0.4420630594035443,0.31754403943144754,0.16706711788021059,0.026299224198774562,0.0,0.0,0.019756673410480225
0.0050846391597133955,0.032859518022107466,0.3483770895246921,0.2845392275660015,0.21698687190780727,0.11215265381966569,0.0,0.0,0.18217361929653056
0.003644658725476374,0.021810746245623923,0.21635767210838516,0.21127201648817132,0.24922100203743155,0.28528303442788827,0.012410869967023463,0.0,0.6523820896352039
0.0038678941333999584,0.024598972882291018,0.2523135368496563,0.21846366776203532,0.2188228247727178,0.26543689340747917,0.016496210192418474,0.0,0.6498706635702816
0.005067540625188759,0.032749998867732825,0.347215091397144,0.28351982726282277,0.21715597739187087,0.11429156445522781,0.0,0.0,0.1871648981767869
0.003637226895221519,0.02176668887386054,0.21590156117308265,0.210623793150361,0.2493071156063401,0.28667601884124017,0.012087595459891753,0.0,0.6563654161493947
0.0034290357178891886,0.022812292039883365,0.2588898738215021,0.2307738971815095,0.21802574683317777,0.25001361391272375,0.016055540493313786,0.0,0.9025350198459199
0.0040218402647566156,0.026910017014208275,0.31827634581850034,0.28860192289891307,0.23526070233648938,0.12692917166712994,0.0,0.0,0.5730833326213602
0.0047412746494829685,0.031178699872448135,0.34079588152818274,0.28014870338269243,0.2160968461757432,0.12703859439144202,0.0,0.0,0.2893034643718099
0.005178880254104306,0.036020166951712,0.41628671236975073,0.32222069979803436,0.1841311818569814,0.03616235876940765,0.0,0.0,0.23741178965514054
0.004247359226135976,0.028178818050864536,0.3242581330678111,0.2832051319898138,0.22728762488967172,0.13282293277569754,0.0,0.0,0.47378325801884147
0.0048930990027316774,0.031900450257470125,0.3414702534966606,0.27624005105472904,0.21523789834332074,0.13025824784507634,0.0,0.0,0.24007994669949229
0.00546892604984885,0.03774484364655811,0.42773381311927516,0.3191315213900055,0.17264253918641312,0.037278356607887426,0.0,0.0,0.1560282891185156
0.004267998637443371,0.028316574421599124,0.3239957772820353,0.2808432259600338,0.226084464237395,0.1364919594614883,0.0,0.0,0.46521950046624133
0.004880691426698682,0.03182050344848068,0.33881987524919605,0.2735874595293425,0.21630349623886463,0.13458797410740464,0.0,0.0,0.2439877429745998
0.005537768376701172,0.03822098604777767,0.43087247621301245,0.3186186238796009,0.1702701038963836,0.0364800415865089,0.0,0.0,0.13796376959135573
0.004906585799269481,0.031987688888970064,0.3465551878045655,0.2883800569208848,0.22062059484939603,0.10754988573690331,0.0,0.0,0.2358546644168623
0.0035730739381747787,0.02159745722824925,0.21795143111153675,0.2122710464429543,0.2483788222059078,0.28344748105900247,0.012780688014178193,0.0,0.6914391231920383
0.003850046200650092,0.02470413863096904,0.2568561200579436,0.22239335793527568,0.2216572683863134,0.2570562392471407,0.01348282954170416,0.0,0.6588964002434727
0.005151606928984102,0.03329379959948507,0.35238565292503526,0.2852771415579896,0.21595214207451616,0.10793965691397986,0.0,0.0,0.16294388429392756
0.0035834917870690426,0.021444841591900396,0.21247242703210775,0.20706979949713625,0.24560879361217122,0.2936562607176576,0.015727859714702842,4.365260472576541E-4,0.6856580692063803
0.003855419802935279,0.02451977780460322,0.25124382566084424,0.2170919609543318,0.21753060077313352,0.2671663871910321,0.018166727793249005,4.253000198681637E-4,0.6561701660360041
0.005174518752643404,0.03344287505273848,0.3520467130469304,0.2833949333279221,0.2152937087244216,0.11064725109533309,0.0,0.0,0.15647905148765257
0.003587743721516648,0.021470697911287976,0.2115423819850665,0.2061112938764163,0.24598241825095263,0.29546767982133926,0.015400740433217834,4.370440002063142E-4,0.6833082409515344
0.003444310398728171,0.022914926622472246,0.25942887225322075,0.22850014480597478,0.21534662561992737,0.2524024500811721,0.017583322470434388,3.7934774806912464E-4,0.8927801470113231
0.004908357890340599,0.03199879415715009,0.3466305284939855,0.2883745869234849,0.2205689135587344,0.10751881897629283,0.0,0.0,0.23530121142234242
0.0035943037917601645,0.02172583589676067,0.21925287521047251,0.21358646630838427,0.24909025734101484,0.28022125570360823,0.012529005748000808,0.0,0.6796937288482943
0.0038510384587154213,0.024710560881318004,0.2569264344149046,0.22250775453543511,0.2217466063985346,0.2569063301083213,0.01335127520276849,0.0,0.6583924169985138
0.005083462624048877,0.032852933101061944,0.34799893059183346,0.28237823633809667,0.2153813079704901,0.1163051293744564,0.0,0.0,0.18251598925272058
0.0036334586140033404,0.021743915534193282,0.2156847570144327,0.21050203803222292,0.2486028067143914,0.2872605876534266,0.012572436437330251,0.0,0.6583913724890414
0.0034636103873093974,0.023042595321950705,0.2612909629316623,0.23171289493043812,0.21837143607808668,0.24713137590963566,0.014987124440915689,0.0,0.8805776279349348
0.005106003759442052,0.032999597561727934,0.3476565978829482,0.280513770524549,0.21473423757994345,0.11898979269137702,0.0,0.0,0.1759840017377538
0.0036350011794472584,0.02175356350291183,0.21457676077253982,0.20937332890541022,0.2488622015954847,0.2894489763120808,0.012350167732126553,0.0,0.657561528959585
0.0034393749171014888,0.022881654401629956,0.25924026480646495,0.2287976940417136,0.21602773671343764,0.2533317120360059,0.01628156308364656,0.0,0.8959226195880462
0.004029860246448934,0.026963904279157205,0.31866173543537213,0.2880977022942109,0.2342402692742234,0.12800652847058422,0.0,0.0,0.5693613966537614
0.0047392766483593755,0.031165826533111358,0.34036131780672974,0.2790843730324642,0.2159502525239063,0.12869895345541973,0.0,0.0,0.2899722683953545
0.00520032379727227,0.03616958694348378,0.417705445973393,0.32225219854414155,0.18312453429807515,0.03554791044362542,0.0,0.0,0.23108420443254768
0.004247139527588468,0.028177598449324465,0.32424752349103686,0.28319746085275144,0.22728773240181305,0.1328425452774793,0.0,0.0,0.4738748636110648
0.004892706635732165,0.031898166375274234,0.34145248097299163,0.27623229079825146,0.2152420280633641,0.13028232715437515,0.0,0.0,0.24020322016844184
0.005468887443991432,0.03774486722480857,0.42773781733195504,0.3191333463001393,0.17264004508402447,0.03727503661506958,0.0,0.0,0.15603854705198608
0.004276988876625231,0.02837646094172187,0.32441284272337173,0.28028963267754886,0.22498401159363934,0.1376600631870868,0.0,0.0,0.4615150893682852
0.004878553684321095,0.03180683942374744,0.338370755397929,0.27249275931030936,0.21615295522938535,0.13629813695429527,0.0,0.0,0.24466303753363106
0.005562258781214719,0.03839031073817993,0.43245079836417777,0.3186349504839712,0.1691349483333672,0.0358267332990736,0.0,0.0,0.13164521571316873
0.004895075298963629,0.03191292233093082,0.34574771635585616,0.2880167921929782,0.22108217611324457,0.10834531770801614,0.0,0.0,0.2394593363893167
0.003572469514574658,0.021593922491029326,0.21791327139589414,0.21243458679145336,0.24866778056426925,0.28311069853910925,0.01270727070367458,0.0,0.6917755636894568
0.0038436778438916508,0.024663396044081812,0.2564291779111305,0.2219907262748407,0.2211733310647226,0.2584490340879125,0.013450656773418768,0.0,0.6621371815198573
0.005151283730099514,0.03329199946429577,0.35237102009875765,0.2852677073728579,0.21595298363390686,0.1079650057000716,0.0,0.0,0.1630354898861495
0.003587813653572625,0.021470824333635695,0.21272738273046826,0.20727548506385926,0.24569023984782737,0.293175238785141,0.015635963066460947,4.370525190381649E-4,0.6832696396104709
0.0034690298879036133,0.02307917557833819,0.2615131664366254,0.23141254027667424,0.21762789671924576,0.2462108764172577,0.01630524439306315,3.820702908909289E-4,0.8771755367260686
0.0051616563891210936,0.03336003491124393,0.3511764429902805,0.28302173515069007,0.21579612166226073,0.11148400889639302,0.0,0.0,0.16010124832974987
0.0035864333417300756,0.021462975167052117,0.21146278362297702,0.2062375459490886,0.2462487922689076,0.29520875850102296,0.015355826774028667,4.368843751973487E-4,0.6840318273530734
0.003437459169677401,0.0228694300110965,0.2589114662234013,0.22801714110675514,0.21505818268713967,0.2537853531873862,0.017542374443736988,3.785931708066122E-4,0.8971448270805908
0.004920402754099378,0.032077593288587766,0.347174255478254,0.2877611176149155,0.21928845325629315,0.10877817760783896,0.0,0.0,0.23154996718832344
0.003591136778093016,0.021706812147432666,0.21881788870896135,0.2125953805602511,0.2484380018341259,0.2823553645287585,0.012495415442380422,0.0,0.6814370628376161
0.003835195236677463,0.024609021547164017,0.2556252324627781,0.22054670207651045,0.2199501351338828,0.2604769395844023,0.014956773958584038,0.0,0.6664705952753381
0.005083341357238438,0.03285243421640407,0.3479950735454628,0.28237531381348363,0.215384435873438,0.11630940119395972,0.0,0.0,0.1825512867057529
0.003635869172715667,0.021758461989275852,0.21582547727232582,0.21060020596120227,0.24860162495183846,0.2870279600176901,0.012550400634953413,0.0,0.657094890058308
0.0034645269839282677,0.02304877836686705,0.2613585357754455,0.23174172126122292,0.21832609458762872,0.24706925244864383,0.014991090576263782,0.0,0.8800014866077641
0.005119014755124354,0.033083973166795164,0.3482226524536193,0.27985564905872684,0.2133888430907969,0.12032986747492437,0.0,0.0,0.17223985083094492
0.003631239127925169,0.02173117026614492,0.21410946784446955,0.20834697906475233,0.24818922401416432,0.29166206930681615,0.012329850375729073,0.0,0.6595866114621348
0.003424697221370558,0.02278409001696446,0.2581317763248769,0.22756657529838775,0.21405897490905915,0.2563414509247971,0.017692435304544996,0.0,0.9053215825650632
0.00402986024644894,0.026963904279157246,0.31866173543537263,0.2880977022942113,0.23424026927422367,0.1280065284705844,0.0,0.0,0.5693613966537587
0.004739276648359379,0.03116582653311138,0.34036131780672974,0.27908437303246453,0.21595025252390643,0.12869895345541982,0.0,0.0,0.28997226839535345
0.005200323797272265,0.036169586943483746,0.41770544597339276,0.3222521985441414,0.183124534298075,0.03554791044362539,0.0,0.0,0.23108420443254904
0.004247139527588465,0.028177598449324444,0.3242475234910367,0.2831974608527516,0.22728773240181288,0.1328425452774792,0.0,0.0,0.4738748636110661
0.0048927066357321615,0.03189816637527421,0.34145248097299147,0.27623229079825146,0.21524202806336393,0.13028232715437507,0.0,0.0,0.24020322016844287
0.005468887443991432,0.03774486722480857,0.42773781733195526,0.31913334630013945,0.1726400450840245,0.037275036615069576,0.0,0.0,0.15603854705198608
0.004276988876625227,0.028376460941721842,0.3244128427233713,0.28028963267754864,0.22498401159363912,0.13766006318708665,0.0,0.0,0.4615150893682869
0.004878553684321095,0.03180683942374744,0.33837075539792877,0.2724927593103094,0.2161529552293854,0.1362981369542953,0.0,0.0,0.24466303753363106
0.005562258781214719,0.038390310738179924,0.4324507983641777,0.31863495048397117,0.16913494833336723,0.0358267332990736,0.0,0.0,0.1316452157131689
0.004895075298963626,0.0319129223309308,0.3457477163558559,0.28801679219297804,0.22108217611324438,0.10834531770801606,0.0,0.0,0.23945933638931774
0.0035724695145746585,0.02159392249102933,0.2179132713958943,0.21243458679145344,0.24866778056426933,0.2831106985391093,0.012707270703674582,0.0,0.6917755636894565
0.003843677843891653,0.024663396044081822,0.25642917791113073,0.22199072627484087,0.22117333106472267,0.2584490340879126,0.013450656773418775,0.0,0.6621371815198562
0.005151283730099514,0.03329199946429577,0.3523710200987576,0.2852677073728579,0.21595298363390678,0.10796500570007159,0.0,0.0,0.1630354898861495
0.003587813653572623,0.021470824333635685,0.2127273827304681,0.20727548506385912,0.24569023984782726,0.2931752387851408,0.015635963066460937,4.3705251903816466E-4,0.6832696396104719
0.0034690298879036137,0.023079175578338194,0.2615131664366254,0.23141254027667424,0.21762789671924587,0.24621087641725775,0.016305244393063155,3.82070290890929E-4,0.8771755367260683
0.005161656389121088,0.033360034911243897,0.35117644299028017,0.28302173515068996,0.21579612166226048,0.1114840088963929,0.0,0.0,0.16010124832975142
0.003586433341730076,0.02146297516705212,0.21146278362297707,0.2062375459490886,0.2462487922689077,0.29520875850102296,0.01535582677402867,4.368843751973488E-4,0.6840318273530731
0.0034374591696774005,0.022869430011096495,0.2589114662234012,0.22801714110675517,0.21505818268713972,0.25378535318738615,0.017542374443736984,3.7859317080661217E-4,0.8971448270805912
0.004920402754099378,0.03207759328858776,0.34717425547825376,0.2877611176149156,0.21928845325629318,0.10877817760783895,0.0,0.0,0.23154996718832363
0.003591136778093015,0.02170681214743266,0.2188178887089613,0.21259538056025118,0.2484380018341259,0.28235536452875837,0.012495415442380416,0.0,0.6814370628376168
0.003835195236677464,0.024609021547164028,0.25562523246277813,0.22054670207651056,0.21995013513388295,0.26047693958440243,0.014956773958584043,0.0,0.6664705952753375
0.005083341357238438,0.032852434216404075,0.34799507354546294,0.28237531381348374,0.21538443587343803,0.11630940119395974,0.0,0.0,0.18255128670575274
0.0036358691727156624,0.021758461989275824,0.2158254772723255,0.21060020596120196,0.24860162495183816,0.28702796001768976,0.012550400634953397,0.0,0.6570948900583103
0.0034645269839282677,0.02304877836686705,0.2613585357754456,0.23174172126122297,0.2183260945876287,0.24706925244864383,0.014991090576263782,0.0,0.8800014866077641
0.0051190147551243535,0.03308397316679516,0.34822265245361905,0.27985564905872684,0.2133888430907969,0.12032986747492434,0.0,0.0,0.17223985083094526
0.0036312391279251675,0.021731170266144913,0.21410946784446946,0.2083469790647523,0.2481892240141643,0.29166206930681604,0.012329850375729067,0.0,0.6595866114621355
0.0034246972213705573,0.022784090016964454,0.25813177632487677,0.2275665752983877,0.21405897490905912,0.256341450924797,0.01769243530454499,0.0,0.9053215825650639
0.003967108173286819,0.026772776867486834,0.3252337325089353,0.297780964611756,0.23491216841379897,0.11133324942473463,0.0,0.0,0.5988853407036587
0.004716765306532,0.03128976489833873,0.3518680529424781,0.290823269943208,0.21328153297316169,0.10802061393627634,0.0,0.0,0.2975467929500787
0.005103973755192565,0.035777992490469146,0.4253179783591598,0.3315958353556602,0.17726488258970782,0.024939337449803672,0.0,0.0,0.2599325427223463
0.004181511294735077,0.02798329985646329,0.32988324920869594,0.2922667572674464,0.2272116611044363,0.11847352126821847,0.0,0.0,0.5016701549678978
0.004829150490635908,0.031762264787768786,0.34868702333550583,0.2841791342094307,0.2113443730450742,0.11919805413157683,0.0,0.0,0.26043564591720514
0.005409325142524341,0.03762899250432415,0.43782001541693616,0.3317737426676181,0.16868262489850472,0.018685299370084722,0.0,0.0,0.17203917807056132
0.004160168874616328,0.02784127791601057,0.3284788139823127,0.29185638155870086,0.22800310859658432,0.11966024907177056,0.0,0.0,0.5108982010242542
0.0047900764229075335,0.03150619360126746,0.3461971933379887,0.283150661269294,0.21259521125678482,0.12176066411174713,0.0,0.0,0.27314097055759406
0.0054233120787539795,0.037727283001711874,0.4389860490381474,0.33266864459329765,0.16803033518683652,0.017164376101239148,0.0,0.0,0.16825019535837016
0.004836302489501566,0.03180862649901418,0.3547664159442915,0.29738281126860844,0.21944749047310352,0.09175835332547254,0.0,0.0,0.25813232970465905
0.0035814664194814844,0.021868293827932993,0.2271891889771616,0.22174868137150183,0.2547732899246575,0.26327708908914293,0.007561990390123102,0.0,0.6867793488722421
0.003479701417734422,0.02334578986901124,0.2709671045271057,0.24296091162074857,0.22633193886900518,0.22657543285358805,0.006339120842804773,0.0,0.8704697357243734
0.005069004835895085,0.03305252805802732,0.3586924321259455,0.29220020624076476,0.2134755725212104,0.0975102562181497,0.0,0.0,0.18673615822289255
0.0036167072435958655,0.02186588828847555,0.22184037873547674,0.21552728969909266,0.25223532058940623,0.2773905412477105,0.007523874196242741,0.0,0.6674485766172114
0.003506217026073936,0.023325922734874844,0.2672216337675777,0.2373555362629339,0.22056407545924572,0.2373022637131934,0.010724351036098891,0.0,0.8540775441261366
0.005028928700081093,0.032792183747900654,0.3565066194799723,0.29219826272243443,0.21525369302418307,0.09822031232541882,0.0,0.0,0.19856107190679054
0.0032632607517263244,0.020539353148949318,0.22363086756490863,0.2196300502378925,0.25293155335729867,0.2733896785363031,0.006615236402924855,0.0,0.8838522700792035
0.00343166922325064,0.023028447087825036,0.2670895702047559,0.2378522645206943,0.22004858081889522,0.23805331671477994,0.010496151429799226,0.0,0.9008469883808277
0.004861740195491892,0.031975488344705705,0.3562620964417675,0.2971817312690988,0.21765289324346812,0.0920660505054585,0.0,0.0,0.24999497844129215
0.00557094073179078,0.035999468620430915,0.37419876230001287,0.2880799634269408,0.2041523677354286,0.09199849718538197,0.0,0.0,0.0530435687868867
0.0060204121736853675,0.04122356855768662,0.45599674600435436,0.32660763861532804,0.15634600702675566,0.013805627622179335,0.0,0.0,0.022917264912283724
0.0050703610889647225,0.03306090916346716,0.35874001435264824,0.29218456678127985,0.21343491847472956,0.09750923013890059,0.0,0.0,0.1863392505789293
0.003640325518771173,0.022008735103499884,0.22329449683710226,0.21698585783666555,0.252744844172638,0.27373058225386765,0.007595158277454108,0.0,0.6547026330905452
0.003509613583137635,0.0233482759397098,0.26745425884107427,0.23757591785884014,0.22041182505424242,0.23681331117417284,0.010886797548824217,0.0,0.8519956577682682
0.005055193429265857,0.03296298743862309,0.3579982171051793,0.29194677884157233,0.2134034681453129,0.09863335504003685,0.0,0.0,0.19079019563052996
0.00328086443257699,0.020649911899797434,0.2245979855027207,0.21991015021148047,0.25233937376894905,0.2724995678116812,0.006722146372796565,0.0,0.8721502053254471
0.0034275604247836003,0.023000439656490304,0.26673618106855157,0.2373239428693423,0.2184919855913472,0.23890621402583892,0.01211367636364659,0.0,0.9034817908390674
0.00400598573169704,0.0270359519761293,0.3267264115209628,0.29678390295535956,0.2330247522827024,0.1124229955331485,0.0,0.0,0.5804849999804376
0.0047386597471787304,0.03143595615638636,0.3517888992356152,0.2894268342682426,0.212663729701915,0.10994592089065497,0.0,0.0,0.29017888172574047
0.005157407067900292,0.03615352891588553,0.4280111626101294,0.3315784295282097,0.1753673994387502,0.023732072439118325,0.0,0.0,0.24380084898975163
0.004229743336946732,0.0283069233171917,0.33290058544934487,0.29132340736618156,0.22462319847119294,0.11861614205913852,0.0,0.0,0.48115859527931626
0.004883376456325662,0.03211989790480986,0.3520147558692934,0.28477790481584553,0.21065983876635422,0.11554422618736376,0.0,0.0,0.24314040269949563
0.0054533033453248655,0.03793595297338153,0.440417474572362,0.3291984705066011,0.1643746275839571,0.02262017101836466,0.0,0.0,0.16019124897867182
0.004252793907978024,0.028462008457537963,0.3331540432075248,0.2897864854461569,0.22331628664746345,0.12102838233333454,0.0,0.0,0.47152022381877545
0.004867570719259273,0.032016878891640996,0.3494055383970211,0.28226601059191686,0.2112820933158816,0.1201619080842698,0.0,0.0,0.2481418143495412
0.005530132800055578,0.038471430215769854,0.4447130659518269,0.33005093210065306,0.16148980448045064,0.019744634451231518,0.0,0.0,0.13994520174067146
0.0048950074964445025,0.032195713239863526,0.356986994159646,0.29616479244341504,0.2169371956257803,0.09282029703484318,0.0,0.0,0.23948061990732655
0.003571899660091681,0.02181007044173179,0.22517221929845027,0.2188064332384452,0.2527144834576257,0.27038310298886065,0.007541790914797352,0.0,0.6920928662487583
0.0034829574387740814,0.02336826506894884,0.27016609083405163,0.24126341191407186,0.22419532638670445,0.229742844140692,0.007781104216756757,0.0,0.8684433913475234
0.005140780242212177,0.03352157068905745,0.3631441609632511,0.2932385675757605,0.21214381939449353,0.09281110113521863,0.0,0.0,0.16601880653650644
0.003581275278446776,0.02165186509047973,0.21941884386502003,0.21280995302524008,0.24951633789951552,0.28310824529153245,0.009913479549767715,0.0,0.6868852334556182
0.0035117787088394764,0.023363558446893428,0.26742790547333206,0.23598203835815865,0.21834177914058867,0.23987346131751175,0.011499478554675232,0.0,0.8506706669389982
0.005165517877021301,0.033683876996587585,0.36331764031846353,0.2918855162526819,0.21123400613102256,0.0947134424242147,0.0,0.0,0.15901191186250704
0.003255638275625724,0.02049200057227108,0.22161537335231216,0.2156005753479642,0.24950494705920712,0.28069606789543994,0.008835397497183756,0.0,0.8889585806054732
0.003442839764459113,0.023103987272604282,0.267311527268874,0.23508195001193447,0.21584546764897017,0.24252120320271867,0.012693024830439204,0.0,0.8937155728199466
0.004896732030281752,0.032206609407449384,0.3570632851107739,0.29616055932244717,0.2168856081984067,0.09278720593063176,0.0,0.0,0.23893946407429092
0.0035931183727766908,0.02193968693533997,0.22651600656891016,0.22016000424990614,0.2531330277306766,0.2669970798551168,0.007661076287275615,0.0,0.680345902065346
0.003484539032935639,0.023378635043185342,0.2702612154886053,0.2413544308450772,0.22395163549703048,0.22958361158834042,0.007985932504825816,0.0,0.867460472296923
0.005069214621992721,0.03305444930639838,0.35836274785515976,0.2900304551191228,0.21145824563743892,0.1020248874598778,0.0,0.0,0.1866747504080788
0.0032728026836722,0.02059912930119747,0.2240487800117413,0.21987394883023864,0.2522231585044274,0.27326168531026956,0.006720495358458333,0.0,0.8774936366600135
0.0034603725409117474,0.023220912055374805,0.26886136467140487,0.23773389936602146,0.21868851279094859,0.23735104707884486,0.01068389149649409,0.0,0.8826152710014916
0.005093486569372194,0.03321370285132268,0.35852211749391205,0.2886852110228087,0.21056141991221333,0.10392406215036173,0.0,0.0,0.17960410429899934
0.003278744983523885,0.020637200618849043,0.22339992256364552,0.21855967149705016,0.25190704687584287,0.27555911352046975,0.006658299940622513,0.0,0.8735524575273417
0.0034378945362442182,0.02307036477907665,0.26711070700441986,0.2353693951195729,0.2162295545393312,0.2427501460392074,0.012031937982148957,0.0,0.8968669525535358
0.004013946312001698,0.027089901954343014,0.3271276796920189,0.2965661343208166,0.23202775886436816,0.1131745788564495,0.0,0.0,0.5767613050484218
0.004735007889800458,0.031411995285092496,0.35122745072204287,0.2885741981191021,0.21213459360834294,0.11191675437561105,0.0,0.0,0.29140306910680613
0.00518056792255244,0.0363161617141299,0.4296298769685938,0.3320970584664366,0.17442107407321414,0.0223552608550667,0.0,0.0,0.23691189142243443
0.0042295274450069665,0.028305715479553455,0.332890049242622,0.29131654305439125,0.22462382634515776,0.11863433843326274,0.0,0.0,0.48124936497709536
0.004883001981656611,0.032117708438814604,0.3519976998284771,0.2847712528183273,0.2106643174103653,0.11556601952235138,0.0,0.0,0.24325852330468872
0.005453250166244787,0.03793587222736131,0.44042057145987196,0.3292006373416453,0.1643725259138421,0.022617142891025926,0.0,0.0,0.1602054602671216
0.004261721913683695,0.028521998315293028,0.333589308444714,0.2895387558643477,0.22223932774319527,0.12184888771876004,0.0,0.0,0.4678150777179937
0.004863694588649271,0.03199165581831081,0.3488278539127332,0.28139422937067116,0.21074035421527243,0.12218221209435254,0.0,0.0,0.24937330228073748
0.005556735385587909,0.03865679089054019,0.44652589547426236,0.3305990006673331,0.16041102816108602,0.018250549421177445,0.0,0.0,0.13306539429053993
0.004883557619912949,0.03212067811364753,0.35615785490448587,0.2961105302315501,0.21742806189642533,0.09329931723397072,0.0,0.0,0.2430832647417145
0.003571289180121362,0.02180646150630587,0.225132492553777,0.2189685928457155,0.25299603129917697,0.27002371582015694,0.007501416794750813,0.0,0.6924329019669235
0.0034760835513177983,0.023322340210095372,0.26963411964453476,0.24098864270505013,0.22388621910238185,0.2309268471843545,0.007765747602266968,0.0,0.8727257224563986
0.005140461336937756,0.033519779225975675,0.3631294793800609,0.29323010605792693,0.21214535664765838,0.0928348173514328,0.0,0.0,0.16610957623428282
0.0032510447224781648,0.020462615213708273,0.22234965905720788,0.21695958919814803,0.24978585771110695,0.2782651770836622,0.008926057013692376,0.0,0.8920473730737593
0.003465793561925025,0.023257815033076664,0.26909623846860287,0.23744377718659207,0.21823824851932275,0.23714942664886343,0.011348700581617103,0.0,0.8792058604376699
0.005152703707420207,0.033600605664118065,0.36242155756732797,0.29183667624035253,0.21176864614811344,0.09521981067265937,0.0,0.0,0.16263310552812826
0.0032558767118495324,0.020493694166070733,0.22163314216672603,0.2158172501052521,0.24939480044586185,0.28059205970820406,0.008813176696039718,0.0,0.8887984894969984
0.003435996743142332,0.023058150005445036,0.26677907165867953,0.23481534692746084,0.21556502373644829,0.2436786148762055,0.012667796052618705,0.0,0.8980787424576916
0.0049087240985244964,0.032285758249667285,0.35763195757176586,0.2958948931035493,0.21562844127484282,0.09365022570164094,0.0,0.0,0.2351868884454479
0.0035889323077577607,0.021914245948907306,0.22601050888319638,0.21910120774397815,0.2521369087842698,0.26959604537357323,0.0076521509583199945,0.0,0.6826523654545861
0.0034719028639042205,0.023294049853357663,0.2690623459807375,0.23999711112369937,0.22232649820873668,0.23239033354961078,0.009457758419955031,0.0,0.875338522200319
0.0050690953941578375,0.03305395589542755,0.3583591386665896,0.2900280644163057,0.21146084145429334,0.10202890417321622,0.0,0.0,0.18670964971785342
0.003274696457120683,0.020611242690914695,0.22417977844064463,0.2199682449084584,0.2522191617708074,0.27302249162841746,0.0067243841036411685,0.0,0.8762360549155395
0.003461285039801073,0.023227120461689208,0.2689309102618758,0.23776453870980485,0.21863676690479283,0.23729266978752267,0.010686708834514481,0.0,0.8820406309642238
0.005106437308603252,0.03329843839624366,0.3591150474704109,0.2883905091792732,0.20923836534516022,0.10485120230029858,0.0,0.0,0.17585893277762038
0.0032777863623039485,0.020631360928341457,0.22311616096392567,0.21778154679186015,0.25077265356673006,0.27776413816291917,0.006656353223923332,0.0,0.8741872880929059
0.003424104217242234,0.02297790749237688,0.2660373090490763,0.23439855958468506,0.21456450740655567,0.24513383937185748,0.013463772878207696,0.0,0.9057030103451496
0.004013946312001704,0.027089901954343052,0.32712767969201945,0.2965661343208173,0.23202775886436844,0.11317457885644967,0.0,0.0,0.5767613050484192
0.004735007889800459,0.0314119952850925,0.35122745072204287,0.28857419811910245,0.21213459360834291,0.11191675437561108,0.0,0.0,0.2914030691068058
0.005180567922552435,0.036316161714129866,0.4296298769685935,0.33209705846643645,0.17442107407321397,0.02235526085506668,0.0,0.0,0.23691189142243596
0.004229527445006971,0.02830571547955348,0.33289004924262233,0.29131654305439186,0.22462382634515804,0.11863433843326285,0.0,0.0,0.48124936497709364
0.004883001981656606,0.03211770843881458,0.35199769982847673,0.28477125281832716,0.21066431741036507,0.11556601952235128,0.0,0.0,0.24325852330469008
0.005453250166244785,0.0379358722273613,0.44042057145987173,0.32920063734164523,0.16437252591384205,0.022617142891025916,0.0,0.0,0.16020546026712212
0.004261721913683697,0.028521998315293038,0.3335893084447139,0.2895387558643481,0.22223932774319524,0.12184888771876008,0.0,0.0,0.467815077717993
0.00486369458864927,0.0319916558183108,0.3488278539127332,0.2813942293706711,0.21074035421527237,0.12218221209435251,0.0,0.0,0.24937330228073784
0.005556735385587907,0.03865679089054017,0.44652589547426197,0.3305990006673329,0.16041102816108596,0.018250549421177438,0.0,0.0,0.13306539429054046
0.004883557619912948,0.03212067811364752,0.35615785490448587,0.29611053023155015,0.21742806189642522,0.0932993172339707,0.0,0.0,0.24308326474171482
0.003571289180121363,0.02180646150630588,0.22513249255377693,0.21896859284571565,0.2529960312991772,0.270023715820157,0.007501416794750816,0.0,0.6924329019669229
0.003476083551317802,0.023322340210095396,0.2696341196445351,0.24098864270505033,0.2238862191023821,0.23092684718435474,0.007765747602266977,0.0,0.8727257224563961
0.005140461336937753,0.033519779225975654,0.3631294793800607,0.2932301060579269,0.21214535664765824,0.09283481735143274,0.0,0.0,0.16610957623428368
0.0032510447224781674,0.020462615213708287,0.22234965905720794,0.21695958919814828,0.2497858577111071,0.27826517708366244,0.008926057013692383,0.0,0.8920473730737576
0.0034657935619250265,0.023257815033076674,0.2690962384686031,0.23744377718659224,0.21823824851932283,0.23714942664886354,0.011348700581617108,0.0,0.8792058604376688
0.005152703707420203,0.03360060566411804,0.3624215575673277,0.2918366762403525,0.21176864614811322,0.09521981067265929,0.0,0.0,0.16263310552812946
0.003255876711849538,0.020493694166070768,0.22163314216672642,0.2158172501052525,0.24939480044586226,0.28059205970820456,0.008813176696039733,0.0,0.8887984894969946
0.0034359967431423343,0.023058150005445054,0.2667790716586798,0.23481534692746092,0.21556502373644848,0.24367861487620565,0.012667796052618712,0.0,0.8980787424576903
0.004908724098524498,0.03228575824966729,0.35763195757176597,0.2958948931035496,0.21562844127484285,0.09365022570164097,0.0,0.0,0.23518688844544738
0.0035889323077577615,0.02191424594890731,0.22601050888319635,0.2191012077439784,0.2521369087842699,0.26959604537357323,0.007652150958319995,0.0,0.6826523654545857
0.0034719028639042227,0.02329404985335768,0.26906234598073775,0.2399971111236994,0.2223264982087368,0.23239033354961092,0.009457758419955036,0.0,0.8753385222003177
0.0050690953941578375,0.03305395589542755,0.35835913866658947,0.2900280644163057,0.2114608414542933,0.10202890417321622,0.0,0.0,0.18670964971785342
0.0032746964571206834,0.0206112426909147,0.22417977844064454,0.21996824490845857,0.2522191617708074,0.27302249162841746,0.006724384103641169,0.0,0.8762360549155391
0.003461285039801073,0.023227120461689208,0.2689309102618758,0.2377645387098048,0.21863676690479283,0.23729266978752267,0.010686708834514481,0.0,0.8820406309642238
0.00510643730860325,0.033298438396243656,0.35911504747041073,0.28839050917927334,0.20923836534516022,0.10485120230029855,0.0,0.0,0.17585893277762074
0.0032777863623039485,0.020631360928341457,0.22311616096392553,0.21778154679186035,0.25077265356673,0.27776413816291917,0.006656353223923332,0.0,0.8741872880929059
0.0034241042172422358,0.02297790749237689,0.2660373090490762,0.23439855958468517,0.21456450740655572,0.2451338393718576,0.013463772878207702,0.0,0.9057030103451486
0.00360639550757833,0.024740541035122136,0.3136220943715015,0.2966362031168976,0.23920623809583857,0.12218852787305808,0.0,0.0,0.7885228834227672
0.004350999916577423,0.02934849726306024,0.34355308242560106,0.2909031270301262,0.2141434535487731,0.11770083981585917,0.0,0.0,0.4316007349825554
0.004723925964848463,0.0336124251333344,0.41343964893464114,0.3321003531670997,0.1855883397691368,0.030535307030937053,0.0,0.0,0.38519888848913736
0.003819499960075047,0.02598652779617969,0.3186946127535629,0.2914203965482547,0.23117617159798523,0.12890279134394378,0.0,0.0,0.6721577199621314
0.004465339723589795,0.0298672814803018,0.3399497972044226,0.28304826064928423,0.21230985384818404,0.13035946709421026,0.0,0.0,0.3873353549016375
0.005038877454360385,0.03558377947504692,0.42718520221265216,0.3337516644583892,0.17671734209532405,0.02172313430421888,0.0,0.0,0.2800476240505852
0.003800979980014793,0.025861259648370823,0.3174073923011343,0.2909843644738444,0.23232874954128074,0.12961725405535016,0.0,0.0,0.6817528031897073
0.00442788648388197,0.029617624818599062,0.33740871369891606,0.2818411821483507,0.21384485044434598,0.13285974240589812,0.0,0.0,0.4015831850570004
0.005056323791387545,0.03570790854582271,0.42869956587468677,0.33462642702716106,0.17630895274184882,0.019600822019078906,0.0,0.0,0.27460581502992465
0.004472764281640543,0.02991631467383728,0.34594058504439107,0.2971388911904415,0.22256491785075558,0.09996652695892941,0.0,0.0,0.38453926961721885
0.005218338460293093,0.0343032534827072,0.3688023369825755,0.289162876111262,0.20493809991689002,0.0975750950462641,0.0,0.0,0.14427293275850572
0.00384083149967783,0.0252969096767732,0.27599681616781135,0.23660725228451235,0.22559629795107994,0.23030323389072171,0.002358658529417243,0.0,0.6635891274428213
0.0047117325404026555,0.03124827135884649,0.3504661213509319,0.29211721625240106,0.21604834326260286,0.10540831523480769,0.0,0.0,0.29925009698554605
0.00534111608270465,0.03480836476096741,0.36502900115409426,0.28302563558790855,0.2045008971908437,0.10729498522347562,0.0,0.0,0.11113958784046125
0.0038387458325094773,0.025065278283007423,0.267062397124405,0.2270779392585809,0.2192498096436894,0.24815351730982074,0.00955231254798297,0.0,0.6646544120449607
0.0046727712810312565,0.03099078366889293,0.3481753672302666,0.2921401246498841,0.21809637689628195,0.10592457627363513,0.0,0.0,0.3125604065385028
0.003620941864917594,0.022320749799955356,0.23076744260472967,0.22240134505843828,0.2571822881242891,0.26121228656420586,0.0024949459834613438,0.0,0.6651510684731874
0.0037997393912256303,0.024810994800707552,0.2643453215884134,0.22461811251990457,0.21828264245378648,0.25468794009700724,0.009455249148949784,0.0,0.6847929722750228
0.00449923028573578,0.03009292362435691,0.3476447036577747,0.2969550140356917,0.2208101302815139,0.09999799811492092,0.0,0.0,0.37464726147303573
0.005228551142544385,0.03436991074906176,0.3691423266829109,0.2878944346852579,0.20377387456674084,0.09959090217347191,0.0,0.0,0.14145755588453957
0.005668134471665323,0.03940956060023127,0.44808026582630894,0.3274176774601604,0.16237510287382279,0.017049258767800387,0.0,0.0,0.10495742445751596
0.004713121032243166,0.0312570500667153,0.3505241369514148,0.2921056114064574,0.21599901799711343,0.1054010625460478,0.0,0.0,0.29877980840558666
0.005341651722544316,0.03481136845346092,0.36502997048861946,0.2830017897505306,0.20449443606313888,0.10732078352169515,0.0,0.0,0.11099837453811727
0.0038433832156956724,0.025095613537582516,0.2673882367850686,0.22740470920053,0.21917171957661724,0.24747584111223975,0.009620496572262601,0.0,0.6622873742440817
0.00470044210015789,0.031173873621180678,0.3498922072921133,0.29189556704738817,0.21627615904214426,0.10606175089700615,0.0,0.0,0.3030845362449064
0.003646435529335613,0.022477957190205483,0.2321530929482977,0.22274446933018666,0.25619935220534185,0.2602446054655516,0.002534087331076882,0.0,0.6514321599302321
0.0037885832520151087,0.024738203485710163,0.26333251449594797,0.2227612245396807,0.21603553088571562,0.2573781275881093,0.011965815752816291,0.0,0.6906290159906655
0.0036448266733115344,0.02500491617393162,0.31519774865236305,0.29576787072741423,0.23718416171690435,0.12320047605607193,0.0,0.0,0.7665319508222936
0.004373213946358698,0.02949921216801916,0.3434573158586459,0.28928374429680737,0.21345240090482254,0.11993411282534609,0.0,0.0,0.4228196561967861
0.00477859941267632,0.03400235241056212,0.4163157661949392,0.33242888061491366,0.18363388382400414,0.028840517542902375,0.0,0.0,0.3659511164627473
0.003867101681557406,0.026311167841984492,0.32194758412018953,0.2908577540768375,0.22819602891832297,0.12882036336110722,0.0,0.0,0.6479172586246135
0.0045203418058286805,0.03023607909086625,0.34359487359214674,0.28384300325848766,0.21145805940361284,0.1263476428490529,0.0,0.0,0.3668396115797924
0.005083750496792096,0.03590162999282536,0.4300942502815612,0.33149751966475044,0.17162821899484132,0.025794630569221388,0.0,0.0,0.26612647114661586
0.003892973122922366,0.02648794621434602,0.3224343498157527,0.2894270072759624,0.22708762262139434,0.1306701009496169,0.0,0.0,0.6349912645795421
0.004506583427012785,0.030144922518922708,0.3409126829914229,0.280904302307689,0.21229305217768135,0.13123845657726363,0.0,0.0,0.3719195552409196
0.0051665594358068076,0.03648737561453907,0.4350167895807899,0.33272509969144176,0.16887260036283472,0.02173157531457308,0.0,0.0,0.24107119034302765
0.004532810741658041,0.030318846648485213,0.3483739000210094,0.2960744922202528,0.21980775382796594,0.100892196540626,0.0,0.0,0.36226240143689525
0.0052511015597693535,0.03451967692666375,0.3688812341080584,0.2872102794590286,0.20403786114198671,0.10009984680448297,0.0,0.0,0.13527976609407755
0.003835519496955824,0.025262116555625533,0.2739487687738707,0.23364431991156012,0.22325707654038798,0.23530050638830807,0.004751692333286297,0.0,0.6663045917401439
0.004785085830019331,0.03173570999847062,0.35533986405913326,0.2934687719487976,0.21433866273158148,0.10033190543198998,0.0,0.0,0.274778655259758
0.005420703350640991,0.0353281256380507,0.3698036282203577,0.2839834871433544,0.2033576273633089,0.1021064282842786,0.0,0.0,0.09046360029369484
0.003830450291352181,0.025011305265855606,0.266235270603783,0.22572496829307492,0.21816216868884575,0.25065907573102086,0.010376761126066319,0.0,0.66890296260821
0.00481316759331893,0.03192288528891336,0.3556634751261869,0.2922937943815387,0.21341333854057604,0.1018933390694582,0.0,0.0,0.2656077125244563
0.0035777470442507077,0.022054673029961603,0.22612814760100233,0.21616150997481318,0.25238273979244036,0.27393110338469523,0.005764079172838487,0.0,0.6888417677120615
0.003789068674533643,0.024741509718444788,0.26171688235379653,0.22065078681962108,0.21552559475806532,0.2609442250280844,0.012631932647450918,0.0,0.6903743647097145
0.004534534154373317,0.030329960625874255,0.3484605581176563,0.2960769324045915,0.21974864200591443,0.10084937269158396,0.0,0.0,0.36163173553242833
0.005251993343635743,0.03452506040534492,0.36890670774663376,0.28719389255498845,0.20402409269234406,0.10009825325704003,0.0,0.0,0.13503654829756837
0.003838055772785804,0.02527887654233219,0.27413392002808895,0.2338535967090615,0.2231026747375098,0.23496262061187415,0.004830255598343555,0.0,0.6650071249080242
0.0047120109172822154,0.03125063190175649,0.3501679203190457,0.29010047810447337,0.2138239284579147,0.10994503029951895,0.0,0.0,0.29915578724115327
0.0036461677432046897,0.0224760833142859,0.23214119281566345,0.22283468314384183,0.2554796772934434,0.2608773048289408,0.0025448908606197306,0.0,0.6515752667346851
0.0038453658085333847,0.025108752878531555,0.2672619391083987,0.22603944802473325,0.21785399483921075,0.25028393127854304,0.009606568062048024,0.0,0.6612771508045137
0.0047394481318858645,0.031433515645671754,0.35046764507233114,0.28892752505517894,0.21291504843618644,0.11151681765873671,0.0,0.0,0.28991484446769317
0.0036382111785813994,0.022427453711418226,0.23019814615799805,0.22061721700583822,0.25561169503662073,0.2650016528973554,0.002505624012185038,0.0,0.6558369231569934
0.0038018169810744877,0.024824807067196974,0.2625856641447574,0.2208373149410261,0.21517243463998115,0.2609049489171557,0.011873013308803864,0.0,0.6837099184137692
0.0036534228752644737,0.02506409414023537,0.31571582818350696,0.2954890327708941,0.23640155254796943,0.12367606948212717,0.0,0.0,0.7616763820578325
0.004370086450547034,0.029478360723902513,0.3429443527749195,0.2882079608233332,0.21294381698961246,0.12205542223768305,0.0,0.0,0.4240505378752072
0.004803214501000277,0.03417775696974915,0.418179474529859,0.3329410134818232,0.18297517659983076,0.02692336391773281,0.0,0.0,0.3574284301670296
0.0038669118492789326,0.026310092921133146,0.3219381046533097,0.290850167301984,0.22819455759140453,0.12884016568288653,0.0,0.0,0.6480127426061837
0.004519984275866534,0.030233940873032706,0.34357752326489016,0.28383510959652103,0.21146139256934465,0.12637204942033822,0.0,0.0,0.3669712293615445
0.00508372717422558,0.0359017348863325,0.43009969380890106,0.3315000921089321,0.1716243503989156,0.02579040162268386,0.0,0.0,0.26613364277188634
0.0039027456650408856,0.026554657661987367,0.3230020698010827,0.28911090141689255,0.22622812106766094,0.13120150438732994,0.0,0.0,0.6301532606266207
0.004503250158129889,0.030122878321787474,0.34038363407863576,0.2797999916066011,0.21177040775073855,0.13341983808409963,0.0,0.0,0.37315495406393423
0.00519531859995571,0.036690754654012274,0.4371332978680168,0.33327910903089136,0.16808060645180659,0.019620913395303384,0.0,0.0,0.23255647063860227
0.004521644444661723,0.0302444114123391,0.3475216666835487,0.2959359654102448,0.22048693800777844,0.10128937404142302,0.0,0.0,0.36636024620635566
0.005237957530604323,0.0344335642347218,0.3679673852157238,0.2871823864981203,0.20457772161153717,0.1006009849092839,0.0,0.0,0.1388741664343238
0.0038252515784417893,0.025194608257411277,0.273213849085208,0.23298398259092684,0.222533011392055,0.23751032533147623,0.004738971764476603,0.0,0.6715748691225986
0.004784795178042732,0.031734050431858576,0.35532610617677396,0.29345922571563626,0.21433768387130153,0.10035813862637818,0.0,0.0,0.27487413924132503
0.003587063571823779,0.022111811834392887,0.22813058551107226,0.21838842843857537,0.2522135226073642,0.269741682668444,0.005826905368328394,0.0,0.6836837508654559
0.0038327475018103806,0.02502642528573304,0.2663933928828685,0.22582024684438193,0.21812539054291394,0.2504188126303421,0.010382984311949934,0.0,0.6677246080058066
0.004800525397974882,0.03183930608772436,0.35473438602167395,0.2921537950198523,0.21415369214433513,0.10231829532843087,0.0,0.0,0.2697231221054517
0.003575388084267356,0.02204025025121157,0.22597718852675663,0.21621994613378442,0.2528159963114533,0.2736208921306611,0.005750338561868349,0.0,0.690152050817799
0.00377895106518278,0.024675563159645583,0.26101546389292285,0.22002854783553352,0.21484190735525074,0.26306136395783825,0.012598202733624785,0.0,0.6956955627171773
0.004547931721085594,0.03041982723199436,0.34920705681581976,0.2957329035547118,0.21872537808073975,0.10136690259564132,0.0,0.0,0.35674532852334034
0.005247665304245576,0.03449690318124326,0.3682781980449101,0.28590699551685184,0.2034202947181765,0.10264994323456197,0.0,0.0,0.13621771510218256
0.003812601334447565,0.02511134357773967,0.2720733592712472,0.23101132589085224,0.2202027561200284,0.240492164308366,0.007296449497316001,0.0,0.6781069681673658
0.00471190290672769,0.03125017957760285,0.3501646110018384,0.29009701756055706,0.21382589714136924,0.10995039181189564,0.0,0.0,0.2991923782091172
0.0036485012932478546,0.022490589253726906,0.2322878553324585,0.2229357167760056,0.2554701426575544,0.26062067509435966,0.002546519592646313,0.0,0.6503289071512652
0.003846523449992453,0.025116432418063318,0.26733976136078125,0.22607089772367256,0.21779675559992415,0.2502201693429864,0.009609460104579663,0.0,0.6606877600964463
0.004754064857257854,0.03153072475839503,0.3512518051290751,0.28854606994189463,0.2118258598439514,0.11209147546941622,0.0,0.0,0.2850354319771886
0.00362940379755424,0.022373281930131515,0.22939602928265163,0.21902020615091553,0.2542898528308842,0.2687916676098749,0.0024995583979853923,0.0,0.6605760788855654
0.003776687545635622,0.02466083724457508,0.2606090972177402,0.21810072854076695,0.21235771295807096,0.26622570599826506,0.014269230494943408,0.0,0.6968899280320835
0.003653422875264478,0.0250640941402354,0.3157158281835074,0.2954890327708943,0.23640155254796974,0.12367606948212737,0.0,0.0,0.7616763820578301
0.004370086450547038,0.029478360723902537,0.34294435277492,0.2882079608233335,0.2129438169896126,0.12205542223768315,0.0,0.0,0.42405053787520586
0.004803214501000275,0.03417775696974914,0.4181794745298589,0.332941013481823,0.18297517659983067,0.026923363917732798,0.0,0.0,0.35742843016703024
0.00386691184927894,0.026310092921133198,0.3219381046533104,0.29085016730198515,0.228194557591405,0.12884016568288678,0.0,0.0,0.6480127426061799
0.004519984275866531,0.03023394087303269,0.34357752326489027,0.283835109596521,0.21146139256934446,0.12637204942033814,0.0,0.0,0.3669712293615455
0.00508372717422558,0.0359017348863325,0.43009969380890134,0.33150009210893217,0.17162435039891563,0.02579040162268386,0.0,0.0,0.26613364277188634
0.0039027456650408943,0.026554657661987422,0.32300206980108337,0.28911090141689333,0.2262281210676614,0.13120150438733022,0.0,0.0,0.6301532606266167
0.004503250158129886,0.030122878321787457,0.34038363407863587,0.27979999160660096,0.21177040775073838,0.13341983808409955,0.0,0.0,0.3731549540639353
0.005195318599955706,0.036690754654012246,0.4371332978680166,0.33327910903089075,0.16808060645180645,0.019620913395303367,0.0,0.0,0.23255647063860363
0.0045216444446617285,0.030244411412339137,0.3475216666835493,0.29593596541024497,0.22048693800777866,0.10128937404142314,0.0,0.0,0.3663602462063536
0.005237957530604316,0.03443356423472175,0.3679673852157232,0.28718238649811983,0.2045777216115368,0.10060098490928376,0.0,0.0,0.13887416643432585
0.0038252515784417854,0.02519460825741125,0.27321384908520796,0.23298398259092662,0.22253301139205472,0.23751032533147598,0.004738971764476599,0.0,0.6715748691226007
0.0047847951780427295,0.03173405043185856,0.35532610617677407,0.29345922571563615,0.21433768387130137,0.10035813862637814,0.0,0.0,0.2748741392413257
0.0035870635718237747,0.02211181183439286,0.22813058551107193,0.21838842843857517,0.2522135226073638,0.26974168266844367,0.005826905368328387,0.0,0.6836837508654583
0.0038327475018103733,0.025026425285732994,0.26639339288286784,0.2258202468443814,0.2181253905429136,0.2504188126303416,0.010382984311949915,0.0,0.6677246080058103
0.004800525397974881,0.03183930608772435,0.35473438602167395,0.2921537950198523,0.21415369214433508,0.10231829532843084,0.0,0.0,0.269723122105452
0.003575388084267352,0.022040250251211542,0.22597718852675616,0.21621994613378429,0.252815996311453,0.27362089213066076,0.0057503385618683425,0.0,0.6901520508178014
0.0037789510651827767,0.02467556315964556,0.2610154638929228,0.22002854783553327,0.21484190735525055,0.26306136395783813,0.012598202733624775,0.0,0.6956955627171789
0.0045479317210856025,0.030419827231994417,0.3492070568158207,0.29573290355471227,0.2187253780807401,0.10136690259564152,0.0,0.0,0.3567453285233373
0.005247665304245576,0.03449690318124326,0.3682781980449096,0.2859069955168517,0.20342029471817638,0.10264994323456197,0.0,0.0,0.13621771510218256
0.0038126013344475644,0.025111343577739666,0.2720733592712472,0.2310113258908523,0.2202027561200283,0.24049216430836598,0.007296449497316,0.0,0.6781069681673663
0.004711902906727692,0.031250179577602864,0.3501646110018387,0.29009701756055734,0.21382589714136924,0.10995039181189567,0.0,0.0,0.29919237820911654
0.0036485012932478576,0.022490589253726927,0.23228785533245863,0.2229357167760058,0.2554701426575546,0.2606206750943599,0.002546519592646315,0.0,0.6503289071512636
0.0038465234499924497,0.025116432418063297,0.26733976136078086,0.2260708977236724,0.217796755599924,0.2502201693429862,0.009609460104579654,0.0,0.6606877600964479
0.004754064857257854,0.03153072475839503,0.3512518051290753,0.2885460699418948,0.2118258598439514,0.11209147546941622,0.0,0.0,0.2850354319771886
0.0036294037975542408,0.02237328193013152,0.22939602928265143,0.21902020615091555,0.2542898528308842,0.26879166760987505,0.0024995583979853927,0.0,0.660576078885565
0.003776687545635621,0.02466083724457507,0.26060909721774017,0.21810072854076684,0.21235771295807088,0.26622570599826495,0.014269230494943405,0.0,0.6968899280320842
0.0037698874451584184,0.025652206600127875,0.31858390042276974,0.2973942921512104,0.23766633132849518,0.11693338205223712,0.0,0.0,0.6980736424332206
0.004537862890494647,0.03035624835578891,0.3474472314545495,0.2902280325165933,0.21389274871777353,0.11353787606479743,0.0,0.0,0.36041497351300705
0.004879870066955008,0.03446484452901205,0.41803145721368695,0.3326767250977979,0.18224647233045968,0.02770063076208424,0.0,0.0,0.33143813773486974
0.003979873091670669,0.02685603782632277,0.3237720561286173,0.291795816310792,0.2291802865662991,0.12441593007629535,0.0,0.0,0.5928041993400368
0.004631246297675841,0.03071909681068122,0.3435042630702846,0.2831809914659954,0.21217959452751595,0.12578480782784016,0.0,0.0,0.3269931000185171
0.005197921098306351,0.03643298062951779,0.43252733768426177,0.33349160156652013,0.1721735502587431,0.020176608762642455,0.0,0.0,0.2317905984372901
0.003957650785835962,0.026706848077566746,0.32222819158292787,0.29143819633198464,0.23025827370873916,0.12541083951294224,0.0,0.0,0.6034160895840398
0.004588177494702439,0.03043430859174221,0.3406261309764948,0.2820534464669767,0.21396342494594622,0.1283345115241295,0.0,0.0,0.3422383670705749
0.005214794685621516,0.036552204771458,0.4339619245551044,0.3346018051119113,0.1713211444343021,0.01834812644158988,0.0,0.0,0.2268435263610647
0.004639319308186901,0.030771994409432086,0.34972937174561614,0.29749270005946615,0.2214824987657847,0.09588411571150728,0.0,0.0,0.32416695984462945
0.003622839406150189,0.022335376015349125,0.23403174222640352,0.22718245660244957,0.25756282307267814,0.250232019389309,0.005032743287657895,0.0,0.6641232936512877
0.0038453713251026546,0.025111889045694724,0.27232893825713766,0.23518277088878606,0.22517043116761756,0.23370577601632883,0.004654823299326795,0.0,0.6612743413086978
0.004871505881830701,0.03203662918797228,0.3542914837804111,0.29202191442309994,0.21488947917034248,0.10188898755633513,0.0,0.0,0.24689357605812567
0.003639969616615139,0.02222200234344919,0.22750524738724,0.21979874156576698,0.2545531419086855,0.2672921929383803,0.004988704239858761,0.0,0.6548934733630639
0.0038469309963448804,0.02490371520639553,0.2648201338638658,0.2266208620819826,0.21904793446621937,0.2501156591683626,0.010644764216824067,0.0,0.6604803501938865
0.004829953971853109,0.031764304417943784,0.3518918657061238,0.2920454585240195,0.21701743575919533,0.10245098162085593,0.0,0.0,0.2601765429893022
0.003628707733724145,0.02215366457011786,0.22703025173335603,0.220161309710832,0.25622312571997485,0.2659349379999431,0.004868002532049513,0.0,0.660951604162466
0.003381749194216626,0.022881679933110508,0.2696428968495857,0.2410174427096971,0.2211696076497964,0.23256387763346703,0.009342746030124815,0.0,0.9332922868561094
0.004664651731923526,0.03093959567404329,0.3512811960881379,0.2974113725766748,0.21950943386696195,0.0961937500622523,0.0,0.0,0.3153622798064283
0.005403582375282796,0.03521959078794509,0.3712410897423439,0.2875632670633666,0.20427423885484494,0.09629823117620724,0.0,0.0,0.0948600429002767
0.0058144431234329885,0.04012038682191593,0.45123251018587096,0.32785418315012693,0.15956600661827886,0.015412470100364173,0.0,0.0,0.06967735361538789
0.004872939236516718,0.03204561103926434,0.35434661029868586,0.29200669884615976,0.21484166392275975,0.10188647665660532,0.0,0.0,0.24643941513207024
0.003669457578277394,0.02240208214392963,0.22935325767745354,0.22163138028132423,0.2551125700461456,0.26277640399204355,0.0050548482808211075,0.0,0.6392071013217654
0.003851092889320744,0.02493071322321471,0.26510895966158715,0.22691814368205104,0.21894515381010832,0.24947929991035,0.010766636823365455,0.0,0.6583647783646958
0.004856152872723306,0.03193615926662835,0.3534423652011637,0.2919116359739308,0.21497879933422787,0.10287488735131693,0.0,0.0,0.25177501936412383
0.0036504348597019075,0.02228636669566216,0.2281496210669704,0.22051086306971154,0.25523689860257487,0.2652108859316558,0.0049549297737190075,0.0,0.6492973877923812
0.0033754978075826382,0.022838953182630736,0.26910957933618246,0.240325202060416,0.21923848800575155,0.2338565306645038,0.011255748942933151,0.0,0.9374229605975105
0.003808030379721367,0.025912513196156516,0.3201970646973003,0.2964331614504241,0.23555171701237473,0.11809751326402143,0.0,0.0,0.6780890342559672
0.0045565890396627885,0.030482430708570072,0.3472352505064036,0.2887884164238129,0.21323401920814422,0.11570329411340335,0.0,0.0,0.3536030843795725
0.004935202206645646,0.03485657221715549,0.4210886205542304,0.33280566770082926,0.18006197503411284,0.02625196228702213,0.0,0.0,0.31317934887486015
0.004028080937648274,0.027182149613241367,0.3269441851405118,0.29095789667020727,0.22671449759515835,0.12417319004323103,0.0,0.0,0.5701858640319102
0.004687268608966344,0.03109163236039092,0.347096129580045,0.28381192600245164,0.21148145705871627,0.12183158638942283,0.0,0.0,0.3075818445344108
0.00524201674107026,0.03674304735340942,0.4352724278843159,0.3309275694785357,0.16782742222655198,0.023987516316107304,0.0,0.0,0.21892958171609606
0.004049495038677976,0.02732743879577371,0.32719449314709786,0.28951083377516246,0.2254466105288394,0.12647112871444421,0.0,0.0,0.5603114550492846
0.0046638255477918,0.030937031793246313,0.3439506839835118,0.281161788508046,0.2126088871514043,0.12667778301599078,0.0,0.0,0.3156479241650014
0.005324730797097269,0.03732379267284981,0.440300169841601,0.3321636059838031,0.16437856008469015,0.020509140619945614,0.0,0.0,0.19537957854495303
0.004698009850407011,0.031162222277543342,0.3521526858619742,0.29631516741781877,0.21865181723176477,0.09702009736048753,0.0,0.0,0.30391298540215156
0.0036043461691817914,0.022221554900479827,0.23141454018514707,0.22365096280764127,0.25517308751078616,0.2589284554068165,0.005007053019946394,0.0,0.6741859987328724
0.0038410650394611334,0.02508396085158601,0.2705925113762898,0.2325336708965604,0.22289228406562003,0.23841392319531596,0.006642584575159211,0.0,0.6634699156512446
0.004944643575250504,0.03251859741657426,0.3590078416177115,0.2931008371784168,0.21357916763657936,0.09684891257545994,0.0,0.0,0.22405582366828222
0.0035952743973821756,0.021949330300820077,0.22446275186091352,0.21624034983977858,0.2514954080992372,0.27442928335151584,0.007827602150352428,0.0,0.6791600581388316
0.0038385630279656443,0.024849737374622337,0.26399318143835354,0.22526440524485686,0.2179608697299323,0.2526247527795904,0.011468490404674741,0.0,0.6647478372823782
0.004968043279128381,0.03267344727842553,0.35919103344448666,0.29180733202702464,0.21267596705944924,0.09868417691147793,0.0,0.0,0.2168910855242006
0.0035883190018111723,0.021907278616464666,0.2228465023681305,0.21461429223163345,0.2519057593482143,0.27742948476592416,0.007708363667822379,0.0,0.6829907404410883
0.0033927925859767844,0.022956973112182328,0.269885800103533,0.2378661602988538,0.21632228674734225,0.23769778925543364,0.011878197896675297,0.0,0.9260324387764207
0.004699803899907955,0.031173693757552776,0.3522371529915235,0.29631319123058253,0.21859375395425246,0.09698240416617362,0.0,0.0,0.30330183080227413
0.00363152655060831,0.022389183004249722,0.2331653328024254,0.22539223231693917,0.25565108861037966,0.2546644387997164,0.005106197915680677,0.0,0.6594317460780741
0.0038430446724578367,0.025096944015760913,0.2707348442057544,0.23270752107655068,0.2227085027824149,0.23811630092158434,0.006792842325471417,0.0,0.6624599819891853
0.0048718108811690655,0.0320391667511451,0.35398052598983165,0.28993427737749083,0.21294337886312598,0.10623084013722928,0.0,0.0,0.24679691410452204
0.003652489515846932,0.022298687099865114,0.22828522227209083,0.22048584318675019,0.2543877454916749,0.26592668346939047,0.004963328964380037,0.0,0.648202466357057
0.0034184830973299682,0.023130081077060112,0.2721152924927839,0.24155113239707662,0.21983021521804016,0.23044536217343736,0.009509433544271502,0.0,0.9093251583994428
0.0048947215754697095,0.032190784354416524,0.35414762133304145,0.28864943311301455,0.2120562164170238,0.10806122320702553,0.0,0.0,0.2395703782830405
0.003642970839844462,0.022240992580201534,0.22648843987334283,0.21868692310254106,0.2547098779350192,0.26932944360266986,0.004901352066379169,0.0,0.6532853393654025
0.0033870625237960644,0.022917771328434134,0.2696086693741204,0.23829640863140958,0.21687055533268976,0.23774287754218415,0.011176655267366775,0.0,0.9297934321672776
0.0038153879611502457,0.02596279312959543,0.32057951780071553,0.29623710220867333,0.23459882749459823,0.11880637140526645,0.0,0.0,0.6742800753148045
0.004550380532785764,0.030441152329124678,0.346482758167853,0.28778969266140203,0.21289286659703444,0.11784314971179533,0.0,0.0,0.3558552997185789
0.004959856364633648,0.03503096376279795,0.42290113709850796,0.3335374958134534,0.17896620698277188,0.0246043399778295,0.0,0.0,0.3051750400682976
0.004027889207209634,0.027181081473567997,0.3269341650010203,0.29094992454778884,0.226713424618351,0.1241935151520596,0.0,0.0,0.5702747484604663
0.004686902019719138,0.03108946331149239,0.3470780456685395,0.2838037138765022,0.21148526845482288,0.12185660666891651,0.0,0.0,0.30770735626820633
0.005242008297579767,0.03674326616238372,0.4352780859151858,0.3309298999005114,0.16782351813437177,0.023983221589958324,0.0,0.0,0.2189320236484158
0.004057772353314149,0.02738352443428966,0.3276112686439671,0.289286013585517,0.22441459908797554,0.12724682189493247,0.0,0.0,0.5565225716775896
0.004657305211232463,0.030894040732613766,0.3431826992275631,0.2801484986951578,0.21226102825662665,0.12885642787679832,0.0,0.0,0.3179058170739042
0.005353403931413189,0.0375250614037716,0.4423559742784491,0.332948683771748,0.16311438316121865,0.018702493453386853,0.0,0.0,0.18738574296314572
0.004686032211900764,0.031083036343453774,0.3512599252902672,0.2961708738653061,0.2193588605619756,0.0974412717270911,0.0,0.0,0.3080052370508122
0.0036024322299679145,0.022209874760058458,0.23129045167750825,0.22373405784682188,0.25562299759704243,0.2585585266769521,0.004981659211649386,0.0,0.675233327937598
0.003832048893596825,0.025025201313865347,0.26995520045179533,0.23195305597775576,0.22224682478953825,0.24036067616109066,0.006626992412352709,0.0,0.6680828097482446
0.00494435466698365,0.03251697444231366,0.35899366816392,0.2930909259504556,0.2135786180034557,0.09687545877286327,0.0,0.0,0.2241447080968374
0.0035991185673490615,0.02197291873974365,0.22470154957746422,0.21642810455920294,0.2515488358119871,0.27395152983447585,0.007797942909778077,0.0,0.6770492353558538
0.0034246482506644733,0.02317231448447882,0.2724232290165892,0.24111265414606597,0.2192171064726192,0.2304344201180368,0.010215627511543458,0.0,0.9053530761408088
0.0049545856037623015,0.0325852174807032,0.35822239853850213,0.2916643489821918,0.21344246745544193,0.09913098193939092,0.0,0.0,0.22100341274232668
0.003585891807260516,0.021892579343110754,0.2226935275667492,0.2146711917195767,0.2523416599594392,0.277127258340555,0.007687891263310464,0.0,0.6843310149240273
0.003384113346263594,0.02289832911664791,0.26919378477556943,0.23745411963283675,0.21591462371308137,0.23930721761659812,0.011847811799001046,0.0,0.931734123926994
0.004711096759893794,0.031248863014180426,0.3527895580808737,0.2960733093120512,0.21737887766167355,0.09779829517132045,0.0,0.0,0.29946553129990894
0.003622602294122341,0.02233428331244296,0.23234852412144638,0.22402899353196773,0.254573205690877,0.25799874130548645,0.005093649743656429,0.0,0.6642516629686437
0.003820886114927855,0.02495235768164344,0.2689304494423267,0.23032401511428502,0.22000470287219082,0.24313496900645803,0.008832619768164652,0.0,0.6738241387769941
0.004871703199302583,0.03203873155681351,0.3539766980378633,0.28993091204476107,0.21294569194205631,0.1062362632191941,0.0,0.0,0.24683103981133467
0.0036547336575912205,0.022312509168454047,0.22842319826609148,0.22058018795900688,0.25437617629816156,0.2656868161460828,0.004966378504610413,0.0,0.6470079751386447
0.003419359226159534,0.023136093155298316,0.27218320822171305,0.24158059200043178,0.21977982071218247,0.23038905595109524,0.009511870733119236,0.0,0.9087598133868691
0.004906946378269354,0.03227145733183918,0.35472537841042995,0.2883807874689414,0.21077597459586567,0.10893945581464494,0.0,0.0,0.2357420173096565
0.003633540899902231,0.022183541832267135,0.22565689511932902,0.2173110819993481,0.25362167548065045,0.27270459989983925,0.004888664768661557,0.0,0.6583470879085873
0.0033687584717593372,0.02279400400167945,0.2681493472441886,0.2369817825975385,0.21467681489759,0.24108299935635724,0.012946293430887434,0.0,0.9418932243967109
0.0038153879611502483,0.025962793129595447,0.3205795178007158,0.2962371022086736,0.23459882749459843,0.11880637140526654,0.0,0.0,0.6742800753148032
0.004550380532785762,0.030441152329124668,0.3464827581678533,0.28778969266140186,0.21289286659703432,0.11784314971179528,0.0,0.0,0.35585529971857954
0.004959856364633645,0.03503096376279793,0.4229011370985078,0.3335374958134531,0.17896620698277177,0.024604339977829487,0.0,0.0,0.30517504006829865
0.004027889207209634,0.027181081473568,0.3269341650010206,0.29094992454778923,0.2267134246183511,0.12419351515205962,0.0,0.0,0.570274748460466
0.004686902019719138,0.03108946331149239,0.3470780456685396,0.2838037138765022,0.21148526845482288,0.12185660666891651,0.0,0.0,0.30770735626820633
0.005242008297579764,0.03674326616238371,0.43527808591518596,0.33092989990051136,0.16782351813437169,0.023983221589958314,0.0,0.0,0.2189320236484165
0.0040577723533141525,0.027383524434289683,0.32761126864396733,0.2892860135855173,0.22441459908797579,0.12724682189493258,0.0,0.0,0.5565225716775879
0.0046573052112324625,0.03089404073261376,0.34318269922756317,0.28014849869515784,0.21226102825662657,0.1288564278767983,0.0,0.0,0.31790581707390453
0.005353403931413188,0.03752506140377159,0.4423559742784491,0.33294868377174786,0.1631143831612186,0.01870249345338685,0.0,0.0,0.18738574296314606
0.004686032211900762,0.031083036343453767,0.35125992529026717,0.29617087386530594,0.2193588605619755,0.09744127172709108,0.0,0.0,0.3080052370508125
0.0036024322299679115,0.022209874760058437,0.231290451677508,0.22373405784682168,0.25562299759704227,0.2585585266769519,0.0049816592116493814,0.0,0.6752333279375998
0.003832048893596821,0.02502520131386532,0.2699552004517952,0.2319530559777555,0.22224682478953803,0.24036067616109041,0.006626992412352702,0.0,0.6680828097482466
0.0049443546669836495,0.032516974442313655,0.35899366816392025,0.2930909259504555,0.21357861800345562,0.09687545877286324,0.0,0.0,0.22414470809683773
0.0035991185673490585,0.02197291873974363,0.2247015495774642,0.2164281045592028,0.2515488358119869,0.2739515298344756,0.00779794290977807,0.0,0.6770492353558555
0.003424648250664475,0.02317231448447883,0.2724232290165895,0.24111265414606609,0.21921710647261927,0.2304344201180369,0.010215627511543464,0.0,0.9053530761408078
0.004954585603762299,0.03258521748070318,0.3582223985385019,0.29166434898219173,0.21344246745544176,0.09913098193939086,0.0,0.0,0.22100341274232754
0.0035858918072605166,0.021892579343110757,0.22269352756674946,0.21467119171957685,0.25234165995943936,0.27712725834055507,0.007687891263310466,0.0,0.6843310149240269
0.003384113346263594,0.02289832911664791,0.26919378477556954,0.23745411963283677,0.2159146237130814,0.23930721761659812,0.011847811799001046,0.0,0.931734123926994
0.004711096759893796,0.031248863014180436,0.35278955808087414,0.29607330931205117,0.21737887766167366,0.09779829517132049,0.0,0.0,0.2994655312999082
0.003622602294122341,0.02233428331244296,0.2323485241214461,0.2240289935319678,0.254573205690877,0.25799874130548645,0.005093649743656429,0.0,0.6642516629686437
0.0038208861149278558,0.024952357681643448,0.26893044944232686,0.23032401511428519,0.22000470287219098,0.24313496900645806,0.008832619768164652,0.0,0.6738241387769938
0.0048717031993025855,0.03203873155681353,0.35397669803786364,0.28993091204476124,0.2129456919420564,0.10623626321919415,0.0,0.0,0.246831039811334
0.003654733657591219,0.02231250916845404,0.2284231982660914,0.22058018795900702,0.2543761762981615,0.26568681614608275,0.004966378504610411,0.0,0.6470079751386454
0.0034193592261595376,0.02313609315529834,0.2721832082217135,0.24158059200043214,0.2197798207121827,0.2303890559510955,0.009511870733119246,0.0,0.9087598133868666
0.004906946378269354,0.03227145733183918,0.35472537841043006,0.2883807874689415,0.21077597459586567,0.10893945581464494,0.0,0.0,0.2357420173096565
0.003633540899902232,0.022183541832267138,0.22565689511932907,0.21731108199934815,0.2536216754806505,0.2727045998998393,0.004888664768661558,0.0,0.658347087908587
0.0033687584717593394,0.022794004001679465,0.2681493472441888,0.23698178259753874,0.21467681489759016,0.24108299935635738,0.012946293430887441,0.0,0.9418932243967094
0.004006078214085363,0.027035995510756854,0.32623142732004035,0.29470933014827067,0.23055713728853625,0.11746003151830706,0.0,0.0,0.5804416548276808
0.004769855335431732,0.031642214314569386,0.3532210036336801,0.2869821580673733,0.2077821530303967,0.11560261561854311,0.0,0.0,0.27979779619129
0.005163161884416763,0.036193162041727435,0.42787035621273106,0.33034934364173846,0.17557803392226995,0.02484594229710878,0.0,0.0,0.24208336759911303
0.00422829460309396,0.028296615057492053,0.33150862793989444,0.2905590675949935,0.22411977045614265,0.12128762434837775,0.0,0.0,0.4817678791453392
0.004870127529406864,0.03203204862443537,0.3492761021228517,0.2812169806648138,0.20843539811417866,0.12416934294430441,0.0,0.0,0.24733056156425046
0.005478270451561988,0.038108885388375306,0.44118629319994346,0.3319173242017887,0.16677620623955272,0.016533020518768916,0.0,0.0,0.15354964775732724
0.004215488065993609,0.028211726515797477,0.33078512463500637,0.2907656660610779,0.22481978096147584,0.1212022137606434,0.0,0.0,0.4871720482759626
0.004840427896097859,0.031837643015916524,0.3474786016476787,0.2807793212298435,0.2094774051268647,0.1255866010835877,0.0,0.0,0.2568068292818456
0.005492989192999551,0.03821228008485649,0.4424030348841679,0.33283567189540597,0.16646638926469182,0.014589634677864996,0.0,0.0,0.1496625436296219
0.004877539574750434,0.032080115338542596,0.35541706833307535,0.2945292289114233,0.21625300095473668,0.09684304688746356,0.0,0.0,0.24498359309399406
0.0036173300812929066,0.02208758371303995,0.2276004813244555,0.21968533398839796,0.25283275347333156,0.2665388036707655,0.007637713748716498,0.0,0.667110316510086
0.0034863252078362363,0.02339042242293954,0.26999960666358847,0.24088726361648288,0.22513427157156357,0.23075092283316076,0.006351187684424797,0.0,0.8663514840254453
0.005116636147888643,0.033363392317344635,0.3598801209749725,0.29059636723685506,0.21116971245041585,0.09987377087251563,0.0,0.0,0.17292291600420157
0.0036379215380955648,0.0219944551892796,0.22150329841063254,0.21373910772968965,0.2510933858394258,0.2804638247762019,0.007568006516673268,0.0,0.6559924106363128
0.0035073016526710665,0.023333332269860754,0.2660225344473983,0.2355432904398225,0.21873573240580332,0.2410175676987992,0.011840241085641296,0.0,0.8534122946574637
0.005083104849972375,0.03314573235031288,0.3581759230826289,0.29101582720058417,0.21257884340170627,0.10000056911478586,0.0,0.0,0.18262013235005
0.003275330602576598,0.0206155140392255,0.22298109928722135,0.2176987701734252,0.2513032017736469,0.27748637988871394,0.006639704235193656,0.0,0.8758152684470282
0.0034162144255461785,0.02292465159522197,0.26587078611761616,0.23648486997384657,0.2179343329211219,0.2418366044550596,0.011532540511585547,0.0,0.9107904257409427
0.004905503483022784,0.032263589713828714,0.3570794412821588,0.2944311773221273,0.2148505279865961,0.09646976021225645,0.0,0.0,0.23619288615347467
0.005625702760103854,0.03635365306174003,0.37514606705741965,0.28471415893113966,0.20072350336352723,0.09743691482605576,0.0,0.0,0.03990087078304678
0.0060747266698543325,0.0415957947957245,0.4576633120902867,0.32543383051829533,0.15574596204562804,0.013486373880200008,0.0,0.0,0.011114860274377242
0.005118128266726097,0.03337265506452805,0.3599343525098734,0.29058024043023006,0.21112484989318817,0.0998697738354434,0.0,0.0,0.17249434968583313
0.0036590959925917764,0.022122529240962915,0.22279818096328793,0.21503566246335953,0.2517456289919615,0.27700458144086393,0.007634320906970387,0.0,0.6446902236657667
0.0035060760119969676,0.02332493540859182,0.2659020801824764,0.23544843557401535,0.21858486989728695,0.24124559515372274,0.011988007771910279,0.0,0.8541640645319682
0.005112198495594396,0.03333497899749729,0.3598497243820143,0.29087825029427594,0.2111351820077317,0.09968966582287599,0.0,0.0,0.17419897675616364
0.0032899000091008777,0.020706974894550104,0.22373192917792104,0.21775763527815192,0.2509959720126295,0.276776929308278,0.006740659319370365,0.0,0.8661924322410995
0.0034062226901761567,0.022857169277317835,0.2650585346979895,0.23554901925521404,0.21629560815006915,0.2433366702638224,0.013496775665411251,0.0,0.9172670174997921
0.004046076638168337,0.027306745240946135,0.32777646216080786,0.29395754428556126,0.22889619987917986,0.11801697179533477,0.0,0.0,0.5618807272885923
0.004789319480528809,0.031772294867149914,0.35293095566532545,0.2856861794339976,0.20766629213640864,0.11715495841658267,0.0,0.0,0.27338914490765653
0.005218247624783023,0.03658029613094198,0.4306543125273147,0.33066141234867424,0.17364077659492821,0.02324495477335028,0.0,0.0,0.22583512194273386
0.004276217350030275,0.028618180634232705,0.3344689306452889,0.28948864970771737,0.22139510219933017,0.12175291946339617,0.0,0.0,0.4618323844442112
0.004925278660366654,0.03239577818483703,0.35263821537912965,0.28178606440579396,0.20771229070902783,0.12054237266083553,0.0,0.0,0.23003663520087964
0.005521182318579986,0.03840844320697448,0.44366743248369994,0.32917701755495987,0.16233465498354094,0.020891269452235347,0.0,0.0,0.14227482911491318
0.00430960121715458,0.02884243264838531,0.3354957208897103,0.2888518138843499,0.2202352100535198,0.12226522130687452,0.0,0.0,0.4482069577974264
0.004916510270703149,0.032339055569060915,0.35052291402260377,0.27998899767732244,0.2086496929646875,0.1235828294956118,0.0,0.0,0.23276022944183145
0.005600763166872973,0.03896307764765897,0.44812524523247454,0.3304195425203472,0.15974753470798708,0.017143836724645766,0.0,0.0,0.12182277284336487
0.0049377711742989725,0.03247725446763193,0.3577013333731882,0.293614345680845,0.2140327377388798,0.09723655756514829,0.0,0.0,0.22617297967400865
0.003604802054538595,0.02201127963647803,0.22538882925159134,0.2167994302695432,0.2510915743403176,0.2734928226620143,0.007611261785518408,0.0,0.6739366971053662
0.0034905888917285675,0.02341965978617445,0.26927240326860835,0.2394773788017628,0.22304954394742638,0.23312318170617738,0.008167243598119467,0.0,0.8637088647340875
0.005187702087318838,0.03382782219648894,0.36424493975609523,0.29150415134070506,0.20971147595204603,0.09552390866733791,0.0,0.0,0.15278510493411557
0.0036046092448029305,0.021793245515808524,0.21922520907587154,0.2111724615887306,0.24854512134088694,0.28568760434650925,0.009971748887391722,0.0,0.6740421277186693
0.0035186886713838494,0.023409724260941206,0.266667737194554,0.23455432141018132,0.21687448157980346,0.24270881822067034,0.012266228662463009,0.0,0.8464528870700998
0.005221172030129326,0.03404708202931816,0.36500077948759924,0.2909189749169066,0.20873144728263668,0.09608054425340172,0.0,0.0,0.143490685594405
0.003267324682273065,0.020565749790693557,0.22093698050674448,0.21386090054578835,0.248319374982661,0.28418827783688927,0.008861391654953628,0.0,0.8811395731255671
0.003432277134510725,0.023033018822930153,0.2664750684301013,0.23406335513281534,0.21381400407628676,0.2454394391609572,0.01374283724239649,0.0,0.9004576957522036
0.004939619681299025,0.03248896222985703,0.35778362482477244,0.29360911051062016,0.21397720524703737,0.097201477506405,0.0,0.0,0.22560293754881777
0.003623658637315418,0.02212647500060492,0.22657427195929616,0.2179888452771429,0.2516441311653877,0.2703164251718813,0.0077261927883732285,0.0,0.6636799020203891
0.0034875981725405137,0.023399352284136064,0.2690129092887962,0.23925088287888305,0.2228029867725948,0.23368455301194643,0.008361717591101561,0.0,0.865561827506231
0.005116980214136714,0.03336619437457121,0.3595539927125268,0.28840471095392683,0.20912953925394553,0.10442858249088231,0.0,0.0,0.17282407113691797
0.0032813294764456723,0.020652989377355383,0.22315298959864982,0.2176951460249413,0.2510565733674795,0.2774229675616861,0.006738004593445992,0.0,0.8718427692190758
0.0034468653412585617,0.023130185875284235,0.26779627076577756,0.23650502411420787,0.21697237812784645,0.24041370558745065,0.011735570188174118,0.0,0.8911569236094736
0.005149750975660889,0.03358087820184343,0.3602799168758083,0.2878122354032225,0.2081655750322201,0.10501164351123522,0.0,0.0,0.16347008136426755
0.003286358574271018,0.020685314821959677,0.22243505630494592,0.21653601926415247,0.25069386891186385,0.27968962090933186,0.006673761213479751,0.0,0.8685236384003161
0.0034194643981214586,0.022946602220716587,0.26566115363782883,0.23380827590048053,0.21398945044355505,0.24676136349587835,0.013413689903420208,0.0,0.9086919679067936
0.004056739737383889,0.02737893720722783,0.3283889867311463,0.2939141106860419,0.22830103702881335,0.1179601886093841,0.0,0.0,0.5569944003392993
0.00478737358706271,0.03175965407421294,0.3524933106367068,0.28493176052246955,0.20754204310839364,0.11848585807114627,0.0,0.0,0.27402749401493603
0.005242175384293096,0.03674830946993164,0.4323212171079145,0.33119330528840624,0.17302193174178665,0.02147306100766159,0.0,0.0,0.21888370215174532
0.004276024084333126,0.028617126813899725,0.3344594477216028,0.28948100432346835,0.22139438263296118,0.12177201442372987,0.0,0.0,0.4619118840888006
0.004924922181629681,0.03239370941430209,0.3526217784198716,0.2817786597620314,0.2077158748893891,0.12056505533276723,0.0,0.0,0.2301471737536599
0.005521170336384653,0.03840865264873614,0.4436728622176785,0.32917858757636637,0.16233076774802507,0.02088795947280066,0.0,0.0,0.1422779528980236
0.004321664469363918,0.02892340930703094,0.3361661752060568,0.2887897495658874,0.21957941386882512,0.12221958758282986,0.0,0.0,0.4433351897752513
0.00491445254820518,0.03232579596667831,0.3500728161817696,0.27921580497919224,0.20852276641198217,0.12494836391216305,0.0,0.0,0.23340079713664136
0.005628301077110275,0.03915495032771162,0.44999694777726584,0.3309881613931154,0.1590178306506749,0.015213808774108769,0.0,0.0,0.1148803004421104
0.004927865763269314,0.032412379618866206,0.356988897812998,0.29366758220327793,0.2146073683027821,0.0973959062987991,0.0,0.0,0.22923489372583436
0.0036040222696690242,0.022006637944198344,0.22533892287524007,0.21695481121072774,0.2513723531126469,0.273153080635937,0.0075701719515842815,0.0,0.6743631620167476
0.0034825300097051483,0.02336578433818141,0.2686513765159209,0.2391257316235058,0.22267190824887467,0.2345542817540639,0.008148387509747175,0.0,0.8687091804803904
0.005187417653581731,0.033826258127802794,0.36423180306522857,0.2914947659091876,0.2097112436122801,0.09554851163191104,0.0,0.0,0.15286460457870374
0.0032635157029992797,0.020541300750228454,0.22173166919806706,0.21505789984866985,0.24864448707951048,0.28180654475345446,0.008954582667074199,0.0,0.8836818900163789
0.003460215559342939,0.02322029674070198,0.26864813172946017,0.2367624339236862,0.21674093266615935,0.23910580925879765,0.012062180121850686,0.0,0.8827141596434228
0.0052100456904024045,0.03397481947992829,0.3642272567809709,0.29097919575874653,0.20935341573096086,0.09625526655898295,0.0,0.0,0.14656715857334943
0.0032683247768029574,0.020572238294624498,0.22100557439778507,0.21412756878723213,0.24827125349609572,0.28391389152883295,0.008841148718631366,0.0,0.8804730386376278
0.0034243929860696236,0.02298019473802733,0.2658611444749798,0.2337249607528388,0.21347352279690987,0.24682451513820652,0.013711269112966756,0.0,0.9055172540693422
0.004955604585245145,0.0325943761196683,0.35863203720427317,0.29355737597306414,0.21320440470103258,0.09705620141670815,0.0,0.0,0.2206912560624901
0.003616981405505965,0.022085823240035007,0.22591332373988735,0.2167791745525822,0.2507444772635401,0.2731482638865106,0.007711955911940875,0.0,0.6672996662711674
0.003471398488734423,0.023290857668125064,0.26754409426029496,0.23765748203435008,0.22119766254069595,0.23662979828304123,0.010208706724758376,0.0,0.8756541664360801
0.00511687399559375,0.033365788463540394,0.35955043959076505,0.28840138986364994,0.2091321791598853,0.10443332892655495,0.0,0.0,0.17285458464938458
0.003283100137565967,0.020664328495300036,0.22327418239561295,0.21777966086529418,0.2510482372620949,0.27720885030896353,0.006741640535172546,0.0,0.8706729990129073
0.0034477219749702473,0.0231360190423643,0.2678607959482139,0.23653165804029094,0.21692288479123334,0.2403624334270563,0.011738486775871556,0.0,0.8906132198113568
0.005167106515225812,0.03369434101255895,0.36117084116737863,0.28773950835770573,0.20734153535769562,0.1048866675894254,0.0,0.0,0.15856422531680966
0.0032851405358744735,0.02067784266221229,0.22213317662714133,0.21573992316095633,0.24978192899419102,0.28171070033337553,0.006671287686253894,0.0,0.8693265932988858
0.0034032300819763508,0.02283774411678094,0.2643974203830327,0.23267171054829702,0.2121831660362169,0.2493079577176211,0.015198771116077163,0.0,0.9192142117210254
0.004056739737383892,0.02737893720722785,0.32838898673114664,0.2939141106860422,0.22830103702881352,0.11796018860938419,0.0,0.0,0.5569944003392978
0.004787373587062713,0.03175965407421296,0.35249331063670736,0.2849317605224699,0.20754204310839375,0.11848585807114635,0.0,0.0,0.27402749401493504
0.005242175384293093,0.03674830946993163,0.4323212171079143,0.33119330528840596,0.17302193174178657,0.021473061007661585,0.0,0.0,0.218883702151746
0.004276024084333123,0.028617126813899704,0.33445944772160263,0.28948100432346824,0.22139438263296102,0.12177201442372977,0.0,0.0,0.46191188408880196
0.004924922181629676,0.03239370941430206,0.35262177841987147,0.28177865976203115,0.20771587488938884,0.12056505533276711,0.0,0.0,0.2301471737536616
0.00552117033638465,0.03840865264873612,0.4436728622176784,0.32917858757636603,0.16233076774802505,0.020887959472800647,0.0,0.0,0.14227795289802447
0.004321664469363915,0.02892340930703092,0.33616617520605646,0.28878974956588743,0.21957941386882493,0.12221958758282976,0.0,0.0,0.44333518977525266
0.004914452548205177,0.0323257959666783,0.35007281618176955,0.27921580497919196,0.20852276641198214,0.12494836391216299,0.0,0.0,0.23340079713664205
0.005628301077110275,0.03915495032771162,0.44999694777726623,0.3309881613931153,0.15901783065067493,0.015213808774108769,0.0,0.0,0.1148803004421104
0.004927865763269314,0.032412379618866206,0.35698889781299775,0.2936675822032779,0.21460736830278207,0.09739590629879911,0.0,0.0,0.2292348937258342
0.0036040222696690234,0.02200663794419834,0.22533892287524002,0.21695481121072765,0.25137235311264683,0.27315308063593696,0.007570171951584281,0.0,0.674363162016748
0.003482530009705151,0.023365784338181428,0.2686513765159212,0.23912573162350587,0.22267190824887484,0.2345542817540641,0.008148387509747182,0.0,0.8687091804803887
0.005187417653581733,0.0338262581278028,0.36423180306522845,0.29149476590918755,0.20971124361228013,0.09554851163191107,0.0,0.0,0.1528646045787034
0.003263515702999282,0.020541300750228468,0.2217316691980672,0.21505789984866994,0.2486444870795106,0.2818065447534546,0.008954582667074204,0.0,0.8836818900163775
0.003460215559342939,0.02322029674070198,0.26864813172946034,0.2367624339236862,0.21674093266615935,0.23910580925879765,0.012062180121850686,0.0,0.8827141596434228
0.005210045690402399,0.03397481947992825,0.3642272567809706,0.29097919575874637,0.20935341573096064,0.09625526655898284,0.0,0.0,0.14656715857335095
0.0032683247768029596,0.020572238294624512,0.22100557439778531,0.2141275687872322,0.24827125349609588,0.2839138915288331,0.008841148718631371,0.0,0.8804730386376265
0.003424392986069625,0.022980194738027336,0.26586114447498,0.2337249607528388,0.21347352279690993,0.2468245151382066,0.01371126911296676,0.0,0.9055172540693416
0.004955604585245146,0.032594376119668304,0.3586320372042734,0.2935573759730642,0.21320440470103258,0.09705620141670818,0.0,0.0,0.22069125606248977
0.003616981405505964,0.022085823240035,0.22591332373988732,0.21677917455258236,0.2507444772635401,0.2731482638865105,0.007711955911940872,0.0,0.6672996662711681
0.003471398488734424,0.02329085766812507,0.2675440942602952,0.23765748203435014,0.22119766254069598,0.23662979828304131,0.01020870672475838,0.0,0.8756541664360794
0.00511687399559375,0.03336578846354039,0.3595504395907651,0.2884013898636499,0.20913217915988527,0.10443332892655494,0.0,0.0,0.17285458464938475
0.003283100137565968,0.020664328495300043,0.22327418239561303,0.21777966086529424,0.25104823726209496,0.2772088503089636,0.006741640535172549,0.0,0.8706729990129066
0.003447721974970247,0.023136019042364297,0.267860795948214,0.23653165804029083,0.2169228847912333,0.24036243342705627,0.011738486775871554,0.0,0.8906132198113571
0.005167106515225812,0.03369434101255895,0.36117084116737874,0.2877395083577058,0.20734153535769564,0.1048866675894254,0.0,0.0,0.15856422531680966
0.003285140535874474,0.020677842662212294,0.22213317662714127,0.2157399231609564,0.24978192899419102,0.2817107003333756,0.0066712876862538946,0.0,0.8693265932988855
0.0034032300819763503,0.022837744116780936,0.26439742038303254,0.23267171054829697,0.21218316603621687,0.24930795771762104,0.015198771116077162,0.0,0.9192142117210257
0.004040574498228297,0.027268617280214395,0.3270541416599103,0.293312040505991,0.22981056482924606,0.11851406122641028,0.0,0.0,0.5644121503496351
0.004794242060481181,0.031803771418552014,0.3529688168841613,0.28566502520120174,0.20857873423099713,0.11618941020460241,0.0,0.0,0.2717766092165225
0.00521756039782255,0.03657426339794257,0.42995071560616294,0.3290184353550426,0.17407489409479351,0.025164131148230094,0.0,0.0,0.22603571492329028
0.004270563890680351,0.02857929446904455,0.3327222512507751,0.28901556433801945,0.22285051507246345,0.12256181097901438,0.0,0.0,0.4641609024593857
0.004907048633202116,0.03227466352557895,0.34981667289060825,0.27984244252833673,0.20800527260916354,0.12515389981310396,0.0,0.0,0.2357100752500005
0.005545935662971952,0.03857934966063133,0.44405415029854506,0.3305475491041481,0.16450617049851396,0.01676684477518234,0.0,0.0,0.13585039794739864
0.004268623209672804,0.02856713283289056,0.33258402939647913,0.2888405634076603,0.22293898698067366,0.12280066417261819,0.0,0.0,0.46496164229398773
0.00488478510422251,0.03212917663648054,0.3482547588000984,0.278881410534218,0.20905971125720993,0.12679015766775972,0.0,0.0,0.24269623486290745
0.005579085276510891,0.03881097068117681,0.44640488244405835,0.33113476882820525,0.16322145182291936,0.014848840947116726,0.0,0.0,0.12733610958624142
0.0049111883464993825,0.03230120238295968,0.35576060469305165,0.2933834575929956,0.21610664229303278,0.09753690469145328,0.0,0.0,0.234418042162347
0.0036492474211674624,0.022283022906010433,0.2279747792178959,0.21863362025311361,0.25220439483195706,0.26754983061724924,0.007705104752607197,0.0,0.649930733181774
0.0034645929652467543,0.023243966325454755,0.2685055293080669,0.24095864737072395,0.22663888258317447,0.23087678431836436,0.006311597128965711,0.0,0.8799221333939188
0.005157378319928015,0.033628818670527874,0.36053067984782944,0.28922511243427906,0.21074503355528812,0.10071297717214041,0.0,0.0,0.16131000823896396
0.0036753583510474442,0.02222134824190468,0.22213727737514086,0.21292724464804458,0.25079962396399214,0.2805932607066567,0.007645886713213081,0.0,0.6360983590561772
0.0034939555598380787,0.0232438877133358,0.26520045939837,0.23577060790910928,0.21960748343860595,0.24088841974704348,0.011795186233694478,0.0,0.8616267702832365
0.0051339300192628804,0.0334769165129387,0.3592262125610706,0.2892263211626925,0.2118860434251681,0.10105057631885778,0.0,0.0,0.1679710592997205
0.003256882999914859,0.020498753657157545,0.22169856516778363,0.21711519532906925,0.251963956522316,0.278864338809811,0.006602307513950932,0.0,0.8881231046898074
0.0034391537830318684,0.023078430258584415,0.2659653669722351,0.2349318533077032,0.21750224751770314,0.2434729684030898,0.011609979757651365,0.0,0.8960636290652317
0.004941273710276087,0.03249862516693575,0.3575624355758926,0.29338409484030875,0.21442001424123722,0.0971935564653417,0.0,0.0,0.22509323006116816
0.005649533849636934,0.03650739268758551,0.37466256550609234,0.2841144083136438,0.2012209946773897,0.09784510496564003,0.0,0.0,0.0342610562210947
0.006126780822562799,0.041951962695058555,0.45909636072046256,0.32447147188695863,0.154722917384316,0.013630506490631784,0.0,0.0,0.0
0.005158889741183137,0.03363820349434965,0.3605857138517095,0.28921078850014226,0.21070176518747405,0.10070463922513216,0.0,0.0,0.16088273015986618
0.0036969723938904513,0.022352083831345262,0.22344907240809941,0.21423257876719248,0.25145757552928394,0.2770983710152287,0.007713346054957952,0.0,0.6247960416770919
0.003492729492240089,0.023235489166748186,0.2650806788586445,0.23567758149946405,0.2194576138799606,0.24111353387575668,0.011942373227186795,0.0,0.8623845592672762
0.005165480840118307,0.03368217952053556,0.3610541870270589,0.289185129297416,0.2101371248072012,0.10077589850766078,0.0,0.0,0.1590223523400492
0.0032712385250070223,0.020588866819292437,0.2224366018912945,0.21716910775437706,0.25141097304559634,0.2784207880644759,0.006702423899958665,0.0,0.8785334319449895
0.003429859525887431,0.02301562582154202,0.2652120620735827,0.23405332726442368,0.21566609084117438,0.24503260049551645,0.013590433977874301,0.0,0.9020066945300116
0.004081288308999605,0.027544200164150937,0.3286220877862098,0.29254000276427317,0.22812372311330084,0.11908869786306511,0.0,0.0,0.5458421597652486
0.004815521511421239,0.03194589860338775,0.3527940934423064,0.28445199664464854,0.20819443694385767,0.11779805285437234,0.0,0.0,0.2648438286170451
0.005273885896674134,0.03697009616111938,0.43279168944720825,0.329322343760541,0.17209678837883086,0.023545196355619958,0.0,0.0,0.20976844982735723
0.0043181585362353095,0.028898670549792033,0.3356251884972016,0.2878305956620012,0.220321058104918,0.12300632864984938,0.0,0.0,0.4447482618798354
0.004961346232787598,0.032632783938768804,0.35308944151189764,0.28030461356103265,0.20754804210566938,0.12146377264983624,0.0,0.0,0.21893474588385872
0.005587832942176596,0.038871860453782166,0.44642180217398536,0.32764046655520623,0.16030322592031884,0.021174811954522556,0.0,0.0,0.12510616806299535
0.004363865280512534,0.029205400661210062,0.33729622979387264,0.28677260782895186,0.21848626606358437,0.1238756303718638,0.0,0.0,0.42650423543870386
0.004962296008402633,0.03263999089043844,0.3513404351199401,0.2780536461775257,0.20821195792117944,0.12479167388250356,0.0,0.0,0.21864457813819765
0.005688258420851457,0.039571513514541905,0.45213568196726417,0.32852658521598155,0.15664169837456735,0.01743626250678099,0.0,0.0,0.09999719850312101
0.0049722926893637585,0.03270408576236761,0.35806703653289856,0.2924491973630193,0.2138642689001459,0.09794311875219833,0.0,0.0,0.21559719680226092
0.0036375369396611863,0.022211710781166877,0.2258069911571062,0.21578755513839357,0.250521588567672,0.27435423844279533,0.007680378973207874,0.0,0.6561989125874012
0.0034705550748701255,0.02328459400816324,0.26791582386421725,0.23967872171075724,0.22443920031107994,0.2330907363491908,0.008120368681720478,0.0,0.8761821902694028
0.005227695205781549,0.034088369088377146,0.36480726728121843,0.2900170166898928,0.2095591440243237,0.0963005077103989,0.0,0.0,0.1416930935597761
0.0036393508612943357,0.02200384014579253,0.21970884408209052,0.2102252571932635,0.24835765571212348,0.2859971943162138,0.010067857689224777,0.0,0.6552253484474414
0.003505242643484235,0.023319610306443726,0.26583918113436655,0.23478658080184364,0.21775815383876718,0.24257187577141837,0.012219355503675233,0.0,0.8546755271226519
0.005272929610953978,0.03438435024008644,0.36601899860824644,0.2889751741838079,0.20826668364126005,0.09708186371563661,0.0,0.0,0.1293502002630407
0.0032497435124710494,0.020454440940760744,0.2197212243114843,0.2133515895023663,0.24881334668398264,0.28559594571714464,0.008813709331793897,0.0,0.8929239185222541
0.003454637344673288,0.023182914151202914,0.2665124583604143,0.23243237248717136,0.2135385004188016,0.24704674971648158,0.013832367521254258,0.0,0.8862339221829091
0.004974166333842182,0.0327159556255963,0.35815046985505333,0.2924459409644282,0.21381046393194383,0.09790300328912764,0.0,0.0,0.21502739932501608
0.003656737951699887,0.022329012664725815,0.22700518945763853,0.2169824860411925,0.2510769319971093,0.27115291895671256,0.007796722930923013,0.0,0.6459423872744496
0.0034675895978173387,0.02326445780802787,0.2676589575570624,0.23945510751947513,0.2241936575693347,0.23364648406807165,0.008313745880210978,0.0,0.8780407825806464
0.005157713325581286,0.03363156607843413,0.3602009820266361,0.28701791540250915,0.2086925196573309,0.10529930350949873,0.0,0.0,0.16121528069674929
0.003262938446729495,0.020536585455019865,0.22209474320351505,0.21758041771315667,0.25149699407122195,0.27832808134473713,0.0067002397656238145,0.0,0.8840676997181075
0.0034653392127401267,0.023253996707434284,0.2677474630383701,0.2353037846404149,0.21671812505959615,0.24171282301425123,0.011798468327194556,0.0,0.8794912020225658
0.00520194863728536,0.033921014651023124,0.36136712629180745,0.28596941271936444,0.2074156688615976,0.1061248288389137,0.0,0.0,0.14881429644943447
0.0032677387056435658,0.020567465805054353,0.2211481541293077,0.21595438453952695,0.2511097977025573,0.2813165101377129,0.006635948980201602,0.0,0.8808635888653108
0.00344247051009057,0.02310082964391044,0.26575619777680626,0.2322383573572183,0.21352926834145414,0.2484289393359996,0.01350393703452254,0.0,0.8939505698440272
0.004095595752188105,0.02764098912709881,0.3295203934914854,0.2924672739123724,0.22713522400707892,0.11914052370977458,0.0,0.0,0.5394040556686397
0.00481667685735993,0.03195383298898001,0.3525826564627334,0.2835573146448202,0.2078651771942451,0.11922434185185518,0.0,0.0,0.26446917362217204
0.005303879210740623,0.03718063145339986,0.4349415838258513,0.3298656135186701,0.170934383136752,0.021773908854580536,0.0,0.0,0.20124711142353224
0.004317955991236797,0.02889755698738371,0.33561511738285754,0.28782328131246177,0.22032147284408604,0.12302461548197031,0.0,0.0,0.4448299680872756
0.004960991407482977,0.03263072808084662,0.35307330202145043,0.2802978317396536,0.2075521008130641,0.12148504593749485,0.0,0.0,0.21904317774122928
0.005587800376520741,0.038871930240348226,0.4464256490173778,0.3276417428502853,0.16030066337134755,0.021172214144112786,0.0,0.0,0.12511445670237015
0.00438019030763765,0.02931490220283975,0.3382857404415561,0.28667166961029616,0.2173950622380772,0.12395243519958665,0.0,0.0,0.42008031844917193
0.00496351232390677,0.03264826943859209,0.3511200997551177,0.2771285143581069,0.20787322364030408,0.1262663804839627,0.0,0.0,0.21827314145338553
0.005723138988828787,0.03981447070691595,0.4545709441809298,0.3291070665680205,0.1552952735237323,0.015489106031560562,0.0,0.0,0.09148233582258504
0.004965593975121367,0.032660304774595764,0.35758980590871536,0.2923722323953268,0.2142376363452309,0.09817442660100274,0.0,0.0,0.21763787199320875
0.0036377098007898097,0.022212887185455537,0.22581656044928433,0.21600203887290623,0.25087233004797416,0.27381754175099726,0.007640931892596554,0.0,0.6561060930778156
0.0034642272392366455,0.02324233295964174,0.26742803250858627,0.23921234930471522,0.22392246286460388,0.23462503224552275,0.008105562877694128,0.0,0.8801519669608568
0.005227398353368,0.03408672629409104,0.36479341790993175,0.2900080376464459,0.209560257225966,0.09632416257019019,0.0,0.0,0.1417747997672129
0.003246141900366775,0.020431300385369326,0.22074227312869882,0.21501313339618108,0.24916198305415244,0.28249825649722105,0.008906911638014584,0.0,0.8953537683013687
0.0034780002726092787,0.023339485094437635,0.26853908639023305,0.23550085343034974,0.21667316933423186,0.24034522852078558,0.012124176957352689,0.0,0.8715676765722447
0.005265344687865965,0.03433518459139772,0.3654968217539097,0.28889666203609793,0.20867323222582335,0.0973327547048974,0.0,0.0,0.13140506256106224
0.0032506893401543432,0.02046058663662888,0.21978611357363906,0.21338484057110085,0.24876211074258886,0.2855622160550947,0.008793443080796649,0.0,0.8922867027126709
0.0034482774050868252,0.023140319467986878,0.2660199771783477,0.2319764154013355,0.21305371000013273,0.24855439822321065,0.013806902323899004,0.0,0.8902608337265299
0.0049955234143313244,0.0328567047588532,0.35937633185577417,0.292359518982987,0.21254491645279677,0.09786700453524971,0.0,0.0,0.20856266167592136
0.0036519592568300717,0.022299954029731832,0.22646273546582235,0.21588318790082167,0.2503091601855194,0.27360646913652203,0.007786534024754867,0.0,0.648484922190424
0.0034549437150814617,0.023179808173874716,0.26646466083192477,0.2378730013627234,0.22232081786547475,0.23654645161007687,0.010160316440845278,0.0,0.8860023152738526
0.005157602692425254,0.03363113366827158,0.3601971830183002,0.2870152837632687,0.20869532989604087,0.10530346696168441,0.0,0.0,0.16124656241077912
0.0032646904187274765,0.020547805503232645,0.22221474049929835,0.2176645657549482,0.2514888498085155,0.2781155106848741,0.006703837330408067,0.0,0.88289718912526
0.0034662019598289207,0.023259871313117207,0.26781207322080386,0.2353306275359993,0.21666843543044154,0.2416613848106542,0.011801405729156273,0.0,0.8789494411379742
0.00522529060296311,0.03407351638573454,0.3626617108503468,0.28585059816100844,0.20606420308222917,0.10612468091770953,0.0,0.0,0.1423552078601859
0.0032664360113825014,0.020559459947730858,0.2208417866714986,0.21492647012331217,0.24995154624221028,0.2838209974654956,0.00663330353837411,0.0,0.8817321894080224
0.003428468275757829,0.0230069513708083,0.26467273808716113,0.231039606064728,0.21138026862865664,0.25116048308703537,0.015311484485854716,0.0,0.9028990800376432
0.004095595752188108,0.02764098912709883,0.3295203934914857,0.29246727391237265,0.22713522400707903,0.11914052370977467,0.0,0.0,0.5394040556686384
0.0048166768573599285,0.03195383298898,0.3525826564627331,0.2835573146448202,0.20786517719424497,0.11922434185185513,0.0,0.0,0.26446917362217276
0.005303879210740621,0.037180631453399844,0.4349415838258516,0.3298656135186701,0.17093438313675197,0.021773908854580526,0.0,0.0,0.20124711142353277
0.004317955991236796,0.028897556987383704,0.33561511738285754,0.2878232813124618,0.22032147284408599,0.12302461548197029,0.0,0.0,0.444829968087276
0.0049609914074829715,0.032630728080846584,0.35307330202144993,0.2802978317396534,0.20755210081306383,0.1214850459374947,0.0,0.0,0.219043177741231
0.005587800376520739,0.038871930240348206,0.4464256490173776,0.32764174285028513,0.1603006633713475,0.021172214144112775,0.0,0.0,0.12511445670237084
0.004380190307637655,0.029314902202839783,0.3382857404415565,0.28667166961029655,0.21739506223807745,0.12395243519958679,0.0,0.0,0.4200803184491699
0.004963512323906767,0.03264826943859206,0.35112009975511776,0.2771285143581067,0.20787322364030397,0.1262663804839626,0.0,0.0,0.21827314145338655
0.005723138988828784,0.039814470706915926,0.45457094418092975,0.32910706656802047,0.15529527352373224,0.015489106031560555,0.0,0.0,0.09148233582258572
0.004965593975121365,0.03266030477459575,0.35758980590871525,0.2923722323953266,0.21423763634523077,0.0981744266010027,0.0,0.0,0.21763787199320944
0.003637709800789808,0.022212887185455527,0.2258165604492841,0.21600203887290614,0.25087233004797405,0.2738175417509971,0.00764093189259655,0.0,0.6561060930778166
0.0034642272392366477,0.023242332959641752,0.26742803250858643,0.23921234930471524,0.223922462864604,0.23462503224552292,0.008105562877694133,0.0,0.8801519669608554
0.005227398353367997,0.03408672629409102,0.36479341790993147,0.2900080376464456,0.2095602572259658,0.09632416257019014,0.0,0.0,0.14177479976721377
0.003246141900366777,0.020431300385369337,0.22074227312869876,0.21501313339618117,0.24916198305415257,0.2824982564972212,0.008906911638014587,0.0,0.8953537683013677
0.0034780002726092804,0.023339485094437645,0.2685390863902332,0.23550085343034985,0.21667316933423197,0.2403452285207857,0.012124176957352694,0.0,0.8715676765722437
0.00526534468786596,0.03433518459139769,0.3654968217539095,0.2888966620360979,0.20867323222582318,0.09733275470489731,0.0,0.0,0.13140506256106343
0.003250689340154349,0.020460586636628916,0.21978611357363947,0.2133848405711012,0.24876211074258925,0.28556221605509513,0.008793443080796664,0.0,0.8922867027126671
0.0034482774050868287,0.023140319467986902,0.26601997717834813,0.2319764154013357,0.21305371000013293,0.24855439822321093,0.01380690232389902,0.0,0.8902608337265274
0.004995523414331327,0.03285670475885322,0.35937633185577444,0.2923595189829872,0.2125449164527968,0.09786700453524975,0.0,0.0,0.2085626616759207
0.0036519592568300717,0.022299954029731832,0.2264627354658222,0.21588318790082184,0.2503091601855194,0.27360646913652203,0.007786534024754867,0.0,0.648484922190424
0.0034549437150814643,0.023179808173874734,0.2664646608319251,0.23787300136272346,0.22232081786547486,0.23654645161007704,0.010160316440845285,0.0,0.886002315273851
0.005157602692425252,0.033631133668271564,0.3601971830182998,0.2870152837632685,0.20869532989604078,0.10530346696168437,0.0,0.0,0.16124656241077961
0.0032646904187274765,0.020547805503232645,0.2222147404992982,0.2176645657549483,0.2514888498085155,0.2781155106848741,0.006703837330408067,0.0,0.88289718912526
0.003466201959828922,0.023259871313117218,0.267812073220804,0.2353306275359993,0.2166684354304416,0.24166138481065425,0.011801405729156276,0.0,0.8789494411379735
0.005225290602963106,0.03407351638573451,0.36266171085034665,0.2858505981610084,0.20606420308222897,0.10612468091770946,0.0,0.0,0.14235520786018693
0.0032664360113825023,0.02055945994773086,0.2208417866714985,0.2149264701233124,0.2499515462422103,0.2838209974654957,0.006633303538374112,0.0,0.8817321894080218
0.0034284682757578303,0.02300695137080831,0.26467273808716124,0.23103960606472812,0.21138026862865675,0.2511604830870355,0.015311484485854723,0.0,0.9028990800376422
