0.0057718091164691634,0.034094009726446474,0.0869069585131761,0.15484778526046902,0.23035542532027733,0.25261490400346764,0.17332913287909263,0.06207997518060186,0.0
0.0053488511824941465,0.03786774293797482,0.11266309750145745,0.17736953758632307,0.21448913820220245,0.23410329425813958,0.16062758117132075,0.05753075716008801,0.07303975817516162
0.005046543945143554,0.035727527710124045,0.10658311870007446,0.18849828181299763,0.23540009713355442,0.22291600066211031,0.15154920552588594,0.05427922451010984,0.13274721805501016
0.005764811407964457,0.03405267434320562,0.0869636448132325,0.15530353596881366,0.2304829989367495,0.25230863513239277,0.17311898962542882,0.06200470977221306,0.0011212266429120811
0.005224507407437827,0.036987438373663785,0.1101909024503758,0.19439145540301359,0.21145770806903236,0.22866113735976726,0.1568935008726623,0.056193350064047236,0.09676184054196135
0.00501629209237027,0.03551335660213633,0.10608520944690489,0.18817385549231963,0.2361882250681152,0.2244284838610237,0.15064073345008264,0.0539538439870475,0.13911824918544663
0.005755960311869145,0.034000391020893,0.08690670378045542,0.15558198681622584,0.2310710106303284,0.2519212490034817,0.17285318859489016,0.0619095098418567,0.0025433222219906288
0.005023118552282044,0.03556168522828347,0.10601020855378891,0.18777069998982746,0.2360273870247621,0.2247338990999943,0.15084573405791035,0.05402726749315152,0.1376738942678223
0.005009588940341885,0.03546590094685173,0.10601010022541296,0.18837227598436815,0.23669236593600335,0.22412858540632474,0.15043943581442076,0.05388174674627657,0.14054034476452518
0.00505546287676696,0.03579067020530168,0.10663327682127906,0.18813302037128582,0.23488540416893383,0.22330996781850093,0.1518170436773733,0.05437515406055853,0.13088344737727498
0.0043331584964922685,0.03575816673378315,0.12356095929183572,0.22246507962631396,0.24239290593136076,0.19475745133014477,0.13012602975410445,0.046606248835965175,0.3066715074973257
0.0037182277180004076,0.03068362415131192,0.10623792418024207,0.20791716583976097,0.26082712369254574,0.22294709196882018,0.127676618210535,0.03999222423878377,0.5101508368065621
0.005045977560308917,0.03572351793034327,0.10657505106028824,0.1885823383914362,0.23537680329915653,0.22289098230429055,0.15153219682198005,0.05427313263219646,0.13286579680487612
0.004141500280302525,0.03417656143225538,0.1182122031640181,0.2295834501227011,0.2565481786077756,0.18842280317664784,0.12437047690213421,0.044544826314165585,0.3636091914340429
0.0036995673605739214,0.030529634821655865,0.1058087535588879,0.2076430708049178,0.2615623942471755,0.22392920230683513,0.12703585828093744,0.03979151861901683,0.517382990721687
0.0050147157317293875,0.03550219659459643,0.10598149456271555,0.18816020554444696,0.23645314598288186,0.22435795761930236,0.15059339487434747,0.05393688908998024,0.13945233733563492
0.0037352973072442173,0.030824486115800746,0.10666751439922204,0.20793480481013646,0.25958115273025,0.22281817034623153,0.12826275429314818,0.04017581999796699,0.5035984951117691
0.003682735033723211,0.030390730798059113,0.10537634072051254,0.2072463398177012,0.26223370536603535,0.22500180415405155,0.12645786932170586,0.039610474788211295,0.5239695312524463
0.005286607038142798,0.037427079106196276,0.1114713921985086,0.1859972635355947,0.21281895721266883,0.23137905334289036,0.158758371128245,0.0568612764377537,0.08477509561395263
0.004565417908914516,0.03767482194074324,0.13015164508505042,0.22517906656651346,0.21456013790697517,0.20166369552488836,0.137100848523368,0.04910436654354708,0.24407893002413344
0.0041989140439434485,0.03465035230206734,0.11994253354056393,0.22560076191073059,0.25077917635211106,0.19357127986142011,0.12609462918548175,0.04516235280368225,0.34600743678229473
0.005047824796294388,0.03573659562778838,0.10657841729439319,0.188429251198255,0.23535466179496722,0.2229725784347585,0.15158766986433536,0.05429300098920838,0.13247915623856746
0.004132460145757326,0.03410196027501066,0.11792498328533885,0.2289570130141955,0.256651879844876,0.18968511130495705,0.12409899899109957,0.044447593138765874,0.3664252595189038
0.0037282026638078385,0.03076593957449141,0.10660140256245952,0.20849374331823647,0.25989710142199984,0.2223949602668927,0.12801913820772629,0.04009951198438613,0.506314562316996
0.005018863801088196,0.03553156327891966,0.10603371594065684,0.18795572142326086,0.2362171264704685,0.22454354189151085,0.15071796262261777,0.05398150457147762,0.13857366105015823
0.0037381429086639955,0.03084796863787066,0.10672237560200312,0.20787613354376402,0.25926056984272,0.22298791632619944,0.1283604666425811,0.040206426496198135,0.5025120003942495
0.003712380865758704,0.030635374654438937,0.10619839731477945,0.2080583302325002,0.2604309005065782,0.22355943048765492,0.12747584881769133,0.0399293371205986,0.5124090671285866
0.005766130299014608,0.03406046501739193,0.08692923459494789,0.15516458977299433,0.23053572953676343,0.25236635906769656,0.17315859631329245,0.062018895397899405,9.096956585685415E-4
0.005338552515388185,0.03779483246332025,0.11254596659813527,0.17771607716087412,0.21521372229335206,0.23365255225509712,0.16031830915568995,0.057419987558143426,0.07496254709774137
0.005015771078334033,0.03550966802959653,0.10602695191067678,0.18811686312212458,0.2363522447726594,0.2244051737371175,0.15062508724465615,0.0539482401048356,0.13922864777501767
0.005759704537625935,0.03402250811915354,0.08699426911515849,0.15549698282141225,0.2307260022930176,0.25208512261936755,0.1729656288004881,0.06194978169377724,0.0019412083184971122
0.005049515156683646,0.03574856270829016,0.10659450112402623,0.18841056438487058,0.23519999764956495,0.2230472450544783,0.1516384318861921,0.054311182035894766,0.13212559879923713
0.0050079085109247965,0.03545400417369043,0.10600152221790947,0.1885065227348739,0.23672399468928268,0.2240534031363596,0.1503889720225921,0.053863672514367564,0.14089745016933278
0.005754306978879052,0.03399062480203375,0.08698930268067653,0.1557169742735103,0.23100463815653954,0.2518488875400046,0.17280353851676897,0.06189172705158781,0.0028094462814144
0.00501870499110127,0.03553043896725801,0.10601087439868127,0.18800090298733438,0.23620965194231758,0.22453643674613025,0.15071319351179463,0.05397979645538302,0.13860727467567813
0.005003827545969128,0.035425112561901735,0.10598171442051799,0.1886709231899776,0.23696140294360526,0.22387082110947093,0.1502664194393721,0.05381977878918564,0.14176568813225007
0.005051105662913085,0.03575982286098141,0.10663578881020838,0.18838185182510697,0.23503944558864454,0.22311750091503327,0.1516861952581305,0.054328289078982246,0.13179314303584352
0.004326397231572056,0.03570237130452665,0.12344903112420101,0.22267555247409046,0.24293657375100788,0.19445356059439287,0.12992298697113328,0.04653352654907619,0.3085942964199055
0.00370149565777575,0.030545547549729647,0.10582904236879233,0.20754830458694923,0.2614153595666091,0.22404591921238948,0.12710207220980535,0.03981225884794934,0.5166322665265698
0.005042064439748109,0.03569581459023783,0.10658665116631144,0.18872587492707454,0.23558573413123796,0.2227181318951777,0.1514146846555224,0.05423104419469069,0.133685778480461
0.004030769230473155,0.0332627847158923,0.115126915205726,0.2238682849658461,0.2742948506465209,0.18501737056360124,0.121045190763521,0.043353833908419764,0.39897294969131913
0.003695005348868353,0.030491988108446264,0.1057473471763253,0.2078645161340473,0.2619264139054217,0.22365307065613751,0.12687920778210326,0.03974245088865007,0.5191621917055746
0.005013460761413159,0.0354933119029667,0.10604868554337747,0.1882696609105012,0.23639397180526894,0.2243018103535181,0.15055570774500698,0.053923390977947815,0.13971846139505867
0.003732856179607234,0.03080434139939299,0.10666758007826874,0.2080928493629485,0.2597013262357835,0.2226725520596766,0.12817893077696024,0.04014956390736202,0.5045318755196259
0.0036796204738861822,0.030365028772609323,0.10535600288444119,0.20744999121721688,0.2624099439325448,0.2248115158014929,0.12635092146983518,0.03957697544797332,0.5251948746201719
0.005050237926762632,0.03575367963351774,0.10658180380830169,0.18832886059305545,0.23522715393991453,0.22307917126321777,0.15166013688518526,0.0543189559500453,0.13197449573494757
0.004309272769396743,0.035561056516667654,0.12292997021603105,0.22183553527769367,0.2434749532075768,0.19613113710765756,0.1294087343130891,0.04634934059188797,0.3134911958965808
0.0037210448096736846,0.030706871404750476,0.10636169111049502,0.2080379260276835,0.26026058454133955,0.22311600642054302,0.1277733515914121,0.040022524094102875,0.509065324575159
0.005016884735727394,0.03551755228183198,0.10601893481252796,0.1881213121311349,0.23625156836458247,0.22445499867468693,0.15065853070517612,0.05396021829433293,0.13899270080749376
0.0037507432024657546,0.030951949003929898,0.10710231734847987,0.2086196435022394,0.2588307686132619,0.221609490653959,0.12879313592028013,0.04034195175538412,0.49772082504210274
0.00368508793900206,0.030410147484371874,0.10543749594589878,0.20696920735580693,0.26217805767033514,0.22514555816510493,0.12653866345583561,0.039635781983644425,0.523045214679134
0.0050102317376984245,0.035470451696952676,0.10594499931542105,0.18834683670259966,0.23672273673667152,0.2241573441056791,0.15045873920893327,0.053888660496044606,0.14040380825306978
0.003718063982265736,0.030682272968403333,0.10621863043471538,0.20746637183975244,0.2603515342429724,0.2239016675413543,0.1276709958478212,0.03999046314271502,0.5102139798128449
0.003681497084775501,0.03038051497398622,0.10538373502593912,0.20711655593303893,0.2624990066901765,0.2249261699462862,0.12641536059250788,0.039597159753289334,0.5244563221247097
0.005765380299798009,0.03405603478068979,0.08695364473170368,0.15523876031487405,0.23050574380845273,0.2523335338345191,0.17313607361525277,0.062010828614710224,0.0010299727793525218
0.005334480818611006,0.0377660064665559,0.11249317569701178,0.17785143202874812,0.21550833036411474,0.23347434620743637,0.160196034898608,0.057376193518914216,0.07572479173320164
0.005015203566828713,0.03550565027343457,0.10604602504287762,0.18817765438162215,0.23632550259959728,0.22437978332037792,0.15060804470649677,0.05394213610876537,0.13934892489580167
0.005755131192436621,0.03399549342199005,0.08696084706202296,0.15563695953146053,0.23103772592111807,0.2518849609139714,0.17282828989339244,0.061900592063608276,0.0026767599689834984
0.005023313721564708,0.03556306694932471,0.10607251263097757,0.18783575417947238,0.2358817598326158,0.2247426309571904,0.15085159504912576,0.05402936667972879,0.1376326577142536
0.005004450778701812,0.035429524802232715,0.10595933598701808,0.18860544976205412,0.23699091677103848,0.22389870448920904,0.1502851353024504,0.053826482107295445,0.1416330018198193
0.005753560052022863,0.03398621271372903,0.08701365497447094,0.15579092104888992,0.23097465303951734,0.25181619677489675,0.17278110808262,0.061883693313853544,0.0029297234021983805
0.0050151064077116544,0.03550496242545688,0.10596592996431059,0.18812077961110396,0.2364715670799108,0.22437543642969987,0.1506051269895087,0.053941091092297604,0.13936951931113853
0.005003262733805669,0.03542111391600855,0.10600074724721359,0.1887315071698328,0.2369346556823491,0.22384555146105786,0.15024945796324624,0.053813703826486474,0.14188596525303404
0.005047073290558627,0.03573127526551856,0.10658192691422821,0.18851395511536795,0.23533636657269172,0.22293938291423762,0.15156510192508013,0.05428491800231766,0.1326364179657049
0.004305208057499811,0.0355275136296828,0.12287109224457667,0.2219741067973145,0.24378365092535134,0.19594613685146076,0.12928666981402445,0.04630562168008996,0.3146592588893561
0.0036993297754563522,0.03052767421757125,0.10579003552329984,0.20763391671763026,0.2616175588307618,0.22391482163994306,0.12702770007583303,0.03978896321950441,0.5174755414564314
0.005015557699148675,0.035508157389673334,0.1060573840813745,0.1881619565779154,0.2362966926191853,0.2243956271704153,0.1506186794046832,0.053945945057604514,0.13927386768987873
0.0037475132149749207,0.030925294444365835,0.10705976710732615,0.20858523795325984,0.2586635787532419,0.22202917310938966,0.12868222451006833,0.040307210907372965,0.49894593469550974
0.0036807499265206216,0.030374349261498176,0.10536217383269145,0.20737683797893394,0.2623465395478483,0.22488052127653477,0.12638970464927737,0.03958912352669505,0.5247502809149919
0.00500948824641147,0.03546518807379876,0.10599568995439698,0.18840086933762024,0.23668760836309477,0.22412408036839615,0.15043641194594334,0.053880663710338464,0.14056173632492033
0.003717071503838996,0.030674082820479644,0.10623955539315304,0.20754889262546727,0.2603617927142669,0.2238419005293271,0.12763691609295313,0.03997978832051352,0.5105968379890766
0.0036774801084816207,0.030347366011584196,0.10531750158649877,0.2075351548766901,0.26261037039908547,0.22468074720881237,0.12627742553647253,0.039553954272374584,0.5260381495500335
0.005049662589374826,0.03574960647321459,0.10660094478001869,0.18839004539259807,0.23520035619726334,0.2230537574531103,0.15164285933346291,0.05431276778095746,0.13209477285573157
0.004306619384657079,0.03553916020846509,0.12288095737119469,0.22191764357802427,0.24369539391508693,0.19601037163421847,0.12932905238549242,0.046320801522861436,0.3142534405320411
0.0037207324595078238,0.03070429382321977,0.10637581318975912,0.20808135428824434,0.2602387378716791,0.22309727772331517,0.12776262610177044,0.04001916454250423,0.5091856016959428
0.0050134146013432485,0.03549298510799677,0.10597666097478459,0.18822068280018475,0.2365192953222635,0.22429974515589518,0.15055432154447093,0.05392289449306126,0.1397282524579803
0.0037362674753547744,0.03083249215414095,0.10671211004047972,0.20811411254958773,0.2592466520978383,0.22287604287030166,0.12829606795569015,0.040186254856606464,0.5032278839571189
0.0036832153023847085,0.030394694079551986,0.10540673400872368,0.20703263434274358,0.2623615742062967,0.22503114683396908,0.12647436080183647,0.03961564042449346,0.5237807663296202
0.005009665478932174,0.03546644280968602,0.1059640606482491,0.1884075348410276,0.23669598222073976,0.22413200973637953,0.15044173429089824,0.05388256997408775,0.14052408537385375
0.0037160885476299637,0.030665971251968353,0.10618521717022557,0.20754485575473358,0.2605327811016337,0.22378270694487773,0.1276031633122908,0.03996921591663997,0.5109762244483051
0.0036811913384471916,0.030377991888759868,0.10539778824518184,0.20715959919028729,0.262477206290602,0.22490748995034482,0.12640486186564404,0.03959387123073254,0.5245765992454937
0.005765380299798009,0.03405603478068979,0.08695364473170368,0.15523876031487405,0.23050574380845273,0.2523335338345191,0.17313607361525277,0.062010828614710224,0.0010299727793525218
0.005334480818611006,0.0377660064665559,0.11249317569701178,0.17785143202874812,0.21550833036411474,0.23347434620743637,0.160196034898608,0.057376193518914216,0.07572479173320164
0.005015203566828713,0.03550565027343457,0.10604602504287762,0.18817765438162215,0.23632550259959728,0.22437978332037792,0.15060804470649677,0.05394213610876537,0.13934892489580167
0.005755131192436621,0.03399549342199005,0.08696084706202296,0.15563695953146053,0.23103772592111807,0.2518849609139714,0.17282828989339244,0.061900592063608276,0.0026767599689834984
0.005023313721564708,0.03556306694932471,0.10607251263097757,0.18783575417947238,0.2358817598326158,0.2247426309571904,0.15085159504912576,0.05402936667972879,0.1376326577142536
0.005004450778701812,0.035429524802232715,0.10595933598701808,0.18860544976205412,0.23699091677103848,0.22389870448920904,0.1502851353024504,0.053826482107295445,0.1416330018198193
0.005753560052022863,0.03398621271372903,0.08701365497447094,0.15579092104888992,0.23097465303951734,0.25181619677489675,0.17278110808262,0.061883693313853544,0.0029297234021983805
0.0050151064077116544,0.03550496242545688,0.10596592996431059,0.18812077961110396,0.2364715670799108,0.22437543642969987,0.1506051269895087,0.053941091092297604,0.13936951931113853
0.005003262733805669,0.03542111391600855,0.10600074724721359,0.1887315071698328,0.2369346556823491,0.22384555146105786,0.15024945796324624,0.053813703826486474,0.14188596525303404
0.005047073290558627,0.03573127526551856,0.10658192691422821,0.18851395511536795,0.23533636657269172,0.22293938291423762,0.15156510192508013,0.05428491800231766,0.1326364179657049
0.004305208057499811,0.0355275136296828,0.12287109224457667,0.2219741067973145,0.24378365092535134,0.19594613685146076,0.12928666981402445,0.04630562168008996,0.3146592588893561
0.0036993297754563522,0.03052767421757125,0.10579003552329984,0.20763391671763026,0.2616175588307618,0.22391482163994306,0.12702770007583303,0.03978896321950441,0.5174755414564314
0.005015557699148675,0.035508157389673334,0.1060573840813745,0.1881619565779154,0.2362966926191853,0.2243956271704153,0.1506186794046832,0.053945945057604514,0.13927386768987873
0.0037475132149749207,0.030925294444365835,0.10705976710732615,0.20858523795325984,0.2586635787532419,0.22202917310938966,0.12868222451006833,0.040307210907372965,0.49894593469550974
0.0036807499265206216,0.030374349261498176,0.10536217383269145,0.20737683797893394,0.2623465395478483,0.22488052127653477,0.12638970464927737,0.03958912352669505,0.5247502809149919
0.00500948824641147,0.03546518807379876,0.10599568995439698,0.18840086933762024,0.23668760836309477,0.22412408036839615,0.15043641194594334,0.053880663710338464,0.14056173632492033
0.003717071503838996,0.030674082820479644,0.10623955539315304,0.20754889262546727,0.2603617927142669,0.2238419005293271,0.12763691609295313,0.03997978832051352,0.5105968379890766
0.0036774801084816207,0.030347366011584196,0.10531750158649877,0.2075351548766901,0.26261037039908547,0.22468074720881237,0.12627742553647253,0.039553954272374584,0.5260381495500335
0.005049662589374826,0.03574960647321459,0.10660094478001869,0.18839004539259807,0.23520035619726334,0.2230537574531103,0.15164285933346291,0.05431276778095746,0.13209477285573157
0.004306619384657079,0.03553916020846509,0.12288095737119469,0.22191764357802427,0.24369539391508693,0.19601037163421847,0.12932905238549242,0.046320801522861436,0.3142534405320411
0.0037207324595078238,0.03070429382321977,0.10637581318975912,0.20808135428824434,0.2602387378716791,0.22309727772331517,0.12776262610177044,0.04001916454250423,0.5091856016959428
0.0050134146013432485,0.03549298510799677,0.10597666097478459,0.18822068280018475,0.2365192953222635,0.22429974515589518,0.15055432154447093,0.05392289449306126,0.1397282524579803
0.0037362674753547744,0.03083249215414095,0.10671211004047972,0.20811411254958773,0.2592466520978383,0.22287604287030166,0.12829606795569015,0.040186254856606464,0.5032278839571189
0.0036832153023847085,0.030394694079551986,0.10540673400872368,0.20703263434274358,0.2623615742062967,0.22503114683396908,0.12647436080183647,0.03961564042449346,0.5237807663296202
0.005009665478932174,0.03546644280968602,0.1059640606482491,0.1884075348410276,0.23669598222073976,0.22413200973637953,0.15044173429089824,0.05388256997408775,0.14052408537385375
0.0037160885476299637,0.030665971251968353,0.10618521717022557,0.20754485575473358,0.2605327811016337,0.22378270694487773,0.1276031633122908,0.03996921591663997,0.5109762244483051
0.0036811913384471916,0.030377991888759868,0.10539778824518184,0.20715959919028729,0.262477206290602,0.22490748995034482,0.12640486186564404,0.03959387123073254,0.5245765992454937
0.005767063598842354,0.0340659780086851,0.08700850131185422,0.15516615624017227,0.23036953672308744,0.25240720682299045,0.1731866235828357,0.06202893371153269,7.600663675202063E-4
0.00520096504475329,0.03682076779191189,0.10970418027845101,0.183212437520622,0.22481729222601057,0.22811770541973356,0.15618651676634587,0.05594013495217207,0.10138091951190627
0.005029775950410295,0.03560881696411891,0.10637985833261154,0.188758860760872,0.236255530917213,0.22282262676665476,0.15104565769043451,0.054098872617685166,0.1362690858957352
0.005758125913824327,0.034013183206607,0.08703552106732448,0.15563928710542882,0.23068682703598345,0.25201603095468256,0.17291822226136777,0.06193280245478202,0.002194973427376144
0.005127398041227166,0.03629994261222436,0.10829656208169333,0.19161397365389943,0.2240867578674161,0.2254492191237255,0.15397727791724536,0.05514886870256906,0.11608834728921025
0.0049894504915488375,0.03532332872413585,0.10566723010928285,0.18810814820253344,0.23699799221007162,0.22541403482812222,0.1498346722478522,0.0536651431864532,0.14483576670709536
0.005748492191149581,0.03395627691813715,0.08696638556801875,0.15591829625450165,0.23135805394431616,0.2515943915900451,0.17262891872344469,0.06182918481038721,0.0037466230581031305
0.0049973545080324614,0.03537928602303378,0.1056163797827369,0.18764228410674064,0.2367713832904445,0.22577112349949785,0.150072032197865,0.05375015659164887,0.1431457554943114
0.004982215562630938,0.03527210829958297,0.10558029358259413,0.18830288398753003,0.2375705927906656,0.22508717428068506,0.1496174051951004,0.05358732630121093,0.14638741633782235
0.00503500301750834,0.0356458225240859,0.10635276033887843,0.18820865594259747,0.2355641247508974,0.22383591186739016,0.15120262805957227,0.05415509349907018,0.1351687017479598
0.004068881078942133,0.033577291981940746,0.11614708683964606,0.21766660440114857,0.25323203697746977,0.20632078944351107,0.12522355491602777,0.04376375436131381,0.3865840793739921
0.003937928548918976,0.0324966432111724,0.11263338647044246,0.2212471643278191,0.26953549521684284,0.2092966018831564,0.10849751500857992,0.04235526533306823,0.430155898293707
0.005023484124892292,0.03556427333723579,0.10625066316177892,0.18863862790372957,0.23631121127613344,0.22332382839426212,0.15085671231139375,0.054031199490574326,0.13759665648246366
0.003962571754566103,0.03270000430611001,0.1132238541980102,0.22066295304737957,0.26049881909940165,0.2043796890391709,0.12195178774937745,0.0426203208059838,0.4217363875545334
0.0039103170025035034,0.032268786722354524,0.11195355674621943,0.22055715897240427,0.27025505652431525,0.21126007708885372,0.1077367637317582,0.04205828321159101,0.43971562677971576
0.004987193869711298,0.03530735273737969,0.10554944752734079,0.1880381003641198,0.23739804380801552,0.2253120848770519,0.14976690522741823,0.05364087158896278,0.14531925330848958
0.0038437016682924046,0.031719062490094055,0.10987847889471714,0.21495333462396693,0.2709205613648365,0.22144169078302298,0.10590138298942495,0.041341787185644414,0.4633447277439177
0.0038882928265912163,0.03208703843064462,0.11137472961314406,0.21990917887172906,0.2709112286536435,0.21287817903722547,0.10712995527220631,0.04182139729481551,0.44743822360574165
0.005275554739293447,0.03734883321798188,0.11139660038009208,0.18643932459881896,0.21347549163113486,0.2308953271217858,0.15842646732872184,0.05674240098217106,0.0868878162849448
0.004386627254769841,0.036199402560971455,0.1251862405388452,0.2257766838670076,0.2332663266174923,0.19627166285606026,0.13173171236095457,0.047181343943899,0.2916746792924832
0.004159519525449666,0.034325260163887275,0.118941998568292,0.22455128465345883,0.25227794726044356,0.19609375336292248,0.12491160015715974,0.044738636308386606,0.3580325803600276
0.005026974215044085,0.03558898178998374,0.10628897972475276,0.1885045484619596,0.2360812734123242,0.2234789837157008,0.15096152074969676,0.05406873793053818,0.136859839581707
0.003954680929004081,0.032634887496664336,0.11297045823540469,0.22006906982033594,0.2603800636090838,0.20574645029058855,0.12170894034024266,0.04253544927867583,0.42442091889884714
0.0038372332042998637,0.03166568331780115,0.10983404614116214,0.21562276764359292,0.27171332951321125,0.22033156164599935,0.10572316434975312,0.041272214184179805,0.46568285381392577
0.004993325663316085,0.03535076340184812,0.1056439574218979,0.18786736387212832,0.2368976135470036,0.22558910783569827,0.14995104480082835,0.053706823457279354,0.14400652149315263
0.0038508051158044885,0.03177768168455172,0.11005434728508046,0.21509331071968735,0.27059771622770246,0.22111085242587283,0.1060970966478829,0.04141818989341737,0.4607861266050269
0.0038175960751400395,0.031503633455272864,0.1093227589764789,0.2149968365709165,0.27215510614899757,0.22196094246905312,0.10518212362509896,0.041061002679041544,0.4728295357253714
0.005759435269427922,0.034020917555020735,0.08700106933612656,0.1555015286421115,0.23073928352862977,0.25207333755187494,0.1729575425969544,0.061946885519854604,0.001984483568185872
0.005185632121758038,0.036712216784104405,0.10947769421518089,0.18340547872181787,0.22570795174478442,0.22800974356058606,0.15572606455913657,0.05577521829263195,0.10441183579704706
0.004988369698922197,0.035315677141401824,0.10559735994944956,0.18803113197111268,0.23724652039178404,0.22536520664008908,0.14980221572598576,0.05365351848125536,0.14506727451804166
0.005752313220982037,0.033978847697184754,0.08705518533045424,0.15588468880427514,0.23095339013167496,0.25176162669169905,0.17274366537812436,0.061870282745605874,0.0031305693412169533
0.005027642149254122,0.03559371049902839,0.10628358128618781,0.18847674751736768,0.23605214011673703,0.22350867737476138,0.15098157901134573,0.054075922045318255,0.13671894402514947
0.00497898148797412,0.035249212334904155,0.10553858533869571,0.1884191200126515,0.23780020951458813,0.22494106484066484,0.14952028497774372,0.05355254149277805,0.1470824752895371
0.005746430282376559,0.03394409724685144,0.08704260647660653,0.1561136426830225,0.2312750688440021,0.2515041479807624,0.1725669989938604,0.06180700749251843,0.004079399048069148
0.004991678764106991,0.03533910400924829,0.10558973249876803,0.18788463473168562,0.2370894481863597,0.22551470401180904,0.14990158793105124,0.05368910986697128,0.14435878294928198
0.004974573402539133,0.035218004839985044,0.10551133199758084,0.1885885169573742,0.23807261879102473,0.22474191579099478,0.14938790886989164,0.053505129350609804,0.1480313049963893
0.005029187446611231,0.03560465059085096,0.1063239275086828,0.18846334093042538,0.23588099088347592,0.22357737505812564,0.15102798474749243,0.05409254283433607,0.13639311894862532
0.004059490640779016,0.033499800043020944,0.11595491640880991,0.2177382080228996,0.2538636983253194,0.20628657759084124,0.12493455555079924,0.04366275341753036,0.38961499565913305
0.003912502370589195,0.03228682085529615,0.11197927613347791,0.22046662003699793,0.2700978728427175,0.2113781445063943,0.10779697483100266,0.04208178842352414,0.4389540869160144
0.005019059453063665,0.03553294841723433,0.10625089615192886,0.18882368224086812,0.23653884133426772,0.22312712534363222,0.15072383810924073,0.05398360894976457,0.13853225239630448
0.0039027274903517873,0.032206156416731316,0.1115868559012818,0.21778895988532057,0.2692370865326766,0.20319153573075746,0.12011002551527476,0.04197665252760546,0.44236698429047266
0.003903883892498613,0.03221569929886013,0.11184234784854713,0.22074759958480974,0.2708293399806622,0.21091251976429817,0.10755951916252927,0.041989090467794594,0.44196233536215734
0.004985641859094725,0.03529636511834521,0.10560979427066836,0.1881975885929218,0.23732416573269519,0.22524196794217696,0.14972029789010657,0.05362417859399142,0.14565202929845544
0.0038403430882541566,0.03169134675684921,0.10985425366265635,0.21511592277033686,0.27113542513703814,0.2212481977113741,0.10580884764156868,0.041305663231922245,0.46455775519888787
0.0038836365869732094,0.032048614128199204,0.11131395263161999,0.22009432318146074,0.27126323356520776,0.21262325692738235,0.10700166690395316,0.041771316075203443,0.44908211226430833
0.005029031025692899,0.035603543192846525,0.10628510442541994,0.1883929880413449,0.23600476430374842,0.2235704212154431,0.151023287381105,0.054090860414399485,0.13642609110257317
0.004041472698684727,0.0333511120644647,0.11541171179716099,0.21677525621660879,0.2540563238725931,0.20851512908936032,0.12438003682254371,0.043468957438583776,0.3954700188346151
0.0038350037750840976,0.03164728558282721,0.10973411418304597,0.2154410136107307,0.27258097249851254,0.2198516360053013,0.10566173928152416,0.04124823506297381,0.46649054310338095
0.004989516029674438,0.0353237927080472,0.10559024007205356,0.1880046928625759,0.23717227413622716,0.22541699571797405,0.1498366403771253,0.053665848096322626,0.1448217315427657
0.0037979706858602114,0.03134168047278871,0.1085648253184644,0.2122176766267588,0.2657849256617167,0.2328015974328737,0.10464140635674682,0.04084991744479065,0.4800457815881266
0.003848954487620655,0.03176240989811388,0.11024149346619537,0.21725554237315417,0.27872274225016835,0.21072446419632346,0.10604610827756168,0.041398285050862356,0.4614517973661464
0.004982093481390023,0.03527124401286218,0.10549944509123944,0.18821742631719895,0.237748379929925,0.2250816588787108,0.1496137390593704,0.05358601322930347,0.14641363733322568
0.0038202543991825003,0.03152557052367682,0.1092526307451522,0.21416085225313652,0.2715210139757156,0.22337471765754968,0.10525536557174975,0.0410895948738366,0.471857772892419
0.0038445360426588174,0.031725947928911195,0.11016609017923418,0.21738612376854144,0.2791196080001893,0.21048256098594287,0.10592437161002027,0.04135076148450167,0.46304370315660665
0.005758624348661201,0.0340161274554263,0.08702449485042618,0.1555847577467632,0.23070679574676253,0.25203784596379464,0.17293319040676705,0.06193816348139913,0.002114834577105063
0.005181240333412067,0.03668112466610578,0.10941707414797544,0.18352305663089,0.22605870618150342,0.2278166387450062,0.15559417785768218,0.055727981437425085,0.1052832820078134
0.004987761362147793,0.03531137035854193,0.1056153818327474,0.18809925281393408,0.23721758793656023,0.22533772312319977,0.14978394719293514,0.053646975379934014,0.14519762552696083
0.005747322996716924,0.033949370500139825,0.08701526869205395,0.1560234039484856,0.23131099768336505,0.251543219430085,0.1725938074692278,0.061816609279925966,0.00393529260802862
0.004997022116481699,0.03537693282281011,0.10566723546598489,0.1877390281001829,0.23665504296131099,0.22575610667134674,0.1500620503814003,0.05374658148048265,0.14321671869091898
0.004975242391346717,0.03522274101516167,0.10549015040533288,0.18851476793706332,0.2381046351881056,0.22477213945322533,0.1494079988014165,0.05351232480834808,0.14788719855634863
0.005745623019388033,0.033939328753710515,0.0870659732676148,0.15619659788986806,0.23124257914273152,0.25146881648274555,0.1725427566478328,0.061798324796108924,0.004209750056988339
0.004987609227035995,0.035310293302346335,0.10553454761494632,0.18799416687362172,0.23741781545093543,0.2253308499435886,0.14977937853058398,0.0536453390569417,0.14523022916004846
0.004973968425852321,0.0352137218452114,0.10552931450613842,0.1886563816361112,0.2380436658793915,0.2247145840765741,0.1493697412412641,0.053498622389457025,0.1481616560053085
0.005024560437419523,0.035571893202644554,0.10625723374402035,0.18858067426586228,0.23626215114142662,0.2233716769050077,0.15088903429455147,0.05404277600906771,0.13736931959383106
0.004035363516823575,0.03330069776649362,0.11529075087111751,0.21681648082425065,0.25443213348681226,0.20852930362278968,0.12419202113581324,0.043403248775899156,0.39746709839314637
0.003909701437896905,0.03226370694928461,0.1119233318838492,0.22053500830894665,0.2703699649166548,0.211226820392233,0.10771980374141976,0.042051662369714825,0.43993028756122
0.004988054631225224,0.0353134465871856,0.10562544149428336,0.1880925530059173,0.23718664795954505,0.22535097247122834,0.14979275414996812,0.053650129700647115,0.14513478149651307
0.0037954418453384647,0.03132081193057107,0.10854285584588873,0.2122638207799281,0.2657268649971716,0.2329557547318887,0.10457173193044524,0.040822717938767863,0.48098106260040757
0.0038851004649122756,0.03206069436746703,0.1113282900512074,0.22002453595982688,0.27116891641585217,0.21270340204090624,0.1070419995602448,0.04178706113958289,0.44856486446236626
0.004981094593383124,0.0352641722823207,0.10554432879327748,0.18831414930103701,0.23770071241700924,0.22503653098810283,0.1495837421574311,0.05357526946743866,0.14662822994366104
0.003818743678596398,0.0315131037286935,0.10926005300636822,0.21425842286963787,0.27157620435549856,0.22328638406791956,0.1052137423103248,0.041073345982960696,0.47240985793290113
0.0038808768168624927,0.03202583990476709,0.11125889362474796,0.22016247181450257,0.27153249149344894,0.21247216366822427,0.10692562992276164,0.04174163275468465,0.4500583129095142
0.005028412731733134,0.035599165917067174,0.10630318863638445,0.18846161959588065,0.23597574871018787,0.22354293436155145,0.15100471983083644,0.054084210216358966,0.13655644211149237
0.004038804621099706,0.03332909450770534,0.11536054064210773,0.2168448789479673,0.2543110239617509,0.20837747269934137,0.12429792428263263,0.04344026033739493,0.39634146504538154
0.0038346442156874704,0.0316443184204523,0.10974758174875052,0.21549081576732879,0.2725554160569152,0.21983102332113574,0.10565183272772374,0.04124436774200596,0.4666208941123001
0.004985761099894476,0.035297209295870186,0.10554166386356831,0.18810085488973532,0.23747781599114387,0.22524735501833568,0.1497238787265493,0.05362546111490293,0.14562645480957723
0.003780471108785419,0.03119727015516066,0.10808802100338258,0.21155016983529254,0.26610405152171723,0.2344590602112563,0.10415925930843704,0.04066169685596793,0.4865435562538964
0.003846719653749495,0.03174396756274767,0.1102013142484748,0.21731275129234726,0.2789343547372558,0.2106021104060714,0.10598453430066856,0.04137424779868461,0.4622565206329582
0.004981486674341784,0.03526694805985625,0.10551745622849965,0.18828543877264775,0.23771942274692798,0.22505424447198655,0.14959551646444844,0.05357948658129173,0.14654398834214488
0.0038178703269004946,0.031505896640472604,0.10920810244337131,0.21422829796761506,0.2717508821990655,0.2232353181785563,0.10518967978924121,0.04106395245477715,0.47272921910318544
0.0038441746936866425,0.03172296599856949,0.11017955061517162,0.21743586688008923,0.2790933734734881,0.21046277767367083,0.10591441574996724,0.04134687491535645,0.4631740541655259
0.005758624348661201,0.0340161274554263,0.08702449485042618,0.1555847577467632,0.23070679574676253,0.25203784596379464,0.17293319040676705,0.06193816348139913,0.002114834577105063
0.005181240333412067,0.03668112466610578,0.10941707414797544,0.18352305663089,0.22605870618150342,0.2278166387450062,0.15559417785768218,0.055727981437425085,0.1052832820078134
0.004987761362147793,0.03531137035854193,0.1056153818327474,0.18809925281393408,0.23721758793656023,0.22533772312319977,0.14978394719293514,0.053646975379934014,0.14519762552696083
0.005747322996716924,0.033949370500139825,0.08701526869205395,0.1560234039484856,0.23131099768336505,0.251543219430085,0.1725938074692278,0.061816609279925966,0.00393529260802862
0.004997022116481699,0.03537693282281011,0.10566723546598489,0.1877390281001829,0.23665504296131099,0.22575610667134674,0.1500620503814003,0.05374658148048265,0.14321671869091898
0.004975242391346717,0.03522274101516167,0.10549015040533288,0.18851476793706332,0.2381046351881056,0.22477213945322533,0.1494079988014165,0.05351232480834808,0.14788719855634863
0.005745623019388033,0.033939328753710515,0.0870659732676148,0.15619659788986806,0.23124257914273152,0.25146881648274555,0.1725427566478328,0.061798324796108924,0.004209750056988339
0.004987609227035995,0.035310293302346335,0.10553454761494632,0.18799416687362172,0.23741781545093543,0.2253308499435886,0.14977937853058398,0.0536453390569417,0.14523022916004846
0.004973968425852321,0.0352137218452114,0.10552931450613842,0.1886563816361112,0.2380436658793915,0.2247145840765741,0.1493697412412641,0.053498622389457025,0.1481616560053085
0.005024560437419523,0.035571893202644554,0.10625723374402035,0.18858067426586228,0.23626215114142662,0.2233716769050077,0.15088903429455147,0.05404277600906771,0.13736931959383106
0.004035363516823575,0.03330069776649362,0.11529075087111751,0.21681648082425065,0.25443213348681226,0.20852930362278968,0.12419202113581324,0.043403248775899156,0.39746709839314637
0.003909701437896905,0.03226370694928461,0.1119233318838492,0.22053500830894665,0.2703699649166548,0.211226820392233,0.10771980374141976,0.042051662369714825,0.43993028756122
0.004988054631225224,0.0353134465871856,0.10562544149428336,0.1880925530059173,0.23718664795954505,0.22535097247122834,0.14979275414996812,0.053650129700647115,0.14513478149651307
0.0037954418453384647,0.03132081193057107,0.10854285584588873,0.2122638207799281,0.2657268649971716,0.2329557547318887,0.10457173193044524,0.040822717938767863,0.48098106260040757
0.0038851004649122756,0.03206069436746703,0.1113282900512074,0.22002453595982688,0.27116891641585217,0.21270340204090624,0.1070419995602448,0.04178706113958289,0.44856486446236626
0.004981094593383124,0.0352641722823207,0.10554432879327748,0.18831414930103701,0.23770071241700924,0.22503653098810283,0.1495837421574311,0.05357526946743866,0.14662822994366104
0.003818743678596398,0.0315131037286935,0.10926005300636822,0.21425842286963787,0.27157620435549856,0.22328638406791956,0.1052137423103248,0.041073345982960696,0.47240985793290113
0.0038808768168624927,0.03202583990476709,0.11125889362474796,0.22016247181450257,0.27153249149344894,0.21247216366822427,0.10692562992276164,0.04174163275468465,0.4500583129095142
0.005028412731733134,0.035599165917067174,0.10630318863638445,0.18846161959588065,0.23597574871018787,0.22354293436155145,0.15100471983083644,0.054084210216358966,0.13655644211149237
0.004038804621099706,0.03332909450770534,0.11536054064210773,0.2168448789479673,0.2543110239617509,0.20837747269934137,0.12429792428263263,0.04344026033739493,0.39634146504538154
0.0038346442156874704,0.0316443184204523,0.10974758174875052,0.21549081576732879,0.2725554160569152,0.21983102332113574,0.10565183272772374,0.04124436774200596,0.4666208941123001
0.004985761099894476,0.035297209295870186,0.10554166386356831,0.18810085488973532,0.23747781599114387,0.22524735501833568,0.1497238787265493,0.05362546111490293,0.14562645480957723
0.003780471108785419,0.03119727015516066,0.10808802100338258,0.21155016983529254,0.26610405152171723,0.2344590602112563,0.10415925930843704,0.04066169685596793,0.4865435562538964
0.003846719653749495,0.03174396756274767,0.1102013142484748,0.21731275129234726,0.2789343547372558,0.2106021104060714,0.10598453430066856,0.04137424779868461,0.4622565206329582
0.004981486674341784,0.03526694805985625,0.10551745622849965,0.18828543877264775,0.23771942274692798,0.22505424447198655,0.14959551646444844,0.05357948658129173,0.14654398834214488
0.0038178703269004946,0.031505896640472604,0.10920810244337131,0.21422829796761506,0.2717508821990655,0.2232353181785563,0.10518967978924121,0.04106395245477715,0.47272921910318544
0.0038441746936866425,0.03172296599856949,0.11017955061517162,0.21743586688008923,0.2790933734734881,0.21046277767367083,0.10591441574996724,0.04134687491535645,0.4631740541655259
0.005454437169681463,0.032219297305724495,0.0911592888062781,0.1715298269639749,0.23760105821154273,0.2395713212823705,0.16379835955883543,0.058666410701592814,0.05374539487382122
0.004793923352814435,0.033939074203983066,0.10891204355280382,0.20104627663070038,0.24258722117894166,0.21319641896312183,0.1439629345089063,0.0515621076087293,0.18841683449066188
0.004387866944500534,0.031064356032972338,0.09993694482029886,0.19434480731591552,0.254155557923269,0.23096766112961506,0.13794812813123045,0.04719467770219906,0.2913313084242326
0.005433800960353967,0.032097399455790224,0.0909671454907663,0.17165077401881834,0.23851853453422162,0.23970924407591945,0.16317864809636864,0.05844445336776187,0.05745741977029516
0.004637187982355763,0.03282945000332439,0.10548156240090986,0.20449755360889516,0.25184086253661386,0.21158095292430468,0.13925612503116946,0.04987630551242763,0.22600540868238106
0.004706455780477787,0.033319838515487345,0.10732534424124612,0.20935284284403444,0.2642224443538387,0.2144261514413942,0.11602559212029949,0.05062133070322271,0.209084747719534
0.0054042541942689775,0.03192286705009921,0.09054440444985291,0.17125716534331237,0.2389365901612531,0.24151671225788873,0.16229134998211195,0.05812665656121306,0.06282162129059549
0.004734512616051758,0.0335184697731012,0.10775838442558151,0.2096595312551714,0.26321595860023284,0.2134727796815132,0.11671726141718206,0.05092310223116677,0.20237194240935744
0.004684273474885648,0.03316279659802218,0.10688182389370399,0.2088339765134506,0.2644636578167006,0.21611198342759644,0.11547874428809485,0.05038274398754648,0.2144489492398342
0.0044163488869465445,0.03126599687847756,0.10046490497038647,0.19485957934514878,0.253719072840525,0.22892951671392206,0.13884355880304997,0.04750102156154438,0.28349543512241476
0.0033999031149108674,0.028056740264660755,0.10257828149506783,0.21217654831779595,0.2725352126449477,0.22568607768724924,0.1189988232220834,0.036568413253284214,0.6443971310591079
0.003617501933101206,0.03058368601178677,0.11541689361106985,0.2376499167461784,0.29066975078923507,0.20293868338765722,0.08021472183827068,0.03890884568270042,0.5500745134837799
0.0043897586960476576,0.03107774888292177,0.09998341883289671,0.19451630424451907,0.2544916680684831,0.23031847438199346,0.13800760203691534,0.04721502485622364,0.29080770241080395
0.003194487172448851,0.026361603212489673,0.0964704875706149,0.20641422424896655,0.27773588582054043,0.23677466122839877,0.11868963429630672,0.034359016450234196,0.745229758032796
0.0032147589183531985,0.027178749087279293,0.10230660742702423,0.22507885498421745,0.2946410091274388,0.21990300257766296,0.09309996416127259,0.03457705371675059,0.7347058699479821
0.00470524204787294,0.0333112457704833,0.10723163188864596,0.20924336906575652,0.2640430268305027,0.2148615376072355,0.11599567065694756,0.05060827613255616,0.20937694871562293
0.0030909874846797077,0.026132340063952632,0.0984109947328513,0.21698844460766675,0.29479913324657486,0.23346391013653395,0.09386838716213979,0.033245802565600564,0.8011121863744161
0.003008777803153392,0.025437309312504108,0.09569266597011704,0.20995123117989725,0.28527081425998546,0.23648793139246424,0.1117896920091136,0.032361578072764095,0.8482392334354573
0.004774825926343981,0.03380387200603693,0.10858596593158956,0.20084662274745047,0.24310624795723293,0.21413633128535886,0.14338943315022468,0.051356700995763484,0.1928647941787534
0.00375289840231,0.030969734181979014,0.11320197822610062,0.2265311677940841,0.26591095257977304,0.20128249177537139,0.11798564455428806,0.04036513248609439,0.4969045471503974
0.0037128925622325146,0.03063959728507717,0.11220679298918783,0.23364962086804889,0.29203079814591554,0.20826395816156884,0.07956149920227139,0.03993484078569791,0.5122111505650842
0.004394771430967839,0.031113237056156963,0.1000665546323999,0.19442377252984536,0.25398605011627634,0.23058147869253498,0.1381651951015646,0.047268940440254974,0.2894224388059572
0.0033194389652347646,0.02739273259391912,0.10022047077621975,0.214295838029627,0.288495299615786,0.22976716053325155,0.10080609626992294,0.03570296321603897,0.6824078271149504
0.0030813563718032526,0.02605091510894091,0.09811279988490995,0.21653776408935052,0.2950917068938598,0.23440733911926143,0.09357590554040232,0.03314221299147104,0.8065032185319781
0.004721519787203927,0.03342648570286626,0.10756925426360657,0.20949817162123857,0.2635556954818846,0.21404856161204067,0.11639695655707044,0.05078335497408966,0.2054706546718692
0.003069215615701133,0.0259482727111096,0.09776921777095127,0.21618764016709066,0.295687202157665,0.2351196111508264,0.09320721003455397,0.03301163039210151,0.8133472347757139
0.0028894644718402873,0.02442859071901547,0.09194635209010601,0.20242764776612432,0.2861968359920067,0.24960709820008595,0.1114257337288859,0.031078277031934873,0.9214063805723968
0.005437042032738095,0.03211654443289511,0.09097019757733871,0.17159214231015957,0.2382765594843492,0.23985222226317054,0.16327597845754366,0.05847931344180539,0.056872553010901425
0.004761463981498511,0.033709274741073623,0.1082636097716359,0.20044489897364282,0.2434281596521016,0.21519143925135373,0.14298816999912095,0.051212983629573314,0.19599812501978062
0.004722505511924288,0.03343346424256473,0.10764686296455472,0.21003455294302195,0.2640160045390629,0.21293139557254995,0.11642125707102023,0.05079395715530184,0.20523496747785072
0.005418004829574213,0.03200409189388412,0.0908039783524127,0.17162955744174863,0.23882015749158145,0.2403453697942574,0.1627042856225496,0.058274554573992235,0.06031792161445157
0.00440255968045213,0.03116837477065782,0.10022679481436418,0.19474800040723925,0.2541525619104663,0.22953895343865807,0.1384100462903919,0.04735270868777125,0.2872764229034292
0.004857366743188532,0.03438822822151541,0.11085749211697948,0.2168425459013324,0.2610677525890025,0.19999621261961598,0.1197459147202881,0.05224448708807814,0.1738914034910058
0.00539947267732117,0.03189462268476485,0.0905652226996665,0.17144005751646035,0.23917461117129893,0.2413030257414283,0.1621477596156105,0.05807522789344951,0.063695222464007
0.004719975874829856,0.033415555416173776,0.10751575320949947,0.20953241300820227,0.2637120892036335,0.21397856884746083,0.11635889535863606,0.05076674908156459,0.20584000261131144
0.004842466182339176,0.03428273816605794,0.11058184977748928,0.21653389836064163,0.26131739383826885,0.20097885325729128,0.11937857962226334,0.05208422079564903,0.17726870434056108
0.004404938026455251,0.031185212516183166,0.10028766495606325,0.1948497866035127,0.2542246995549079,0.22918459081122391,0.13848481801508844,0.04737828951656605,0.28662259325949485
0.003383544484274718,0.027921745285294706,0.10214797277914964,0.21169564997788987,0.2729886973002968,0.22704366530955064,0.11842626049619596,0.03639246436734773,0.6519784215882262
0.0033567223117465226,0.02837895959967205,0.1068519624143306,0.2264154069310497,0.28606935206189615,0.21561237600902977,0.09721124814019738,0.03610397253207741,0.664568872125472
0.0043794437441622746,0.031004723118493765,0.09983034248625965,0.1944454257235324,0.2546979405323381,0.2308547292805801,0.1376833150149181,0.04710408009971627,0.2936682042549605
0.003081360728483434,0.025428059182519395,0.09311177413588248,0.19952261647232233,0.27843682802253816,0.24845131800620548,0.11882578360133544,0.03314225985071259,0.806500772253846
0.0031335415523729565,0.026492107734826804,0.09949349220210393,0.2179164334514878,0.2973138822968116,0.23119914501690167,0.09074789545127834,0.03370350229421643,0.7776891603540858
0.0047016170495893265,0.03328558222171908,0.10723690335768281,0.2093733580978464,0.2642309423559892,0.214696004634199,0.11590630562476434,0.05056928665821018,0.21025054988903458
0.0030154916273464503,0.025494070440723545,0.09578751000288782,0.21026703869129693,0.29744783803294816,0.24397856338228346,0.09157569772214026,0.032433790100373026,0.8442941486006943
0.0030224430923052052,0.025552840670996304,0.09590693250567477,0.20965295894635302,0.2844930783091817,0.236565769095117,0.11229741925434107,0.03250855812603018,0.8402278927254639
0.004399579991882739,0.031147279758489563,0.10013460723888565,0.19447340715883882,0.2539115783765394,0.2302965182562603,0.13831636923368978,0.0473206599854145,0.288096564860267
0.0035085241112963197,0.0289531043608933,0.10589628411981569,0.21945201994701827,0.2840186664913065,0.22144327508674988,0.09899141537246237,0.03773671051045792,0.5958506895963005
0.0032541603766694095,0.0275118634440466,0.10364168095231571,0.22009599374652664,0.2878295092915807,0.22599853121361632,0.09666741612039637,0.03500084485484808,0.7146260618013689
0.004559307328731893,0.03227808589341566,0.10389817193934624,0.20261258515447012,0.2674006757122981,0.22781450655599383,0.11239802457483973,0.04903864284090523,0.24564401407928255
0.0029407914420917,0.02486252772060811,0.09352135677572311,0.20590858077890078,0.29320493632885425,0.25643157597230937,0.09149989531856487,0.03163033566294733,0.889203207211544
0.0029892766479822698,0.025272439405687103,0.09496297625106652,0.2079793234832932,0.2912335561190524,0.23434546305777185,0.11106513596907738,0.032151829066068435,0.8597987251355542
0.004687381859680216,0.03318480272837372,0.10687911648577533,0.20879574146721164,0.2642260162395341,0.21625539076852385,0.11555537354015823,0.050416176910743446,0.21369421018368545
0.002927580530726382,0.02475083783830857,0.093044026768313,0.20416555023038085,0.28708668573871077,0.24776422971346598,0.10877284640918854,0.031488242770905575,0.8973839799478047
0.0029979356023407196,0.025345645376599245,0.0951794739288274,0.20810359842539333,0.29065019610077003,0.2340913329396004,0.11138685525317925,0.032244962373289,0.854647486531559
0.005434837245337088,0.032103520779205634,0.09096697730430564,0.17163699028057805,0.2384373477512161,0.2397549592376936,0.16320976804055173,0.05845559936111231,0.05727034140729476
0.004748327131872811,0.03361627106090601,0.10799432741748284,0.20015527264664126,0.24365759696146444,0.21616285093264306,0.1425936665239647,0.05107168732502511,0.19909586327466713
0.004720842063156005,0.033421687685655836,0.10763819158560009,0.21005996816425362,0.264146603015174,0.21285639291415184,0.11638024900947583,0.050776065562533376,0.20563275587424393
0.005401975214367022,0.031909405142164324,0.09056879295321944,0.17139438962686407,0.2389855166381027,0.24141486439629004,0.16222291154239854,0.05810214448659389,0.06323780661802168
0.004585726277392961,0.03246512156190894,0.10442509633960184,0.20323965459167326,0.26706742017516927,0.22584486736981974,0.11304931597213935,0.04932279771229502,0.23890737685625668
0.004844478934253437,0.03429698765057091,0.11059337140452398,0.21651168657897918,0.2611570178563161,0.20106238932267362,0.11942819885668006,0.05210586939600304,0.17681128849457578
0.0053972982482274855,0.031881778357245774,0.09056218775739264,0.17148465696346912,0.239333927200924,0.24120585026691022,0.16208246086755593,0.05805184033827505,0.06409301086040019
0.004707066648352677,0.033324163217533856,0.10725085618075014,0.2092204488538594,0.2638840558779097,0.21494485669275892,0.11604065150047796,0.05062790102835761,0.2089377408661978
0.004840717166308923,0.03427035582690355,0.11057189814140561,0.21655761149141878,0.26145228325926545,0.20090626313010138,0.11933546211941125,0.05206540886518537,0.17766649273695456
0.00439033311634185,0.031081815550566223,0.0999823519779462,0.19447006893873742,0.25433444433137037,0.23049412195172353,0.1380256609720077,0.047221203161307394,0.2906488015393188
0.0034969141180558184,0.028857296170537925,0.10559222430475786,0.21912124128627436,0.2844102648342233,0.2222463779545378,0.09866384468265534,0.037611836648957425,0.6008956430123948
0.003364455444619141,0.028444338336722462,0.10706338794688984,0.22661844515030186,0.28571717384838985,0.21516985033112226,0.09743520098132176,0.036187147960632486,0.6609183086759546
0.004557032900581794,0.032261983845035494,0.10390675589930223,0.20274076574061625,0.26747646710107476,0.22770086040552565,0.11234195438419971,0.04901417972366435,0.2462276282327254
0.002846610551462726,0.024066287983747027,0.09044921056873247,0.19873323766572196,0.2811789347627145,0.26021269790908047,0.11189566838738077,0.030617352171159514,0.9491830244062894
0.003023577836639965,0.025562434215126963,0.09597080187229405,0.20983322205835117,0.28447270029011756,0.23627692047238924,0.11233958013427012,0.03252076312081027,0.839565899777811
0.004684982278945149,0.03316781464937616,0.10688651278858755,0.20891677059321534,0.2643126494083068,0.2161446845608632,0.11549621803363432,0.05039036768707184,0.21427675816885855
0.0029378267341811063,0.024837462994304973,0.0932901414070853,0.20437225137196102,0.28664668840966034,0.2471636418244404,0.10915353916997196,0.03159844808839428,0.8910326807538266
0.0030287112697434887,0.02560583413836241,0.09607456090584963,0.20980097240226375,0.28417277550132214,0.23621085850951823,0.11253031037197356,0.032575976900966086,0.8365773292759465
0.004398136223988177,0.031137058454955777,0.1001289938401137,0.19450219160605892,0.254036565315485,0.23022094406056412,0.13827097927974866,0.047305131219086256,0.28849435325666034
0.0035013861437706434,0.02889420029977251,0.10570253326910369,0.21919978202898655,0.28410527215736975,0.22214686872752368,0.09879002085846307,0.037659936515010026,0.5989484278511874
0.003255652218273873,0.02752447601925844,0.10365558060932195,0.2199824190146403,0.2877511107104676,0.2261021382803821,0.09671173245901271,0.03501689068864293,0.7138753376604032
0.004547950796254115,0.032197686151889345,0.10366755251880604,0.20233742220710652,0.26746870276083917,0.22874613202860192,0.11211805840355792,0.04891649513294544,0.24856389908285267
0.0028723664395536048,0.02428403769304735,0.09131568760709594,0.20058952373374336,0.28264057198185294,0.2585403393517083,0.10886309784571264,0.03089437534728531,0.932389445615811
0.002996472948081176,0.025333279561889275,0.09516064943806551,0.20813425708674316,0.2907258151771643,0.23408778427986482,0.11133251103772444,0.032229230470466504,0.8555155343395144
0.004685743058415296,0.033173200666003856,0.10687077799701611,0.2088214008416844,0.26435557030435236,0.21617978361328316,0.11551497309957223,0.050398550419672936,0.21409199858007893
0.002940620694720203,0.02486108415980461,0.09342810642241436,0.20467991933996216,0.2865291866725354,0.24667523612903636,0.10925734742986536,0.03162849915166104,0.8893084725562841
0.0029992017190264594,0.025356349590691465,0.09518870485822886,0.2079939053294234,0.29057916430198066,0.23419019661845678,0.11143389720961687,0.0322585803725749,0.8538967623905935
0.005434837245337088,0.032103520779205634,0.09096697730430564,0.17163699028057805,0.2384373477512161,0.2397549592376936,0.16320976804055173,0.05845559936111231,0.05727034140729476
0.004748327131872811,0.03361627106090601,0.10799432741748284,0.20015527264664126,0.24365759696146444,0.21616285093264306,0.1425936665239647,0.05107168732502511,0.19909586327466713
0.004720842063156005,0.033421687685655836,0.10763819158560009,0.21005996816425362,0.264146603015174,0.21285639291415184,0.11638024900947583,0.050776065562533376,0.20563275587424393
0.005401975214367022,0.031909405142164324,0.09056879295321944,0.17139438962686407,0.2389855166381027,0.24141486439629004,0.16222291154239854,0.05810214448659389,0.06323780661802168
0.004585726277392961,0.03246512156190894,0.10442509633960184,0.20323965459167326,0.26706742017516927,0.22584486736981974,0.11304931597213935,0.04932279771229502,0.23890737685625668
0.004844478934253437,0.03429698765057091,0.11059337140452398,0.21651168657897918,0.2611570178563161,0.20106238932267362,0.11942819885668006,0.05210586939600304,0.17681128849457578
0.0053972982482274855,0.031881778357245774,0.09056218775739264,0.17148465696346912,0.239333927200924,0.24120585026691022,0.16208246086755593,0.05805184033827505,0.06409301086040019
0.004707066648352677,0.033324163217533856,0.10725085618075014,0.2092204488538594,0.2638840558779097,0.21494485669275892,0.11604065150047796,0.05062790102835761,0.2089377408661978
0.004840717166308923,0.03427035582690355,0.11057189814140561,0.21655761149141878,0.26145228325926545,0.20090626313010138,0.11933546211941125,0.05206540886518537,0.17766649273695456
0.00439033311634185,0.031081815550566223,0.0999823519779462,0.19447006893873742,0.25433444433137037,0.23049412195172353,0.1380256609720077,0.047221203161307394,0.2906488015393188
0.0034969141180558184,0.028857296170537925,0.10559222430475786,0.21912124128627436,0.2844102648342233,0.2222463779545378,0.09866384468265534,0.037611836648957425,0.6008956430123948
0.003364455444619141,0.028444338336722462,0.10706338794688984,0.22661844515030186,0.28571717384838985,0.21516985033112226,0.09743520098132176,0.036187147960632486,0.6609183086759546
0.004557032900581794,0.032261983845035494,0.10390675589930223,0.20274076574061625,0.26747646710107476,0.22770086040552565,0.11234195438419971,0.04901417972366435,0.2462276282327254
0.002846610551462726,0.024066287983747027,0.09044921056873247,0.19873323766572196,0.2811789347627145,0.26021269790908047,0.11189566838738077,0.030617352171159514,0.9491830244062894
0.003023577836639965,0.025562434215126963,0.09597080187229405,0.20983322205835117,0.28447270029011756,0.23627692047238924,0.11233958013427012,0.03252076312081027,0.839565899777811
0.004684982278945149,0.03316781464937616,0.10688651278858755,0.20891677059321534,0.2643126494083068,0.2161446845608632,0.11549621803363432,0.05039036768707184,0.21427675816885855
0.0029378267341811063,0.024837462994304973,0.0932901414070853,0.20437225137196102,0.28664668840966034,0.2471636418244404,0.10915353916997196,0.03159844808839428,0.8910326807538266
0.0030287112697434887,0.02560583413836241,0.09607456090584963,0.20980097240226375,0.28417277550132214,0.23621085850951823,0.11253031037197356,0.032575976900966086,0.8365773292759465
0.004398136223988177,0.031137058454955777,0.1001289938401137,0.19450219160605892,0.254036565315485,0.23022094406056412,0.13827097927974866,0.047305131219086256,0.28849435325666034
0.0035013861437706434,0.02889420029977251,0.10570253326910369,0.21919978202898655,0.28410527215736975,0.22214686872752368,0.09879002085846307,0.037659936515010026,0.5989484278511874
0.003255652218273873,0.02752447601925844,0.10365558060932195,0.2199824190146403,0.2877511107104676,0.2261021382803821,0.09671173245901271,0.03501689068864293,0.7138753376604032
0.004547950796254115,0.032197686151889345,0.10366755251880604,0.20233742220710652,0.26746870276083917,0.22874613202860192,0.11211805840355792,0.04891649513294544,0.24856389908285267
0.0028723664395536048,0.02428403769304735,0.09131568760709594,0.20058952373374336,0.28264057198185294,0.2585403393517083,0.10886309784571264,0.03089437534728531,0.932389445615811
0.002996472948081176,0.025333279561889275,0.09516064943806551,0.20813425708674316,0.2907258151771643,0.23408778427986482,0.11133251103772444,0.032229230470466504,0.8555155343395144
0.004685743058415296,0.033173200666003856,0.10687077799701611,0.2088214008416844,0.26435557030435236,0.21617978361328316,0.11551497309957223,0.050398550419672936,0.21409199858007893
0.002940620694720203,0.02486108415980461,0.09342810642241436,0.20467991933996216,0.2865291866725354,0.24667523612903636,0.10925734742986536,0.03162849915166104,0.8893084725562841
0.0029992017190264594,0.025356349590691465,0.09518870485822886,0.2079939053294234,0.29057916430198066,0.23419019661845678,0.11143389720961687,0.0322585803725749,0.8538967623905935
0.005454437169681463,0.032219297305724495,0.0911592888062781,0.1715298269639749,0.23760105821154273,0.2395713212823705,0.16379835955883543,0.058666410701592814,0.05374539487382122
0.004793923352814435,0.033939074203983066,0.10891204355280382,0.20104627663070038,0.24258722117894166,0.21319641896312183,0.1439629345089063,0.0515621076087293,0.18841683449066188
0.004387866944500534,0.031064356032972338,0.09993694482029886,0.19434480731591552,0.254155557923269,0.23096766112961506,0.13794812813123045,0.04719467770219906,0.2913313084242326
0.005433800960353967,0.032097399455790224,0.0909671454907663,0.17165077401881834,0.23851853453422162,0.23970924407591945,0.16317864809636864,0.05844445336776187,0.05745741977029516
0.004637187982355763,0.03282945000332439,0.10548156240090986,0.20449755360889516,0.25184086253661386,0.21158095292430468,0.13925612503116946,0.04987630551242763,0.22600540868238106
0.004706455780477787,0.033319838515487345,0.10732534424124612,0.20935284284403444,0.2642224443538387,0.2144261514413942,0.11602559212029949,0.05062133070322271,0.209084747719534
0.0054042541942689775,0.03192286705009921,0.09054440444985291,0.17125716534331237,0.2389365901612531,0.24151671225788873,0.16229134998211195,0.05812665656121306,0.06282162129059549
0.004734512616051758,0.0335184697731012,0.10775838442558151,0.2096595312551714,0.26321595860023284,0.2134727796815132,0.11671726141718206,0.05092310223116677,0.20237194240935744
0.004684273474885648,0.03316279659802218,0.10688182389370399,0.2088339765134506,0.2644636578167006,0.21611198342759644,0.11547874428809485,0.05038274398754648,0.2144489492398342
0.0044163488869465445,0.03126599687847756,0.10046490497038647,0.19485957934514878,0.253719072840525,0.22892951671392206,0.13884355880304997,0.04750102156154438,0.28349543512241476
0.0033999031149108674,0.028056740264660755,0.10257828149506783,0.21217654831779595,0.2725352126449477,0.22568607768724924,0.1189988232220834,0.036568413253284214,0.6443971310591079
0.0035590509792756764,0.030089520244373637,0.11382415531798531,0.2355488820835446,0.29013946378483024,0.2046281251496317,0.08393063897662043,0.03828016346373765,0.5742782962991674
0.0043897586960476576,0.03107774888292177,0.09998341883289671,0.19451630424451907,0.2544916680684831,0.23031847438199346,0.13800760203691534,0.04721502485622364,0.29080770241080395
0.003194487172448851,0.026361603212489673,0.0964704875706149,0.20641422424896655,0.27773588582054043,0.23677466122839877,0.11868963429630672,0.034359016450234196,0.745229758032796
0.003161751858919088,0.026730607996515266,0.1008614761885616,0.22288403907572665,0.29375462370479344,0.22258318769680113,0.09601738896538618,0.0340069245132957,0.7625089010452905
0.00470524204787294,0.0333112457704833,0.10723163188864596,0.20924336906575652,0.2640430268305027,0.2148615376072355,0.11599567065694756,0.05060827613255616,0.20937694871562293
0.0030408025319922307,0.025708058097033436,0.09704572286260656,0.214994111315074,0.29410912459266986,0.2357696116167749,0.0966265418256477,0.032706027158200375,0.8295779395713028
0.0029856094987857342,0.025241435983530233,0.09518410813559933,0.20976650807621922,0.28639853115526587,0.23738253611775068,0.11092888480463362,0.03211238622821455,0.8619893302212489
0.004774825926343981,0.03380387200603693,0.10858596593158956,0.20084662274745047,0.24310624795723293,0.21413633128535886,0.14338943315022468,0.051356700995763484,0.1928647941787534
0.00375289840231,0.030969734181979014,0.11320197822610062,0.2265311677940841,0.26591095257977304,0.20128249177537139,0.11798564455428806,0.04036513248609439,0.4969045471503974
0.0037128925622325146,0.03063959728507717,0.11220679298918783,0.23364962086804889,0.29203079814591554,0.20826395816156884,0.07956149920227139,0.03993484078569791,0.5122111505650842
0.004394771430967839,0.031113237056156963,0.1000665546323999,0.19442377252984536,0.25398605011627634,0.23058147869253498,0.1381651951015646,0.047268940440254974,0.2894224388059572
0.0033194389652347646,0.02739273259391912,0.10022047077621975,0.214295838029627,0.288495299615786,0.22976716053325155,0.10080609626992294,0.03570296321603897,0.6824078271149504
0.0030331239878352762,0.025643140872974732,0.09680897470740163,0.2146161583877111,0.2943947267894794,0.2364978930291541,0.0963825433547388,0.0326234388707037,0.8340164283840178
0.004721519787203927,0.03342648570286626,0.10756925426360657,0.20949817162123857,0.2635556954818846,0.21404856161204067,0.11639695655707044,0.05078335497408966,0.2054706546718692
0.0030166632955200084,0.025503976152508306,0.09632584767785086,0.21401556604289734,0.2950107249716336,0.23782135205578103,0.09585947756610362,0.03244639223770408,0.8436074687682862
0.0028674793695034535,0.024242720613279183,0.09146602427022274,0.20227512566132896,0.28731779382014133,0.2504111174486976,0.11057792743714555,0.030841811379680492,0.9355527650081917
0.005437042032738095,0.03211654443289511,0.09097019757733871,0.17159214231015957,0.2382765594843492,0.23985222226317054,0.16327597845754366,0.05847931344180539,0.056872553010901425
0.004761463981498511,0.033709274741073623,0.1082636097716359,0.20044489897364282,0.2434281596521016,0.21519143925135373,0.14298816999912095,0.051212983629573314,0.19599812501978062
0.004722505511924288,0.03343346424256473,0.10764686296455472,0.21003455294302195,0.2640160045390629,0.21293139557254995,0.11642125707102023,0.05079395715530184,0.20523496747785072
0.005418004829574213,0.03200409189388412,0.0908039783524127,0.17162955744174863,0.23882015749158145,0.2403453697942574,0.1627042856225496,0.058274554573992235,0.06031792161445157
0.00440255968045213,0.03116837477065782,0.10022679481436418,0.19474800040723925,0.2541525619104663,0.22953895343865807,0.1384100462903919,0.04735270868777125,0.2872764229034292
0.004857366743188532,0.03438822822151541,0.11085749211697948,0.2168425459013324,0.2610677525890025,0.19999621261961598,0.1197459147202881,0.05224448708807814,0.1738914034910058
0.00539947267732117,0.03189462268476485,0.0905652226996665,0.17144005751646035,0.23917461117129893,0.2413030257414283,0.1621477596156105,0.05807522789344951,0.063695222464007
0.004719975874829856,0.033415555416173776,0.10751575320949947,0.20953241300820227,0.2637120892036335,0.21397856884746083,0.11635889535863606,0.05076674908156459,0.20584000261131144
0.004842466182339176,0.03428273816605794,0.11058184977748928,0.21653389836064163,0.26131739383826885,0.20097885325729128,0.11937857962226334,0.05208422079564903,0.17726870434056108
0.004404938026455251,0.031185212516183166,0.10028766495606325,0.1948497866035127,0.2542246995549079,0.22918459081122391,0.13848481801508844,0.04737828951656605,0.28662259325949485
0.003383544484274718,0.027921745285294706,0.10214797277914964,0.21169564997788987,0.2729886973002968,0.22704366530955064,0.11842626049619596,0.03639246436734773,0.6519784215882262
0.003295407227027043,0.027860579420884126,0.10515215395176372,0.22383881978787326,0.28541837423293975,0.21891389036418085,0.10007629049832328,0.03544448451700764,0.694120230792353
0.0043794437441622746,0.031004723118493765,0.09983034248625965,0.1944454257235324,0.2546979405323381,0.2308547292805801,0.1376833150149181,0.04710408009971627,0.2936682042549605
0.003081360728483434,0.025428059182519395,0.09311177413588248,0.19952261647232233,0.27843682802253816,0.24845131800620548,0.11882578360133544,0.03314225985071259,0.806500772253846
0.003087074537872358,0.026099258578786925,0.09825416897645468,0.21611793795746043,0.2965779750946115,0.232910311683782,0.09374955717409304,0.03320371599693873,0.8032984081071926
0.0047016170495893265,0.03328558222171908,0.10723690335768281,0.2093733580978464,0.2642309423559892,0.214696004634199,0.11590630562476434,0.05056928665821018,0.21025054988903458
0.0029677115020933908,0.025090119765542932,0.09449669754327852,0.20838150041439343,0.2967777221971645,0.24606241505645104,0.09430395317239083,0.0319198803486849,0.8727585531007752
0.002999801263670413,0.025361418360654777,0.09541785486048773,0.2094748570672734,0.2855027405807879,0.2375221259564682,0.11145617300247304,0.032265028908183974,0.8535414928348604
0.004399579991882739,0.031147279758489563,0.10013460723888565,0.19447340715883882,0.2539115783765394,0.2302965182562603,0.13831636923368978,0.0473206599854145,0.288096564860267
0.0035085241112963197,0.0289531043608933,0.10589628411981569,0.21945201994701827,0.2840186664913065,0.22144327508674988,0.09899141537246237,0.03773671051045792,0.5958506895963005
0.0031972713872026994,0.027030903095288432,0.10207430824019871,0.21777488040504636,0.2872539382749855,0.22879971394842616,0.09948002195830907,0.03438896269054266,0.7437764532384947
0.004559307328731893,0.03227808589341566,0.10389817193934624,0.20261258515447012,0.2674006757122981,0.22781450655599383,0.11239802457483973,0.04903864284090523,0.24564401407928255
0.0028976960814858033,0.024498183761237906,0.09237243895360354,0.20431565625777767,0.2926960092591915,0.25781351382902296,0.09423968791952086,0.031166813938159284,0.9161649576888535
0.0029622746026504968,0.025044154226750093,0.09433169267574697,0.2074884982055295,0.2920401812053759,0.2362099085518841,0.11006188796316237,0.031861402568899834,0.8760557048145498
0.004687381859680216,0.03318480272837372,0.10687911648577533,0.20879574146721164,0.2642260162395341,0.21625539076852385,0.11555537354015823,0.050416176910743446,0.21369421018368545
0.0028805555504570236,0.024353271435341762,0.09176974962750357,0.20230219462552154,0.28651659345866043,0.25011299904899187,0.11108218110467562,0.030982455148847846,0.9271128321742205
0.002977583228737849,0.025173578957458136,0.0947610045886466,0.20808584336297178,0.2917070634103545,0.2346381959524209,0.11063067260176021,0.032026057897649396,0.8668027249685925
0.005434837245337088,0.032103520779205634,0.09096697730430564,0.17163699028057805,0.2384373477512161,0.2397549592376936,0.16320976804055173,0.05845559936111231,0.05727034140729476
0.004748327131872811,0.03361627106090601,0.10799432741748284,0.20015527264664126,0.24365759696146444,0.21616285093264306,0.1425936665239647,0.05107168732502511,0.19909586327466713
0.004720842063156005,0.033421687685655836,0.10763819158560009,0.21005996816425362,0.264146603015174,0.21285639291415184,0.11638024900947583,0.050776065562533376,0.20563275587424393
0.005401975214367022,0.031909405142164324,0.09056879295321944,0.17139438962686407,0.2389855166381027,0.24141486439629004,0.16222291154239854,0.05810214448659389,0.06323780661802168
0.004585726277392961,0.03246512156190894,0.10442509633960184,0.20323965459167326,0.26706742017516927,0.22584486736981974,0.11304931597213935,0.04932279771229502,0.23890737685625668
0.004844478934253437,0.03429698765057091,0.11059337140452398,0.21651168657897918,0.2611570178563161,0.20106238932267362,0.11942819885668006,0.05210586939600304,0.17681128849457578
0.0053972982482274855,0.031881778357245774,0.09056218775739264,0.17148465696346912,0.239333927200924,0.24120585026691022,0.16208246086755593,0.05805184033827505,0.06409301086040019
0.004707066648352677,0.033324163217533856,0.10725085618075014,0.2092204488538594,0.2638840558779097,0.21494485669275892,0.11604065150047796,0.05062790102835761,0.2089377408661978
0.004840717166308923,0.03427035582690355,0.11057189814140561,0.21655761149141878,0.26145228325926545,0.20090626313010138,0.11933546211941125,0.05206540886518537,0.17766649273695456
0.00439033311634185,0.031081815550566223,0.0999823519779462,0.19447006893873742,0.25433444433137037,0.23049412195172353,0.1380256609720077,0.047221203161307394,0.2906488015393188
0.0034969141180558184,0.028857296170537925,0.10559222430475786,0.21912124128627436,0.2844102648342233,0.2222463779545378,0.09866384468265534,0.037611836648957425,0.6008956430123948
0.003305658113489574,0.02794724416874336,0.10544511611806114,0.224222101355817,0.2851008317398574,0.2180367146395835,0.10038759366082045,0.03555474020362716,0.6891034049582838
0.004557032900581794,0.032261983845035494,0.10390675589930223,0.20274076574061625,0.26747646710107476,0.22770086040552565,0.11234195438419971,0.04901417972366435,0.2462276282327254
0.0028043763570062634,0.023709224638348927,0.08932168655401791,0.19715122869725363,0.2807203160514535,0.26194531813099226,0.11418475666072375,0.0301630929102029,0.9773885689513557
0.0029993850052020404,0.025357899159136194,0.09543225367272602,0.2095465284866442,0.285572916872842,0.23738975793638759,0.1114407071193072,0.03226055174775406,0.8537881382277248
0.004684982278945149,0.03316781464937616,0.10688651278858755,0.20891677059321534,0.2643126494083068,0.2161446845608632,0.11549621803363432,0.05039036768707184,0.21427675816885855
0.0028903698103632026,0.024436244782408183,0.09200417143816089,0.20247930463289662,0.28612012210270443,0.24952112654811115,0.11146064608381256,0.031088014601542337,0.9208284510840837
0.003008293206181232,0.025433212352250073,0.09565690702746359,0.20978299801903902,0.28521400187559526,0.2367765345953838,0.11177168704171137,0.03235636588237504,0.8485246670007912
0.004398136223988177,0.031137058454955777,0.1001289938401137,0.19450219160605892,0.254036565315485,0.23022094406056412,0.13827097927974866,0.047305131219086256,0.28849435325666034
0.0035013861437706434,0.02889420029977251,0.10570253326910369,0.21919978202898655,0.28410527215736975,0.22214686872752368,0.09879002085846307,0.037659936515010026,0.5989484278511874
0.003199367327240756,0.027048622939868722,0.10210818921391676,0.2177068727055052,0.2870305052921108,0.2289497013667854,0.09954523511532906,0.034411506039242694,0.7426840829659934
0.004547950796254115,0.032197686151889345,0.10366755251880604,0.20233742220710652,0.26746870276083917,0.22874613202860192,0.11211805840355792,0.04891649513294544,0.24856389908285267
0.0028281391833566054,0.023910124273868526,0.09012591177362919,0.198891282287012,0.2821482127742544,0.26050806173317853,0.11116958870668764,0.03041867926801243,0.9614152323380876
0.002974069804877046,0.025143875185581217,0.094676596468345,0.20797151217378504,0.29181263118680517,0.23493291366558974,0.11050013302822138,0.03198826848679462,0.8689179184748087
0.004685743058415296,0.033173200666003856,0.10687077799701611,0.2088214008416844,0.26435557030435236,0.21617978361328316,0.11551497309957223,0.050398550419672936,0.21409199858007893
0.0028926977192376972,0.024455925776474867,0.09212671256310867,0.20276634576917563,0.28608443267319256,0.2490104158741053,0.11155041668210938,0.031113052942595396,0.9193440743598602
0.0029794009534413303,0.025188946667722072,0.09478809158972068,0.20801659653786,0.291501710632852,0.23478143549012603,0.11069820928876532,0.03204560883951185,0.8657103546960911
0.005434837245337088,0.032103520779205634,0.09096697730430564,0.17163699028057805,0.2384373477512161,0.2397549592376936,0.16320976804055173,0.05845559936111231,0.05727034140729476
0.004748327131872811,0.03361627106090601,0.10799432741748284,0.20015527264664126,0.24365759696146444,0.21616285093264306,0.1425936665239647,0.05107168732502511,0.19909586327466713
0.004720842063156005,0.033421687685655836,0.10763819158560009,0.21005996816425362,0.264146603015174,0.21285639291415184,0.11638024900947583,0.050776065562533376,0.20563275587424393
0.005401975214367022,0.031909405142164324,0.09056879295321944,0.17139438962686407,0.2389855166381027,0.24141486439629004,0.16222291154239854,0.05810214448659389,0.06323780661802168
0.004585726277392961,0.03246512156190894,0.10442509633960184,0.20323965459167326,0.26706742017516927,0.22584486736981974,0.11304931597213935,0.04932279771229502,0.23890737685625668
0.004844478934253437,0.03429698765057091,0.11059337140452398,0.21651168657897918,0.2611570178563161,0.20106238932267362,0.11942819885668006,0.05210586939600304,0.17681128849457578
0.0053972982482274855,0.031881778357245774,0.09056218775739264,0.17148465696346912,0.239333927200924,0.24120585026691022,0.16208246086755593,0.05805184033827505,0.06409301086040019
0.004707066648352677,0.033324163217533856,0.10725085618075014,0.2092204488538594,0.2638840558779097,0.21494485669275892,0.11604065150047796,0.05062790102835761,0.2089377408661978
0.004840717166308923,0.03427035582690355,0.11057189814140561,0.21655761149141878,0.26145228325926545,0.20090626313010138,0.11933546211941125,0.05206540886518537,0.17766649273695456
0.00439033311634185,0.031081815550566223,0.0999823519779462,0.19447006893873742,0.25433444433137037,0.23049412195172353,0.1380256609720077,0.047221203161307394,0.2906488015393188
0.0034969141180558184,0.028857296170537925,0.10559222430475786,0.21912124128627436,0.2844102648342233,0.2222463779545378,0.09866384468265534,0.037611836648957425,0.6008956430123948
0.003305658113489574,0.02794724416874336,0.10544511611806114,0.224222101355817,0.2851008317398574,0.2180367146395835,0.10038759366082045,0.03555474020362716,0.6891034049582838
0.004557032900581794,0.032261983845035494,0.10390675589930223,0.20274076574061625,0.26747646710107476,0.22770086040552565,0.11234195438419971,0.04901417972366435,0.2462276282327254
0.0028043763570062634,0.023709224638348927,0.08932168655401791,0.19715122869725363,0.2807203160514535,0.26194531813099226,0.11418475666072375,0.0301630929102029,0.9773885689513557
0.0029993850052020404,0.025357899159136194,0.09543225367272602,0.2095465284866442,0.285572916872842,0.23738975793638759,0.1114407071193072,0.03226055174775406,0.8537881382277248
0.004684982278945149,0.03316781464937616,0.10688651278858755,0.20891677059321534,0.2643126494083068,0.2161446845608632,0.11549621803363432,0.05039036768707184,0.21427675816885855
0.0028903698103632026,0.024436244782408183,0.09200417143816089,0.20247930463289662,0.28612012210270443,0.24952112654811115,0.11146064608381256,0.031088014601542337,0.9208284510840837
0.003008293206181232,0.025433212352250073,0.09565690702746359,0.20978299801903902,0.28521400187559526,0.2367765345953838,0.11177168704171137,0.03235636588237504,0.8485246670007912
0.004398136223988177,0.031137058454955777,0.1001289938401137,0.19450219160605892,0.254036565315485,0.23022094406056412,0.13827097927974866,0.047305131219086256,0.28849435325666034
0.0035013861437706434,0.02889420029977251,0.10570253326910369,0.21919978202898655,0.28410527215736975,0.22214686872752368,0.09879002085846307,0.037659936515010026,0.5989484278511874
0.003199367327240756,0.027048622939868722,0.10210818921391676,0.2177068727055052,0.2870305052921108,0.2289497013667854,0.09954523511532906,0.034411506039242694,0.7426840829659934
0.004547950796254115,0.032197686151889345,0.10366755251880604,0.20233742220710652,0.26746870276083917,0.22874613202860192,0.11211805840355792,0.04891649513294544,0.24856389908285267
0.0028281391833566054,0.023910124273868526,0.09012591177362919,0.198891282287012,0.2821482127742544,0.26050806173317853,0.11116958870668764,0.03041867926801243,0.9614152323380876
0.002974069804877046,0.025143875185581217,0.094676596468345,0.20797151217378504,0.29181263118680517,0.23493291366558974,0.11050013302822138,0.03198826848679462,0.8689179184748087
0.004685743058415296,0.033173200666003856,0.10687077799701611,0.2088214008416844,0.26435557030435236,0.21617978361328316,0.11551497309957223,0.050398550419672936,0.21409199858007893
0.0028926977192376972,0.024455925776474867,0.09212671256310867,0.20276634576917563,0.28608443267319256,0.2490104158741053,0.11155041668210938,0.031113052942595396,0.9193440743598602
0.0029794009534413303,0.025188946667722072,0.09478809158972068,0.20801659653786,0.291501710632852,0.23478143549012603,0.11069820928876532,0.03204560883951185,0.8657103546960911
0.0057689575161714805,0.03407716535645377,0.08699667612247482,0.1550332428561948,0.2303410575620309,0.2524900979468363,0.17324349847973167,0.06204930416010675,4.5657694330867346E-4
0.005344187266958083,0.037834724267501785,0.1126877483998019,0.177664361410724,0.21460169430635653,0.23389916855826823,0.16048752240995587,0.05748059338043404,0.07390960567432497
0.005031216507860765,0.03561901553898304,0.10637509343294763,0.18865256564367702,0.23623237948784948,0.22288644447907113,0.15108891805624253,0.05411436685336878,0.13596559647152368
0.005760544160642337,0.03402746776260503,0.08703173340623606,0.1555727156144797,0.23053601326319145,0.252121870419478,0.17299084292771263,0.061958812445655466,0.0018062948695070848
0.005216734532801501,0.03693240950698287,0.11014691998339668,0.1946519962294388,0.21196117163763184,0.22832094177455917,0.15666007915106583,0.056109747184123815,0.09828229075007065
0.004991266088304275,0.035336182428392746,0.10567072810121281,0.18806228184215296,0.2368696150530405,0.22549606009141668,0.14988919515478275,0.053684671240697736,0.1444470881492263
0.005749153271983139,0.0339601819149786,0.08693612646494071,0.15586148653866233,0.23138466029082683,0.2516233251302814,0.1726487711761733,0.06183629521215405,0.0036399803024742563
0.005000378744543891,0.03540069641694663,0.10564527861664066,0.18751728612613988,0.2365830718978636,0.22590775284484768,0.1501628509137251,0.0537826844392927,0.14250053624092893
0.004982712137852393,0.03527562385501606,0.10555592367374579,0.18825687554500795,0.2375942713465697,0.2251096086197878,0.14963231749569922,0.05359266732632127,0.1462807735821935
0.005044316731299011,0.035711759920283664,0.10651416648401126,0.18826803083507532,0.23525734154722394,0.22346679362911664,0.15148232163616937,0.05425526921682119,0.13321366272579482
0.004319128071070747,0.035642384610425605,0.1232601950450227,0.22238265526858658,0.24299706947221994,0.19523853412042214,0.12970469193381895,0.04645534147843389,0.3106682374781551
0.0039436234223207784,0.03254363854559054,0.11276865583415595,0.2213413623013188,0.2693447815567136,0.20898700079309185,0.1086544197377309,0.04241651780907819,0.42820085927154183
0.005032537907958617,0.035628370527094784,0.10640691586474664,0.1887356489649539,0.23599436374140714,0.2229449834366144,0.15112860009154988,0.054128579465675085,0.1356873633049787
0.00412231917012238,0.03401827473756929,0.11775950129595936,0.2292166864606786,0.2573043193999954,0.18944591681627715,0.12379446249692869,0.04433851962246955,0.36959894640187774
0.003915800662724129,0.03231403907964524,0.11208313393642969,0.22067741190463602,0.27005611992036976,0.21094838142786332,0.10788784913102291,0.04211726393730904,0.43780633360223065
0.004989855855025037,0.035326198536622576,0.10557084296264672,0.1879469830333329,0.2372174226249146,0.22543234839128853,0.14984684543279522,0.05366950316337444,0.14474896294993972
0.0038540791650130963,0.031804699850997924,0.1101481471244437,0.21525201830364837,0.27059987654842094,0.22070047134185627,0.1061873030085969,0.041453404657022505,0.4596100173791544
0.0038899107576271233,0.03210038994958688,0.111393832637429,0.2198514087607011,0.2707843678692714,0.21296675832589843,0.10717453238798443,0.04183879931150148,0.44686793324719165
0.0052795065403562075,0.03737681040068541,0.1114430736544587,0.18632288392777258,0.21317939324731688,0.2310682856909217,0.15854514108208012,0.056784905456408574,0.08613138717566209
0.004552924803657216,0.03757172611787526,0.12990018213691987,0.2252353018793417,0.21534640980552466,0.20169778420034817,0.1367256768817702,0.04896999417456335,0.24728323621448572
0.004161975796702242,0.03434552984870589,0.11898309038342991,0.2244819971666551,0.2520674385577328,0.19620955025875336,0.12498536270850781,0.04476505527951329,0.3572761512507449
0.00503441913011506,0.035641688833138244,0.10641113784539041,0.18858466689746015,0.23596585727002323,0.22302832290671465,0.1511850937486597,0.054148813368499055,0.13529150634368536
0.0041081922169899365,0.03390169604653844,0.11732693322570063,0.22830661114331524,0.25721511116892853,0.1915846562378604,0.12337022592096791,0.04418657403969946,0.37404618837925796
0.00384156961715284,0.031701468340192725,0.10993126649490222,0.21571454889436226,0.27166552731410326,0.21998412302859513,0.10584264087472164,0.0413188554359699,0.464114520575904
0.004994855204345874,0.03536159194512835,0.10564133988667176,0.18777688396182884,0.23684686721989914,0.22565820963669697,0.1499969773698109,0.05372327477561836,0.14367957027314462
0.003857134415665705,0.03182991244415322,0.11020822511317135,0.2151986665124258,0.27027288678533845,0.2208754275973529,0.1062714810477407,0.04148626608415169,0.45851430626665
0.003818490059614703,0.031511010809673425,0.10932161939332329,0.214934019106233,0.27212456777492294,0.22201292010960055,0.10520675461897107,0.0410706181276607,0.4725025845053634
0.005762199902529988,0.03403724821079432,0.08700247975834653,0.15538427254756135,0.2306022757764415,0.2521943373132306,0.1730405653457391,0.06197662114535719,0.0015403599116582617
0.005332195827026946,0.03774982963325684,0.1125345679853816,0.17801197375275857,0.21551806116339045,0.23337433892756823,0.16012741592630503,0.05735161678431265,0.07615306501532064
0.004990443499813802,0.03533035882843862,0.10560631245125386,0.18794310393383437,0.23713056791681408,0.22545889708299427,0.1498644925794042,0.053675823707447425,0.14462315086151403
0.00575416762858022,0.033989801661429495,0.0870429544148454,0.1557949196115525,0.23088578606674262,0.2518427885922307,0.17279935378612807,0.06189022823849154,0.0028318833953637564
0.005037307250232211,0.03566213557701629,0.10645262466350856,0.18854166680289602,0.23569829500376105,0.22315626866757274,0.15127182484898805,0.054179877186025474,0.1346843478615251
0.004980370744186685,0.03525904771736994,0.10553315650197813,0.18835050050602353,0.23774360699543742,0.22500382883618195,0.14956200475222203,0.05356748394660062,0.1467837893436839
0.005747138148242248,0.03394827860233684,0.08701308250677423,0.15604993592863933,0.23130355813540124,0.25153512916258947,0.17258825641492523,0.06181462110109183,0.00396512810353467
0.004995042615317907,0.03536291874041028,0.10562590915177163,0.18776580318196595,0.23685575390425587,0.22566667651365038,0.15000260537666613,0.053725290515962094,0.14363952349905623
0.004975103870535519,0.03522176034280961,0.10548774352031552,0.18853683115311354,0.23809800587346688,0.22476588134223444,0.14940383898053436,0.053510834916990345,0.14791703405185483
0.005039149388447257,0.03567517718427055,0.10649924836639782,0.18854096737859394,0.23548074547419742,0.22323787669146702,0.1513271448037915,0.05419969071283512,0.13429744569414429
0.004311292202946867,0.03557772132171727,0.12311716180116565,0.22258258463366967,0.24368647290195566,0.19488432758130278,0.1294693784991817,0.04637106105806085,0.3129116968191507
0.00391852889072871,0.03233655301075451,0.11212431970341531,0.22057627910230382,0.26983934023013556,0.21109535399651602,0.10796301706644801,0.0421466079996981,0.43685841366153333
0.005027670559986805,0.035593911635737045,0.10639798095176727,0.18889772403677627,0.23629469651441587,0.22272935648401063,0.15098243219404134,0.05407622762326517,0.13671295183083537
0.004009464562643611,0.03308697396143377,0.11461060665791915,0.2234068859554892,0.2749566403252072,0.18639933642187645,0.12040540529476126,0.04312468682066955,0.40600100351333235
0.00390909155179635,0.03225867403648211,0.11196416737537859,0.22084775373487747,0.2706852560657257,0.21058695442660977,0.1077030002048582,0.042045102604271876,0.4401430347966881
0.00498833779113291,0.0353154512469207,0.10563196918188361,0.18810078989231482,0.2371452539662733,0.22536376510588846,0.1498012575256472,0.05365317528993924,0.145074110751
0.0038509083708039597,0.031778533767273874,0.11012950975153701,0.21542079387042842,0.2707821136568044,0.2205188985856874,0.10609994152196217,0.04141930047550266,0.4607490046372816
0.0038852722432577017,0.0320621119197495,0.11133362642799642,0.22003236329411494,0.271138178343946,0.21271280664673278,0.10704673238446431,0.041788908739738305,0.4485041937168529
0.005037535277450903,0.03566374991920037,0.10642955895795618,0.18845999805690578,0.23578178499692504,0.22316637043439977,0.1512786725737293,0.05418232978343319,0.13463644022194754
0.0042874169895024735,0.035380697865538505,0.12240508091153487,0.22139111240421702,0.24410206167557472,0.19756696547152314,0.12875239878621578,0.04611426589589405,0.31979788212076105
0.0038399471635222333,0.03168807949981497,0.10984867294890761,0.21552695852631631,0.272458150106088,0.21953884782708896,0.10579793915275013,0.041301404775511925,0.4647008922227552
0.004992859260840193,0.03534746145747537,0.10562602682981713,0.18792610941570081,0.23690066083286973,0.22556803664476796,0.14993703859669238,0.053701806961836886,0.1441062584830233
0.0038145439901721445,0.03147844698603662,0.10901185991911899,0.2128550651778299,0.2656844391388512,0.23102943668018833,0.10509803280666535,0.04102817530113756,0.47394690993267824
0.003850943642497188,0.0317788248369609,0.11027149922947749,0.21721004868168373,0.27853472300485954,0.2108333674314511,0.10610091332503525,0.04141967984803491,0.46073632430640415
0.004983953863504994,0.03528441477968528,0.10550393828705175,0.188132874292601,0.23765348145011975,0.2251657074607276,0.14966960688387823,0.0536060229824317,0.14601419793793052
0.003829420265446746,0.03160120924642416,0.10948794182548435,0.214422810337884,0.27131411591343824,0.2226484191881069,0.10550790283854312,0.04118818038467227,0.4685174932556561
0.003845643760774037,0.031735089059818394,0.11017090174229698,0.21732928731860912,0.2790583040631853,0.2105432068852542,0.10595489137728835,0.04136267579277352,0.46264426376131135
0.005761243522242969,0.03403159888349505,0.08702373090873014,0.15548876614528348,0.2305640015974083,0.25215247939493823,0.17301184496318542,0.06196633458471678,0.0016939491149666887
0.0053269411436097525,0.03771262856071365,0.11245667013162966,0.17814034967584266,0.21595433831170083,0.2331443570760868,0.15996961623094477,0.05729509886947196,0.07713933812462362
0.004989726131954726,0.03532528014878338,0.10562204348246469,0.18802892398575446,0.23709648079653423,0.2254264877457648,0.1498429498106709,0.05366810789807325,0.14477674006482247
0.005748214269522688,0.03395463523829998,0.08698850896039673,0.15593277702091457,0.23134686850566388,0.25158222778772915,0.17262057265488528,0.06182619556258786,0.0037914635196930027
0.005001524491024095,0.035408807847177946,0.10572741807389247,0.1876346894814393,0.23627577879095563,0.2259595155264156,0.1501972580190028,0.05379500777009229,0.14225629564160475
0.00497591027203617,0.03522746934530184,0.10546946607338369,0.18844067890023994,0.23813659855298366,0.22480231305275264,0.14942805545582655,0.053519508347475625,0.14774336946801303
0.005746186760753023,0.03394265876743643,0.0870342763630023,0.15615404624221124,0.23126526789324123,0.25149348976419444,0.1725596859675643,0.061804388241597265,0.004118717306843097
0.004990431140599235,0.03533027133010597,0.10555931035461379,0.1878770645904855,0.23724477166367433,0.22545833871681198,0.14986412142853964,0.05367569077516952,0.14462579660835936
0.00497439090567536,0.03521671283463875,0.10550344319610108,0.18862230236410568,0.23806388487501554,0.22473367092425525,0.14938242843515923,0.05350316646504916,0.14807062325516326
0.005033766641423922,0.035637069472235695,0.1064166719939841,0.18865277000929245,0.2359530099842372,0.2229994171968921,0.1511654993205062,0.05414179538142878,0.1354287730354498
0.004282912919451455,0.035343529299469365,0.12233327029425455,0.2215313113087052,0.2444665995843049,0.19735941499196177,0.12861714023198847,0.04606582136986476,0.32110557209126583
0.003915273232660349,0.03230968661199922,0.11205541812810876,0.22063662328392314,0.27017812207550185,0.21091996820465458,0.10787331741706463,0.04211159104608754,0.4379897410028386
0.004991346156550114,0.03533674927978709,0.10566018826401116,0.18799031429555244,0.23694459251883104,0.22549967742490598,0.1498915996278591,0.05368553243250331,0.1444299538429174
0.0038105412928646667,0.031445415856937255,0.10894798852315929,0.2128032127761896,0.26547546606926914,0.23154450129291698,0.10498775078762972,0.0409851234010332,0.4754150181673111
0.0038870969953759176,0.03207717017126368,0.11135828035864208,0.21996132545872343,0.2709978748518016,0.21281270907832528,0.10709700781934679,0.041808535266521105,0.4478600368087703
0.004983062992445486,0.03527810776624981,0.10555114166061627,0.1882119318232117,0.2376110014002209,0.22512545957363553,0.14964285376277953,0.053596441020840914,0.14620543809230555
0.003828250543552876,0.03159155644684459,0.10950525028289912,0.21452325913002182,0.2713199999205469,0.22258040974738041,0.10547567474776914,0.041175599180984776,0.4689428799093969
0.0038820715898110316,0.03203569943110046,0.111265960506499,0.2200926438282418,0.27147301733684537,0.21253757568861237,0.10695854821833395,0.04175448340055582,0.4496355210581584
0.005036804307977343,0.035658574945514276,0.10644531895494921,0.18854655281919908,0.23574757197850202,0.22313398797049075,0.15125672134449483,0.05417446767887279,0.13479002942525597
0.0042840190965749494,0.03535265771377755,0.12233461145098821,0.22145997543294368,0.24443026979046228,0.19741038835380129,0.12865035905779457,0.04607771910365778,0.3207841552300642
0.0038395224182841622,0.03168457440969315,0.10986030849384787,0.2155899447081381,0.27242801289406315,0.2195145641387424,0.10578623660348598,0.041296836333745146,0.4648544814260636
0.004988376401018309,0.03531572458958163,0.10556209345381844,0.18801689477484035,0.2372953937934429,0.2253655094282476,0.14980241699191194,0.05365359056713898,0.14506583860735256
0.003793989263317494,0.03130882490767716,0.10844795196888662,0.21203604939700169,0.2659609182505284,0.2331134613439931,0.10453171049845031,0.04080709437014493,0.481518857712758
0.00384827629237032,0.031756813283344495,0.11021896023297018,0.2172598014503756,0.27881040145009345,0.21068733402728484,0.10602742269237701,0.04139099057118383,0.46169590443073355
0.004983238360047653,0.03527934929925418,0.10551966356134562,0.18821855551535305,0.23761936358059615,0.22513338235367905,0.1496481201036798,0.05359832722604457,0.14616778714123893
0.003826709318166104,0.03157883791960882,0.10943413920987548,0.2144892554313735,0.27158802439290736,0.22249080051877895,0.10543321102034098,0.04115902218894851,0.46950376636495894
0.0038452177544440872,0.031731573562891996,0.11018251885143851,0.2173921672752831,0.27902739100639923,0.21051988367997557,0.10594315408251438,0.041358093787052894,0.4627978529646198
0.005761243522242969,0.03403159888349505,0.08702373090873014,0.15548876614528348,0.2305640015974083,0.25215247939493823,0.17301184496318542,0.06196633458471678,0.0016939491149666887
0.0053269411436097525,0.03771262856071365,0.11245667013162966,0.17814034967584266,0.21595433831170083,0.2331443570760868,0.15996961623094477,0.05729509886947196,0.07713933812462362
0.004989726131954726,0.03532528014878338,0.10562204348246469,0.18802892398575446,0.23709648079653423,0.2254264877457648,0.1498429498106709,0.05366810789807325,0.14477674006482247
0.005748214269522688,0.03395463523829998,0.08698850896039673,0.15593277702091457,0.23134686850566388,0.25158222778772915,0.17262057265488528,0.06182619556258786,0.0037914635196930027
0.005001524491024095,0.035408807847177946,0.10572741807389247,0.1876346894814393,0.23627577879095563,0.2259595155264156,0.1501972580190028,0.05379500777009229,0.14225629564160475
0.00497591027203617,0.03522746934530184,0.10546946607338369,0.18844067890023994,0.23813659855298366,0.22480231305275264,0.14942805545582655,0.053519508347475625,0.14774336946801303
0.005746186760753023,0.03394265876743643,0.0870342763630023,0.15615404624221124,0.23126526789324123,0.25149348976419444,0.1725596859675643,0.061804388241597265,0.004118717306843097
0.004990431140599235,0.03533027133010597,0.10555931035461379,0.1878770645904855,0.23724477166367433,0.22545833871681198,0.14986412142853964,0.05367569077516952,0.14462579660835936
0.00497439090567536,0.03521671283463875,0.10550344319610108,0.18862230236410568,0.23806388487501554,0.22473367092425525,0.14938242843515923,0.05350316646504916,0.14807062325516326
0.005033766641423922,0.035637069472235695,0.1064166719939841,0.18865277000929245,0.2359530099842372,0.2229994171968921,0.1511654993205062,0.05414179538142878,0.1354287730354498
0.004282912919451455,0.035343529299469365,0.12233327029425455,0.2215313113087052,0.2444665995843049,0.19735941499196177,0.12861714023198847,0.04606582136986476,0.32110557209126583
0.003915273232660349,0.03230968661199922,0.11205541812810876,0.22063662328392314,0.27017812207550185,0.21091996820465458,0.10787331741706463,0.04211159104608754,0.4379897410028386
0.004991346156550114,0.03533674927978709,0.10566018826401116,0.18799031429555244,0.23694459251883104,0.22549967742490598,0.1498915996278591,0.05368553243250331,0.1444299538429174
0.0038105412928646667,0.031445415856937255,0.10894798852315929,0.2128032127761896,0.26547546606926914,0.23154450129291698,0.10498775078762972,0.0409851234010332,0.4754150181673111
0.0038870969953759176,0.03207717017126368,0.11135828035864208,0.21996132545872343,0.2709978748518016,0.21281270907832528,0.10709700781934679,0.041808535266521105,0.4478600368087703
0.004983062992445486,0.03527810776624981,0.10555114166061627,0.1882119318232117,0.2376110014002209,0.22512545957363553,0.14964285376277953,0.053596441020840914,0.14620543809230555
0.003828250543552876,0.03159155644684459,0.10950525028289912,0.21452325913002182,0.2713199999205469,0.22258040974738041,0.10547567474776914,0.041175599180984776,0.4689428799093969
0.0038820715898110316,0.03203569943110046,0.111265960506499,0.2200926438282418,0.27147301733684537,0.21253757568861237,0.10695854821833395,0.04175448340055582,0.4496355210581584
0.005036804307977343,0.035658574945514276,0.10644531895494921,0.18854655281919908,0.23574757197850202,0.22313398797049075,0.15125672134449483,0.05417446767887279,0.13479002942525597
0.0042840190965749494,0.03535265771377755,0.12233461145098821,0.22145997543294368,0.24443026979046228,0.19741038835380129,0.12865035905779457,0.04607771910365778,0.3207841552300642
0.0038395224182841622,0.03168457440969315,0.10986030849384787,0.2155899447081381,0.27242801289406315,0.2195145641387424,0.10578623660348598,0.041296836333745146,0.4648544814260636
0.004988376401018309,0.03531572458958163,0.10556209345381844,0.18801689477484035,0.2372953937934429,0.2253655094282476,0.14980241699191194,0.05365359056713898,0.14506583860735256
0.003793989263317494,0.03130882490767716,0.10844795196888662,0.21203604939700169,0.2659609182505284,0.2331134613439931,0.10453171049845031,0.04080709437014493,0.481518857712758
0.00384827629237032,0.031756813283344495,0.11021896023297018,0.2172598014503756,0.27881040145009345,0.21068733402728484,0.10602742269237701,0.04139099057118383,0.46169590443073355
0.004983238360047653,0.03527934929925418,0.10551966356134562,0.18821855551535305,0.23761936358059615,0.22513338235367905,0.1496481201036798,0.05359832722604457,0.14616778714123893
0.003826709318166104,0.03157883791960882,0.10943413920987548,0.2144892554313735,0.27158802439290736,0.22249080051877895,0.10543321102034098,0.04115902218894851,0.46950376636495894
0.0038452177544440872,0.031731573562891996,0.11018251885143851,0.2173921672752831,0.27902739100639923,0.21051988367997557,0.10594315408251438,0.041358093787052894,0.4627978529646198
0.005456861280385813,0.03223361649963135,0.0911257343856576,0.1713534720632819,0.23758888193527083,0.23967779375355486,0.16387115631941937,0.05869248376279847,0.05331119047623033
0.004804511710361969,0.03401403557196011,0.10908738436677626,0.20095289690659088,0.24204002388419657,0.21314424850546262,0.1442809060140781,0.051675993040574,0.18596594978766073
0.004393763548752713,0.03110610165019184,0.10001160599107788,0.19415111401885335,0.25378447457821685,0.23116133151696078,0.13813350875676156,0.047258099939185484,0.28970071203850367
0.005437334953872117,0.03211827471464748,0.09095250477655836,0.1715298487728996,0.23832965347269366,0.23986514432345993,0.1632847749657333,0.058482464020135856,0.05681972836989712
0.004652250105695411,0.03293608385707463,0.10576103178686569,0.20465774665778355,0.25129895456782225,0.210947178453925,0.13970844504472113,0.050038309526112774,0.22228317984945042
0.004566269598232411,0.03232737599753622,0.10406657870927472,0.20266041047292613,0.26716131858651115,0.22753485809172286,0.11256966146658522,0.04911352707721158,0.243861122068676
0.005406562577813279,0.03193650264500951,0.09050969422348845,0.1711417407057496,0.23887346936132184,0.24161987417148653,0.16236067142189145,0.058151484893239604,0.062400423976813606
0.004592667883558695,0.03251426537782234,0.10446763382665394,0.20291685109758617,0.2662051895892161,0.22668548906326885,0.11322044346238073,0.04939745969951366,0.23715017591683438
0.004544547294285429,0.03217359070910326,0.1036319840365969,0.20218608995345883,0.2674812734159088,0.22906847278449047,0.11203415379473583,0.048879888011420874,0.24944181767559234
0.004430853650791849,0.03136868484827332,0.10073472341990075,0.19497610605667626,0.25322306929276817,0.22830996456649327,0.1392995673937282,0.047657030771368666,0.2795436392143995
0.0034517345761938,0.028484464760801638,0.10409523369611401,0.21477705513943932,0.27327986326782694,0.22283367707029703,0.1159520734396668,0.037125898049660704,0.6208507512951039
0.003667552551784898,0.031006832269847073,0.11658037796557144,0.23926194878250875,0.2903618222611641,0.20351455150709347,0.07615973843115016,0.03944717623088011,0.5299623422328122
0.004404858888952272,0.03118465225407878,0.1002675596573454,0.1946805193734626,0.2538552890053233,0.22974735243768887,0.13848233004757732,0.047377438335572085,0.2866443375461847
0.0032485204312513857,0.026807497420835564,0.09805814729135287,0.2093202605265155,0.2790020285926029,0.23250085810421517,0.11612250446425575,0.0349401831689701,0.7174704244773642
0.0032680273618691654,0.02762910001478586,0.10361564798625893,0.22622779098112492,0.29512859480593595,0.21894039731550852,0.09004044723975135,0.03514999429476533,0.707674345493846
0.0045662940682413685,0.03232754923548532,0.10400305185119534,0.20257695444137427,0.2668298242933579,0.22801227112864272,0.11257026471187444,0.049113790269829025,0.2438548653975414
0.0031413490642183245,0.026558115298949192,0.09964320186122118,0.21806809376944802,0.2953120865086156,0.23251567345512703,0.09097400232008354,0.03378747772233648,0.7734605699332125
0.0030749700644363736,0.02599692292790123,0.0974345144075376,0.2120881182032327,0.2849692665923742,0.23344395882348348,0.10991872533718833,0.03307352364384514,0.8100965859111262
0.0047805626415600745,0.0338444856723551,0.1086515379757516,0.20061329234659853,0.24273640404232572,0.21439360540779875,0.14356170840290802,0.05141840351070236,0.19152492820012368
0.003776190087836699,0.031161942238815327,0.11385329003137176,0.22731456297464808,0.2646815303432717,0.19987893181086508,0.11871790112908151,0.04061565138410957,0.4881423123264748
0.003567571173826246,0.029440373568515046,0.10776663203952871,0.22394625105421787,0.2907211387513203,0.229738740698535,0.07644748840503836,0.03837180430901855,0.5707008157428016
0.004407575674529122,0.03120388601742939,0.10029827442237411,0.19456812431744674,0.25365868467177505,0.22988905375188706,0.13856774181817125,0.0474066593263877,0.2858983042504433
0.0033092260604406986,0.027308453481406137,0.09986720533747244,0.21310260510116527,0.2846574269581406,0.24032621837445536,0.09583574863722617,0.03559311604969239,0.6873645288380049
0.0031337535567776127,0.026493900097696275,0.09941085778912508,0.21770733079469046,0.2954683866365603,0.2333259534356246,0.09075403513483683,0.033705782554688264,0.7775740593236826
0.0045790826747327895,0.032418087492510864,0.10426198984477787,0.20277571537018843,0.2666867320968358,0.2271415165592186,0.11288553499375308,0.04925134096798301,0.24059413052307965
0.0031212602487771367,0.026388277097017587,0.0990582554211228,0.21737564875333543,0.29603357656536927,0.2340593470956193,0.09039222681370279,0.033571408005055266,0.7843835911029141
0.0029534737761469972,0.02496974881677247,0.09363420154842444,0.20449224307097671,0.28584578815853845,0.2466029038170804,0.10973489748775381,0.031766743324305784,0.8814186042195148
0.005440895612682335,0.03213930748507673,0.09096082242890839,0.1714230803329877,0.23810120916546618,0.24002222089620107,0.16339170260169622,0.058520761476982486,0.05617806314272145
0.0047781092789775945,0.03382711683922864,0.10857722632463844,0.20057704212141475,0.24277349497871645,0.21458696143281966,0.14348803319978223,0.051392015824423064,0.19209754128942055
0.004576431637182664,0.03239931919908823,0.1042550731408701,0.2030314479598114,0.2678106221166774,0.22588409833709025,0.11282018046460561,0.04922282714467499,0.24126857319569417
0.005421319336850234,0.03202367065004648,0.09078594256651956,0.1714639841647459,0.2386986545594736,0.24049240297381327,0.16280382125522236,0.05831020449332934,0.05971631967919663
0.004417437337411839,0.03127370267566918,0.10050553347679349,0.1948959906320318,0.2535694706781865,0.2289473584716146,0.1388777780959661,0.04751272863232709,0.28319798817091274
0.0046464050007053465,0.03289470283418627,0.10597973974154974,0.20692695482211873,0.27388371840542236,0.21114784378047272,0.11454519421466448,0.04997544120088077,0.22372478665973097
0.00540198523652534,0.03190946434293764,0.09053404238604747,0.17129286444930808,0.23912086650462072,0.24141531228764374,0.16222321251077357,0.058102252282144135,0.06323597561144519
0.004580144558603914,0.03242560520876241,0.10426838453841769,0.20283215802783638,0.26652504194536353,0.22719419040898947,0.11291171301616675,0.04926276229586027,0.24032419876726435
0.00463219580303194,0.03279410735555107,0.10571727140370596,0.20667177036007828,0.27413816499271226,0.21202897616429897,0.11419490290194252,0.04982261101867943,0.22724444259197954
0.004420321549025887,0.03129412174889689,0.10057790427900476,0.19497650677808395,0.2536021345930591,0.22861680714421106,0.13896845349663906,0.047543750411080096,0.28241051188089106
0.003438085831951591,0.028371832353583034,0.1037478895760185,0.2144519459736453,0.27368410435342194,0.22383346669725893,0.11549357926527494,0.03697909594884538,0.6269823427968647
0.003404961892679225,0.028786794681413427,0.10798517827872019,0.22819256516923375,0.2872828732075449,0.21391154544307545,0.09381325726593523,0.03662282406139769,0.6420674233887008
0.004394342213465306,0.031110198366633583,0.10011030998490986,0.19457185908006788,0.25411732136746823,0.23027994396123214,0.1381517011301693,0.047264323896054256,0.2895409288554846
0.0031322600686674255,0.025848091612538298,0.09460732196376023,0.20223165382791317,0.2796205198263119,0.24449281750179894,0.11637761618747394,0.03368971901153532,0.7783852327988268
0.0031910391925878173,0.026978213839887667,0.10094202855141085,0.2194695492703186,0.2962343970956277,0.23094356619761633,0.087919274915693,0.034321930936857564,0.7470330500457371
0.004563028522828197,0.032304430470345064,0.1040139689589444,0.20268212725368714,0.26701880661573496,0.22784921013979634,0.11248976106797948,0.04907866697068485,0.24469041703217326
0.0030698334776681105,0.02595349634242925,0.097150930231933,0.21172793508704718,0.2964452434135501,0.24373138671381975,0.08890289878980452,0.03301827594374762,0.8129976247559033
0.003088587624189003,0.02611205076457501,0.0976408315082604,0.21182010672882162,0.2842532083164111,0.23345972235275128,0.11040550237203609,0.033219990332955036,0.8024523673473828
0.004413457300547184,0.031245525594697537,0.10039054960575515,0.19461713359460228,0.2534538829193912,0.2296568789734601,0.13875265154989783,0.047469920461649606,0.2842863477230581
0.003494176149422533,0.02883470185764119,0.1054157978012882,0.21795360452832663,0.2795120931494268,0.23354129733023998,0.09366594136458177,0.03758238781907242,0.60209027278061
0.0033005868106206248,0.02790436951726206,0.1047302915522091,0.22176464993099776,0.2891841110493377,0.22421727802196942,0.0933985184385912,0.03550019467901177,0.6915814265092907
0.004481264922079115,0.0317255766362764,0.10205890391108856,0.1986832874301656,0.261330004663521,0.2430476327693247,0.11047408926879877,0.04819924039874639,0.2660081408630741
0.002991332021416484,0.025289816285343682,0.09477513936449815,0.207194665019598,0.2921332700212269,0.2565819499193385,0.08885989127692885,0.03217393609164882,0.8585732778479206
0.0030537445044420647,0.02581747427126049,0.09665012827329723,0.21008743096672539,0.29117627534040813,0.23120972859187192,0.10915999063400345,0.03284522741799088,0.8221475055918226
0.004549286516307346,0.03220714251960031,0.10366859265367435,0.20221215240568763,0.266973623122361,0.22930735386118486,0.11215098715447193,0.048930861766713046,0.24821971480802832
0.0029896159442770742,0.025275307940808064,0.09466235208756595,0.20618811637182918,0.28691065637963964,0.24495083934191275,0.10686763349122361,0.032155478442743114,0.8595963150110598
0.00306328083770066,0.025898097924676095,0.09689209469734734,0.21020129136835053,0.29051808808898744,0.23097847048952524,0.10950087902452753,0.03294779756888487,0.8167125433358415
0.005438585702711722,0.03212566287358385,0.09095589786661952,0.17148356690998018,0.23825771415269847,0.2399203204443849,0.16332233532288365,0.05849591672713864,0.056594235574815174
0.004764848470239532,0.03373323557775588,0.10830540780033945,0.20030112258615737,0.24299421013964304,0.21556198197989992,0.14308980719586162,0.05124938625010386,0.19520281198248618
0.004574797315585204,0.0323877488509856,0.10424618312361865,0.20307103981462138,0.26793166031824006,0.22580343128255906,0.11277989045872756,0.04920524883566302,0.24168474562778788
0.0054046199092054195,0.03192502732400095,0.09053977438367261,0.17122720198642408,0.23893739769906608,0.24153305609848136,0.16230233250969303,0.05813059008945686,0.06275486742830746
0.0045064900046602255,0.03190416020687506,0.10255957781912758,0.1992230288179038,0.2610573594932516,0.24118288031894364,0.11109594896094693,0.048470554378291494,0.2593488468340098
0.004634132954218043,0.032807821616921334,0.10572853576103149,0.2066302639962967,0.2739954956314472,0.2121176451671067,0.11424265839437199,0.04984344647860676,0.2267633344088418
0.005399708239986688,0.031896014150706864,0.09052933291925967,0.17135297352841186,0.2392758229267913,0.24131355306276844,0.16215483363204608,0.05807776154002959,0.0636521480435389
0.00456795841851153,0.032339332174669624,0.10401926222673008,0.20256163980138558,0.2666734424123508,0.2280953784098169,0.1126112949976347,0.04913169155890122,0.24342946946032987
0.0046305214173982135,0.03278225336997666,0.1057077445637486,0.20671052861406125,0.274258390323259,0.21195233469949068,0.11415362522004087,0.04980460179202502,0.22766061502407325
0.004405601865506294,0.03118991223312787,0.10027027263083688,0.19460967430059187,0.2537013014637525,0.2299321197759339,0.13850568814529746,0.04738542958495381,0.28644022369035615
0.003486824518690178,0.02877403460124945,0.10524023234817516,0.21783558473936954,0.27981524826139276,0.23387588847915672,0.09346887133042661,0.03750331572153903,0.6053072162101656
0.0034130600043882106,0.0288552590831957,0.10820676313164648,0.2283902793109341,0.2869208574613691,0.21346748006906022,0.09403637583849746,0.036709925100908695,0.638352394379329
0.004478975578589438,0.03170936899321324,0.10206614422271856,0.19873811106379377,0.26149166486411385,0.24292346704258527,0.11041765137872908,0.04817461685625717,0.266616228634981
0.0029047379550977497,0.024557718339370888,0.09195292407863988,0.20062051634537562,0.2810287521387916,0.25760281386543027,0.11008998290312334,0.031242554374170443,0.9117046680813355
0.003089492843354924,0.026119703818879986,0.09769791811134985,0.21202026491430415,0.2842627851372466,0.23314224797085584,0.11043786058521664,0.03322972661879184,0.8019466111123376
0.004547344754180499,0.03219339561460007,0.10368462953987267,0.20227700725564499,0.26707504903261853,0.2292094790991669,0.11210311799112851,0.04890997671278821,0.2487201288416382
0.0030000137317726084,0.025363214643793038,0.09491037222135594,0.2064038039767903,0.2865119986284719,0.24430396698001375,0.10723931566174437,0.0322673141560577,0.8534156256155382
0.0030952492946334878,0.02616837096590617,0.09781947187954934,0.21196409730484486,0.2839183674692062,0.23309916940126033,0.1106436322752644,0.03329164140933505,0.7987373383380106
0.004411937288804514,0.03123476451498709,0.10038330702459244,0.194658213925617,0.25357555675037613,0.22957778425721997,0.13870486460072845,0.04745357163767517,0.28470252015515185
0.003487079204316936,0.028776136322456663,0.1052232928099021,0.21771638401050247,0.27959900109203933,0.23421635300113333,0.09347569851027164,0.037506055049376964,0.6051955434736755
0.003302191271309357,0.02791793421545156,0.10474710790931567,0.22163379195921357,0.289111328960399,0.22432627312767706,0.09344392074424739,0.03551745181238622,0.6907966060405436
0.0044698486351417085,0.031644753856897766,0.10182659390583024,0.19841811579913235,0.2614698006098818,0.24390178720007089,0.11019265000462422,0.04807644998842139,0.26904668861218495
0.0029316031609007186,0.024784846626823013,0.09285246633358846,0.20249983558047724,0.28244940287454656,0.25597057103589654,0.10697976532437932,0.03153150906338759,0.8948851845304144
0.0030615179656585632,0.025883193958897637,0.09686454649261689,0.2102493840859381,0.29061604847557043,0.23095860949847313,0.10943786291583726,0.032928836607007655,0.8177146911628688
0.004547671521758017,0.03219570899932581,0.10365996354916697,0.20225180035416684,0.2670942407745042,0.22922594985963876,0.11211117360737893,0.0489134913340608,0.24863588724012203
0.0030031746428026097,0.02538993814311398,0.09506066368430861,0.2067005894420932,0.2863694975795313,0.24382251801483637,0.10735230645646472,0.03230131203684877,0.8515451886950353
0.003064662828688218,0.025909781782547145,0.09690416526297056,0.21007462930437243,0.2904511430761054,0.23108267581102496,0.1095502800543251,0.03296266187996589,0.8159277228670947
0.005438585702711722,0.03212566287358385,0.09095589786661952,0.17148356690998018,0.23825771415269847,0.2399203204443849,0.16332233532288365,0.05849591672713864,0.056594235574815174
0.004764848470239532,0.03373323557775588,0.10830540780033945,0.20030112258615737,0.24299421013964304,0.21556198197989992,0.14308980719586162,0.05124938625010386,0.19520281198248618
0.004574797315585204,0.0323877488509856,0.10424618312361865,0.20307103981462138,0.26793166031824006,0.22580343128255906,0.11277989045872756,0.04920524883566302,0.24168474562778788
0.0054046199092054195,0.03192502732400095,0.09053977438367261,0.17122720198642408,0.23893739769906608,0.24153305609848136,0.16230233250969303,0.05813059008945686,0.06275486742830746
0.0045064900046602255,0.03190416020687506,0.10255957781912758,0.1992230288179038,0.2610573594932516,0.24118288031894364,0.11109594896094693,0.048470554378291494,0.2593488468340098
0.004634132954218043,0.032807821616921334,0.10572853576103149,0.2066302639962967,0.2739954956314472,0.2121176451671067,0.11424265839437199,0.04984344647860676,0.2267633344088418
0.005399708239986688,0.031896014150706864,0.09052933291925967,0.17135297352841186,0.2392758229267913,0.24131355306276844,0.16215483363204608,0.05807776154002959,0.0636521480435389
0.00456795841851153,0.032339332174669624,0.10401926222673008,0.20256163980138558,0.2666734424123508,0.2280953784098169,0.1126112949976347,0.04913169155890122,0.24342946946032987
0.0046305214173982135,0.03278225336997666,0.1057077445637486,0.20671052861406125,0.274258390323259,0.21195233469949068,0.11415362522004087,0.04980460179202502,0.22766061502407325
0.004405601865506294,0.03118991223312787,0.10027027263083688,0.19460967430059187,0.2537013014637525,0.2299321197759339,0.13850568814529746,0.04738542958495381,0.28644022369035615
0.003486824518690178,0.02877403460124945,0.10524023234817516,0.21783558473936954,0.27981524826139276,0.23387588847915672,0.09346887133042661,0.03750331572153903,0.6053072162101656
0.0034130600043882106,0.0288552590831957,0.10820676313164648,0.2283902793109341,0.2869208574613691,0.21346748006906022,0.09403637583849746,0.036709925100908695,0.638352394379329
0.004478975578589438,0.03170936899321324,0.10206614422271856,0.19873811106379377,0.26149166486411385,0.24292346704258527,0.11041765137872908,0.04817461685625717,0.266616228634981
0.0029047379550977497,0.024557718339370888,0.09195292407863988,0.20062051634537562,0.2810287521387916,0.25760281386543027,0.11008998290312334,0.031242554374170443,0.9117046680813355
0.003089492843354924,0.026119703818879986,0.09769791811134985,0.21202026491430415,0.2842627851372466,0.23314224797085584,0.11043786058521664,0.03322972661879184,0.8019466111123376
0.004547344754180499,0.03219339561460007,0.10368462953987267,0.20227700725564499,0.26707504903261853,0.2292094790991669,0.11210311799112851,0.04890997671278821,0.2487201288416382
0.0030000137317726084,0.025363214643793038,0.09491037222135594,0.2064038039767903,0.2865119986284719,0.24430396698001375,0.10723931566174437,0.0322673141560577,0.8534156256155382
0.0030952492946334878,0.02616837096590617,0.09781947187954934,0.21196409730484486,0.2839183674692062,0.23309916940126033,0.1106436322752644,0.03329164140933505,0.7987373383380106
0.004411937288804514,0.03123476451498709,0.10038330702459244,0.194658213925617,0.25357555675037613,0.22957778425721997,0.13870486460072845,0.04745357163767517,0.28470252015515185
0.003487079204316936,0.028776136322456663,0.1052232928099021,0.21771638401050247,0.27959900109203933,0.23421635300113333,0.09347569851027164,0.037506055049376964,0.6051955434736755
0.003302191271309357,0.02791793421545156,0.10474710790931567,0.22163379195921357,0.289111328960399,0.22432627312767706,0.09344392074424739,0.03551745181238622,0.6907966060405436
0.0044698486351417085,0.031644753856897766,0.10182659390583024,0.19841811579913235,0.2614698006098818,0.24390178720007089,0.11019265000462422,0.04807644998842139,0.26904668861218495
0.0029316031609007186,0.024784846626823013,0.09285246633358846,0.20249983558047724,0.28244940287454656,0.25597057103589654,0.10697976532437932,0.03153150906338759,0.8948851845304144
0.0030615179656585632,0.025883193958897637,0.09686454649261689,0.2102493840859381,0.29061604847557043,0.23095860949847313,0.10943786291583726,0.032928836607007655,0.8177146911628688
0.004547671521758017,0.03219570899932581,0.10365996354916697,0.20225180035416684,0.2670942407745042,0.22922594985963876,0.11211117360737893,0.0489134913340608,0.24863588724012203
0.0030031746428026097,0.02538993814311398,0.09506066368430861,0.2067005894420932,0.2863694975795313,0.24382251801483637,0.10735230645646472,0.03230131203684877,0.8515451886950353
0.003064662828688218,0.025909781782547145,0.09690416526297056,0.21007462930437243,0.2904511430761054,0.23108267581102496,0.1095502800543251,0.03296266187996589,0.8159277228670947
0.005451890477722529,0.0322042540257639,0.09124209003103823,0.17169730275331938,0.23758409711182676,0.2394594647628945,0.16372188164696327,0.058639019190471604,0.054201971817130316
0.00479017663394259,0.033912548921775885,0.10893707064876776,0.20129203254807035,0.24266614881825765,0.21302979405330347,0.14385041943432675,0.05152180894155593,0.18928668198982582
0.004376274887047441,0.030982288868121568,0.099773557517643,0.19446356155159492,0.25482994843301515,0.23092068121410078,0.13758369077543323,0.04706999675304453,0.2945496868407465
0.0054300095262021,0.03207500349808571,0.09102853378175339,0.17189310210431655,0.23856290015394108,0.2395419869715207,0.16306479020872014,0.058403673755460545,0.058142487996890584
0.004631063448921423,0.03278609073798053,0.10544873757460728,0.20471549654300683,0.2522344676123077,0.21130150886786683,0.13907220348282268,0.049810431732487184,0.2275258588904911
0.004684419023142005,0.03316382702189615,0.10693053727296982,0.2091489632748643,0.2647306817094349,0.21547492982661284,0.11548233240692854,0.0503843094641518,0.2144135866833144
0.005398253166532977,0.03188741904863705,0.0905679919183795,0.1715021996385961,0.23922236203659045,0.2412485256706434,0.16211113734637242,0.05806211117424834,0.06391827937107926
0.004714305540543435,0.0333754117004852,0.10740687096275447,0.20932719293249505,0.2636238107387954,0.21462753976853255,0.11621910781493258,0.05070576054146157,0.20719858438246463
0.004660765823845365,0.03299637176093146,0.10645261822440145,0.20862334699978566,0.2651679207116779,0.2170698507906392,0.11489922346424694,0.05012990222447241,0.22018937805750308
0.004407840432612187,0.031205760399551495,0.10037270747611371,0.19496459534434235,0.2540077957194069,0.22905572821159084,0.13857606542561615,0.04740950699076708,0.2858256504709349
0.0033912594535932985,0.027985410890756204,0.1023954745608664,0.21213798779869739,0.2729329535211766,0.2259851798943979,0.11869628944675023,0.03647544443376226,0.6483938610399372
0.0036822768184001944,0.031131316611595582,0.11693677658166733,0.23922859431133822,0.29035404367650436,0.20259594573843384,0.0764654999105503,0.03960554635151038,0.5241496742256982
0.004379583819341195,0.031005714795152246,0.09985237711410742,0.1946359691670066,0.2549847965022213,0.23034825311879087,0.1376877187739596,0.04710558670942137,0.29362926891090707
0.0031830631031738513,0.02626732930715147,0.09619868459052278,0.20621388379129607,0.2782439714577503,0.23739174691731446,0.11826517849754199,0.03423614233524833,0.7512195130006325
0.003280712823703025,0.027736347554335523,0.10391838522062911,0.22652108975973892,0.29462320128566616,0.21824387161591974,0.0903899561423666,0.03528643559764095,0.7013664134179841
0.004683349154742496,0.033156252778353414,0.1068403882284361,0.2089451466728579,0.2646319848355004,0.21591411852675133,0.1154559575464531,0.050372802256905706,0.2146735743299279
0.003155618513502852,0.026678754448436804,0.10000015333438045,0.21836065387219017,0.29472125162395835,0.23175536425900106,0.0913872479944034,0.03394095595412635,0.7657862280112115
0.0030778349409110732,0.026021143642688704,0.09743197642557423,0.21186610932071767,0.28481601120384564,0.23366145300774532,0.11002113399930491,0.033104337459211514,0.8084827688266016
0.004769032889439012,0.03376285960452059,0.10856388622865268,0.2011227430963319,0.24339508763255863,0.2138765313075238,0.1432154665405858,0.051294392700387846,0.19422108574046343
0.003744452335790511,0.030900035403341443,0.1130333140714953,0.22657437431913005,0.2664420372013439,0.20131138516894453,0.11772011255863453,0.04027428894131958,0.500108853340751
0.0036839811351388235,0.030401013898070973,0.11141777637950406,0.2325966694502632,0.2928498892505343,0.21048481998505358,0.0789419723926219,0.03962387750881288,0.5234798650335347
0.004384606564418777,0.03104127383632791,0.09993592819242782,0.1945452631038174,0.25447526276785387,0.230612429031893,0.1378456265433374,0.0471596099599244,0.2922347889110757
0.003303762548661954,0.027263367393441783,0.0998231370739059,0.21384203108514502,0.2887978599289474,0.23110546157123796,0.10033002836364216,0.035534352035017064,0.6900287559753057
0.003144794609111451,0.026587245197177214,0.09966576332247042,0.21795187397302695,0.29508629484612425,0.23266570512095128,0.09107378588526313,0.033824537045874854,0.7716011218616988
0.0047002656888635195,0.03327601512425546,0.10719310771256892,0.2092329075938276,0.26402522941668843,0.21514473137288573,0.11587299129319657,0.050554751797714056,0.21057656389485602
0.0031336517722672596,0.026493039574173944,0.09935651282771626,0.2175834760101383,0.2954660387036326,0.2335115058851625,0.09075108743813336,0.03370468778877536,0.777629318033852
0.002955946400130049,0.02499065328535918,0.09362297141131132,0.20429628310872142,0.2857046832287935,0.24680935774235066,0.10982676664247505,0.031793338180857916,0.8799086526117772
0.005433547334065074,0.03209590128823375,0.09103666777435197,0.17178873633813907,0.23833433472049909,0.23969805548685777,0.16317103162398672,0.058441725433867664,0.0575032172639903
0.004756406657329501,0.03367347089365816,0.10825799046801053,0.20068470250703724,0.24366966736500612,0.2149628765927012,0.1428362970602877,0.05115858845597055,0.1971886429373592
0.00470004645867546,0.033274463061555924,0.10724299688823558,0.20976666986850734,0.2646174746588856,0.21397836851003818,0.11586758673537922,0.05055239381872359,0.2106294705643468
0.0054131051179155945,0.03197514935375938,0.09084633269678566,0.17189524553327307,0.238963150662069,0.24012801616547366,0.16255714583396533,0.05822185463675917,0.06120859669131751
0.004393276711855022,0.031102655038224986,0.10011648412050965,0.1948489783691276,0.25454718865886033,0.22962035012890628,0.1381182033157372,0.047252863656779776,0.28983517196571695
0.004831455423692159,0.03420478636598507,0.11037722687804338,0.21654003206145922,0.2619270177736057,0.201046551744632,0.11910713761764216,0.05196579213494091,0.1797777426653565
0.005393160221853067,0.031857335083289404,0.09058335731488044,0.1717341297276205,0.23944556864825364,0.24102092141470233,0.16195819471307377,0.05800733287632735,0.06485090428612669
0.004699040705999914,0.03326734273188562,0.10714692587111964,0.20921574329774936,0.2641979183168771,0.2150886603703994,0.11584279248357922,0.05054157622239014,0.21087225143468927
0.0048155601947728706,0.03409225445546457,0.11007816020396967,0.2162492925860684,0.26228221956856934,0.20197240399170976,0.11871528153032948,0.051794827469116504,0.18342005026016542
0.0043958423688742745,0.03112081887138416,0.10018166361317231,0.19497523368143838,0.2545700470906817,0.22927707139842182,0.13819886382520782,0.047280459150820395,0.2891268959177956
0.0033742987135657793,0.027845447173683927,0.10194643680686592,0.21165289062464002,0.27349349780983284,0.22729175694486628,0.11810265250003878,0.036293019426506104,0.656295821987472
0.0034206983901682434,0.02891983679363058,0.1083805360479388,0.22840308485136437,0.2865491344625235,0.2132877999219159,0.09424682807639749,0.03679208145606106,0.6348643860979207
0.0043685804396154234,0.030927815234912445,0.09968316469919847,0.1945805592274289,0.25526655499394896,0.23084429940442763,0.13734178858612886,0.04698723741433995,0.29669537760533443
0.003068894789512736,0.02532518754175937,0.09280564941053882,0.19926794857125285,0.2789266134318083,0.24925246402958254,0.11834506255078558,0.0330081796747595,0.8135288260758581
0.003201303382994008,0.027064991064158286,0.10116965653694113,0.2196789355051154,0.2960732529221176,0.23017745774397436,0.08820207312770026,0.03443232971699863,0.7416763126867709
0.004679515351670416,0.033129110974580024,0.10684039978288473,0.20911573592628446,0.2648048554513168,0.21573737060906195,0.11536144496793156,0.050331566936270646,0.21560619924497534
0.0030821603144998554,0.026057711934888497,0.09744759073580785,0.21196774566834065,0.2960981780929817,0.24293586720011365,0.08925988607762426,0.03315085997574315,0.8060519214076302
0.003091256624412931,0.026134615469811814,0.0976314854179269,0.2116533046707499,0.2840782649091374,0.23366146636232954,0.11050090918783954,0.033248697357791616,0.800962017427109
0.004389936510940014,0.031079007741769124,0.10001606584855349,0.19457421799752364,0.25435395444567654,0.23035668779431018,0.13801319227742734,0.0472169373838006,0.290758509347267
0.003494022483325897,0.028833433771576652,0.10553893114306763,0.21909969003353139,0.2843621498263054,0.22250877919177184,0.09858225852118833,0.037580735029232565,0.6021573758204815
0.0033148321491712576,0.028024804825776375,0.10508180687060885,0.22194398702494741,0.28855699505690874,0.22362253387969183,0.0938016266104484,0.035653413582446954,0.6846399046065653
0.004539455925789299,0.03213754584136699,0.10355017795579352,0.20237201329628784,0.2678551994262302,0.2288118417208732,0.11190863916716481,0.048825126666494696,0.25075757175481195
0.0030065968952522194,0.025418871118495202,0.09516762470637444,0.2075669310225972,0.2916195448668165,0.2555689640904412,0.0893133464666865,0.0323381208333364,0.8495245397174397
0.0030575349747593325,0.02584952029533018,0.09667739562322805,0.2099110115632553,0.2908263366308564,0.23149671842092157,0.1092954858280937,0.032885996663555045,0.8199831750226364
0.0046643736898736,0.03302191402012892,0.10646175194639566,0.20849512458617395,0.2649620791490597,0.21723788303469982,0.11498816614462928,0.05016870742903967,0.21930459986854592
0.0029966616845971115,0.025334875209507175,0.09479459206385288,0.2061169253772844,0.286453991415758,0.24495220131919077,0.10711949246181728,0.03223126046799215,0.8554034764386104
0.003065116005834675,0.02591361310808926,0.09685721159564506,0.21001748533636982,0.29049571195988555,0.23111684641753974,0.10956647944919615,0.03296753612743955,0.8156705216560908
0.005431161061673156,0.032081805604801006,0.09103033332870752,0.17186158043049446,0.2384869027168109,0.2395927863473734,0.1630993711591033,0.05841605935103729,0.05793431774290808
0.0047423524191815124,0.03357397246694572,0.10796748884186029,0.20038441949928715,0.2440192395567614,0.21589085810380337,0.1424142441367916,0.05100742497536966,0.20051040966608855
0.004698260862868971,0.03326182175210754,0.10723136028474461,0.2098152559137752,0.26473946935274745,0.2138970759354115,0.11582356745199517,0.05053318844635029,0.2110605710432646
0.005395880691867081,0.031873404868212406,0.09059068883706155,0.1716542975751499,0.2392667437827095,0.241142499517797,0.16203989123127757,0.0580365934959254,0.06435251016873049
0.004567561014908247,0.032336518714923164,0.10411647018708112,0.20299501663875547,0.2673037170237772,0.22695180119299704,0.11260149803139677,0.049127417196161455,0.24353101478360767
0.00481772903454298,0.034107608980031824,0.1100934862773702,0.21619806300869962,0.2621328404330233,0.20206336864888869,0.11876874871036437,0.05181815490707957,0.1829216561427692
0.005390809283883862,0.031843448119883135,0.09057726753515177,0.17180645641544962,0.23959651871436752,0.2409158577391915,0.16188759535134292,0.05798204684073013,0.06528200476504448
0.004685322944640658,0.03317022642725989,0.10686316118744546,0.20889416696491486,0.26448335922929117,0.21600511518148233,0.11550461627232604,0.05039403179264001,0.21419401816341835
0.00481368576819982,0.03407898425945375,0.11006513414775625,0.21629654895275546,0.26240812036036365,0.20189378750146716,0.11866907235230503,0.05177466665769936,0.1838511507390832
0.004380260705096278,0.031010506877582156,0.09985369209389666,0.1945771976025453,0.25482744649550015,0.23052903004735886,0.13770899907348857,0.047112867104532795,0.29344115660906356
0.003482190509220612,0.028735793746825864,0.10522770410818849,0.21877324157552544,0.28479447452648504,0.22328469718849417,0.09824842474203276,0.03745347360322703,0.6073419562143053
0.0034277516684705247,0.028979467791191867,0.10856861945415126,0.22860747218592226,0.28633691643285614,0.2127706684331435,0.09444115947651179,0.03686794455775271,0.6316573672563619
0.004537037043262667,0.03212042111334774,0.10355514935573437,0.2025207757030979,0.2679285814763128,0.22868991764563748,0.11184900782449161,0.04879910983811594,0.2513837143857636
0.0029153846930255627,0.024647729760471877,0.09220156904093217,0.20072421442239016,0.2805016635095835,0.2571588750549259,0.11049349578950607,0.03135706772916465,0.9050019900129739
0.0030924491666146975,0.026144697658274766,0.09769764637236122,0.2118155815285242,0.2840792222855738,0.2333653408490266,0.1105435381292543,0.03326152401037031,0.8002969422286219
0.004661861802562982,0.0330041308551609,0.10646622322124763,0.20863876536194081,0.26504019173540455,0.21712089474901308,0.1149262420076252,0.0501416902670454,0.21992045993624332
0.00300658027203892,0.025418730579762825,0.09502696046521435,0.20633027935122644,0.28614458291194333,0.24426087936567184,0.10747404501546917,0.03233794203867285,0.849534343678888
0.0030970156013487584,0.02618330396966936,0.09778139571574844,0.211806766474604,0.28388192011828955,0.23323218764601084,0.11070677116072625,0.03331063931360261,0.7977549985855499
0.004388378730592119,0.031067979275327406,0.10000776125310373,0.1946249905448792,0.2544715447997718,0.2302749451266525,0.13796421793847183,0.047200182331202246,0.2911896098261848
0.003486432488835787,0.028770799485592066,0.10533126978803296,0.2188389286425936,0.2845307491546076,0.22317461101143743,0.0983681102715508,0.037499099157349274,0.605479142549211
0.003316194064954194,0.02803631896051634,0.1050907412141187,0.22187282098224595,0.28846128697411516,0.22371441034420214,0.09384016548964258,0.035668061970204876,0.6839793885211989
0.004527336486214201,0.03205174502045723,0.10330176690675891,0.20208848248414496,0.2680327888973565,0.2296932413845458,0.11160986547875587,0.048694773341767084,0.25390148523222467
0.002940031322140152,0.024856101388194368,0.09303027350802558,0.20248066963306033,0.2819620849646467,0.25582135423015545,0.10728732492983206,0.03162216002394504,0.8896719132776131
0.0030639001146685737,0.025903333518931815,0.09684702330460314,0.21004631416486078,0.2905236376621297,0.231138317025635,0.10952301586928287,0.0329544583398879,0.8163607738723352
0.004662615091035572,0.03300946383849974,0.10645049818109031,0.20854382141642572,0.26508301834195425,0.2171559783001992,0.11494481240223767,0.05014979242855812,0.2197357003474637
0.0030092031771540126,0.025440905580070266,0.09516025265611414,0.20662622585681045,0.28609582433542063,0.24373363101426496,0.10756780410283909,0.03236615327732615,0.8479887586928282
0.0030662804202108047,0.025923457493614337,0.09686234817134928,0.2099471516917862,0.2904079530939001,0.23120464595857573,0.1096081029256224,0.03298006024494091,0.8150100055707246
0.005431161061673156,0.032081805604801006,0.09103033332870752,0.17186158043049446,0.2384869027168109,0.2395927863473734,0.1630993711591033,0.05841605935103729,0.05793431774290808
0.0047423524191815124,0.03357397246694572,0.10796748884186029,0.20038441949928715,0.2440192395567614,0.21589085810380337,0.1424142441367916,0.05100742497536966,0.20051040966608855
0.004698260862868971,0.03326182175210754,0.10723136028474461,0.2098152559137752,0.26473946935274745,0.2138970759354115,0.11582356745199517,0.05053318844635029,0.2110605710432646
0.005395880691867081,0.031873404868212406,0.09059068883706155,0.1716542975751499,0.2392667437827095,0.241142499517797,0.16203989123127757,0.0580365934959254,0.06435251016873049
0.004567561014908247,0.032336518714923164,0.10411647018708112,0.20299501663875547,0.2673037170237772,0.22695180119299704,0.11260149803139677,0.049127417196161455,0.24353101478360767
0.00481772903454298,0.034107608980031824,0.1100934862773702,0.21619806300869962,0.2621328404330233,0.20206336864888869,0.11876874871036437,0.05181815490707957,0.1829216561427692
0.005390809283883862,0.031843448119883135,0.09057726753515177,0.17180645641544962,0.23959651871436752,0.2409158577391915,0.16188759535134292,0.05798204684073013,0.06528200476504448
0.004685322944640658,0.03317022642725989,0.10686316118744546,0.20889416696491486,0.26448335922929117,0.21600511518148233,0.11550461627232604,0.05039403179264001,0.21419401816341835
0.00481368576819982,0.03407898425945375,0.11006513414775625,0.21629654895275546,0.26240812036036365,0.20189378750146716,0.11866907235230503,0.05177466665769936,0.1838511507390832
0.004380260705096278,0.031010506877582156,0.09985369209389666,0.1945771976025453,0.25482744649550015,0.23052903004735886,0.13770899907348857,0.047112867104532795,0.29344115660906356
0.003482190509220612,0.028735793746825864,0.10522770410818849,0.21877324157552544,0.28479447452648504,0.22328469718849417,0.09824842474203276,0.03745347360322703,0.6073419562143053
0.0034277516684705247,0.028979467791191867,0.10856861945415126,0.22860747218592226,0.28633691643285614,0.2127706684331435,0.09444115947651179,0.03686794455775271,0.6316573672563619
0.004537037043262667,0.03212042111334774,0.10355514935573437,0.2025207757030979,0.2679285814763128,0.22868991764563748,0.11184900782449161,0.04879910983811594,0.2513837143857636
0.0029153846930255627,0.024647729760471877,0.09220156904093217,0.20072421442239016,0.2805016635095835,0.2571588750549259,0.11049349578950607,0.03135706772916465,0.9050019900129739
0.0030924491666146975,0.026144697658274766,0.09769764637236122,0.2118155815285242,0.2840792222855738,0.2333653408490266,0.1105435381292543,0.03326152401037031,0.8002969422286219
0.004661861802562982,0.0330041308551609,0.10646622322124763,0.20863876536194081,0.26504019173540455,0.21712089474901308,0.1149262420076252,0.0501416902670454,0.21992045993624332
0.00300658027203892,0.025418730579762825,0.09502696046521435,0.20633027935122644,0.28614458291194333,0.24426087936567184,0.10747404501546917,0.03233794203867285,0.849534343678888
0.0030970156013487584,0.02618330396966936,0.09778139571574844,0.211806766474604,0.28388192011828955,0.23323218764601084,0.11070677116072625,0.03331063931360261,0.7977549985855499
0.004388378730592119,0.031067979275327406,0.10000776125310373,0.1946249905448792,0.2544715447997718,0.2302749451266525,0.13796421793847183,0.047200182331202246,0.2911896098261848
0.003486432488835787,0.028770799485592066,0.10533126978803296,0.2188389286425936,0.2845307491546076,0.22317461101143743,0.0983681102715508,0.037499099157349274,0.605479142549211
0.003316194064954194,0.02803631896051634,0.1050907412141187,0.22187282098224595,0.28846128697411516,0.22371441034420214,0.09384016548964258,0.035668061970204876,0.6839793885211989
0.004527336486214201,0.03205174502045723,0.10330176690675891,0.20208848248414496,0.2680327888973565,0.2296932413845458,0.11160986547875587,0.048694773341767084,0.25390148523222467
0.002940031322140152,0.024856101388194368,0.09303027350802558,0.20248066963306033,0.2819620849646467,0.25582135423015545,0.10728732492983206,0.03162216002394504,0.8896719132776131
0.0030639001146685737,0.025903333518931815,0.09684702330460314,0.21004631416486078,0.2905236376621297,0.231138317025635,0.10952301586928287,0.0329544583398879,0.8163607738723352
0.004662615091035572,0.03300946383849974,0.10645049818109031,0.20854382141642572,0.26508301834195425,0.2171559783001992,0.11494481240223767,0.05014979242855812,0.2197357003474637
0.0030092031771540126,0.025440905580070266,0.09516025265611414,0.20662622585681045,0.28609582433542063,0.24373363101426496,0.10756780410283909,0.03236615327732615,0.8479887586928282
0.0030662804202108047,0.025923457493614337,0.09686234817134928,0.2099471516917862,0.2904079530939001,0.23120464595857573,0.1096081029256224,0.03298006024494091,0.8150100055707246
0.005451890477722529,0.0322042540257639,0.09124209003103823,0.17169730275331938,0.23758409711182676,0.2394594647628945,0.16372188164696327,0.058639019190471604,0.054201971817130316
0.00479017663394259,0.033912548921775885,0.10893707064876776,0.20129203254807035,0.24266614881825765,0.21302979405330347,0.14385041943432675,0.05152180894155593,0.18928668198982582
0.004376274887047441,0.030982288868121568,0.099773557517643,0.19446356155159492,0.25482994843301515,0.23092068121410078,0.13758369077543323,0.04706999675304453,0.2945496868407465
0.0054300095262021,0.03207500349808571,0.09102853378175339,0.17189310210431655,0.23856290015394108,0.2395419869715207,0.16306479020872014,0.058403673755460545,0.058142487996890584
0.004631063448921423,0.03278609073798053,0.10544873757460728,0.20471549654300683,0.2522344676123077,0.21130150886786683,0.13907220348282268,0.049810431732487184,0.2275258588904911
0.004684419023142005,0.03316382702189615,0.10693053727296982,0.2091489632748643,0.2647306817094349,0.21547492982661284,0.11548233240692854,0.0503843094641518,0.2144135866833144
0.005398253166532977,0.03188741904863705,0.0905679919183795,0.1715021996385961,0.23922236203659045,0.2412485256706434,0.16211113734637242,0.05806211117424834,0.06391827937107926
0.004714305540543435,0.0333754117004852,0.10740687096275447,0.20932719293249505,0.2636238107387954,0.21462753976853255,0.11621910781493258,0.05070576054146157,0.20719858438246463
0.004660765823845365,0.03299637176093146,0.10645261822440145,0.20862334699978566,0.2651679207116779,0.2170698507906392,0.11489922346424694,0.05012990222447241,0.22018937805750308
0.004407840432612187,0.031205760399551495,0.10037270747611371,0.19496459534434235,0.2540077957194069,0.22905572821159084,0.13857606542561615,0.04740950699076708,0.2858256504709349
0.0033912594535932985,0.027985410890756204,0.1023954745608664,0.21213798779869739,0.2729329535211766,0.2259851798943979,0.11869628944675023,0.03647544443376226,0.6483938610399372
0.003621731398711931,0.03061944346282016,0.11529099718804521,0.23706459993560974,0.2898196084722055,0.2043207766206622,0.08030850628227733,0.03895433663966776,0.5483534570410857
0.004379583819341195,0.031005714795152246,0.09985237711410742,0.1946359691670066,0.2549847965022213,0.23034825311879087,0.1376877187739596,0.04710558670942137,0.29362926891090707
0.0031830631031738513,0.02626732930715147,0.09619868459052278,0.20621388379129607,0.2782439714577503,0.23739174691731446,0.11826517849754199,0.03423614233524833,0.7512195130006325
0.0032255271388458837,0.027269787566468612,0.10241699231607337,0.22425774231970502,0.2937192362496416,0.22100602704955555,0.09341181365525057,0.034692873704459073,0.7291694445152926
0.004683349154742496,0.033156252778353414,0.1068403882284361,0.2089451466728579,0.2646319848355004,0.21591411852675133,0.1154559575464531,0.050372802256905706,0.2146735743299279
0.0031033306851076525,0.02623669400024623,0.09858047534993825,0.2163025738458951,0.29401834477193023,0.2341367881659338,0.09424323058105784,0.033378562599890256,0.7942519812080975
0.0030535952029840884,0.025816212022063037,0.09689814007400509,0.21166209908547715,0.28597298932621257,0.23459868905322678,0.1091546536630386,0.032843621572991755,0.8222328656123933
0.004769032889439012,0.03376285960452059,0.10856388622865268,0.2011227430963319,0.24339508763255863,0.2138765313075238,0.1432154665405858,0.051294392700387846,0.19422108574046343
0.003744452335790511,0.030900035403341443,0.1130333140714953,0.22657437431913005,0.2664420372013439,0.20131138516894453,0.11772011255863453,0.04027428894131958,0.500108853340751
0.0036839811351388235,0.030401013898070973,0.11141777637950406,0.2325966694502632,0.2928498892505343,0.21048481998505358,0.0789419723926219,0.03962387750881288,0.5234798650335347
0.004384606564418777,0.03104127383632791,0.09993592819242782,0.1945452631038174,0.25447526276785387,0.230612429031893,0.1378456265433374,0.0471596099599244,0.2922347889110757
0.003303762548661954,0.027263367393441783,0.0998231370739059,0.21384203108514502,0.2887978599289474,0.23110546157123796,0.10033002836364216,0.035534352035017064,0.6900287559753057
0.003094571972426466,0.026162644635943828,0.09831072302478248,0.21596875505373317,0.2943752810697392,0.23482642555400726,0.09397724236949936,0.03328435631986783,0.7991143317137377
0.0047002656888635195,0.03327601512425546,0.10719310771256892,0.2092329075938276,0.26402522941668843,0.21514473137288573,0.11587299129319657,0.050554751797714056,0.21057656389485602
0.0030788893720593955,0.02603005818973186,0.0978556307768296,0.2153422044828298,0.2947794724779967,0.23629707940168398,0.0935009866711953,0.03311567862767301,0.8078895520264232
0.0029329420027727963,0.024796165686271306,0.09311862988409408,0.20412573653340274,0.286855061909628,0.24765350538513373,0.10897204932412496,0.03154590927457133,0.8940550370475718
0.005433547334065074,0.03209590128823375,0.09103666777435197,0.17178873633813907,0.23833433472049909,0.23969805548685777,0.16317103162398672,0.058441725433867664,0.0575032172639903
0.004756406657329501,0.03367347089365816,0.10825799046801053,0.20068470250703724,0.24366966736500612,0.2149628765927012,0.1428362970602877,0.05115858845597055,0.1971886429373592
0.00470004645867546,0.033274463061555924,0.10724299688823558,0.20976666986850734,0.2646174746588856,0.21397836851003818,0.11586758673537922,0.05055239381872359,0.2106294705643468
0.0054131051179155945,0.03197514935375938,0.09084633269678566,0.17189524553327307,0.238963150662069,0.24012801616547366,0.16255714583396533,0.05822185463675917,0.06120859669131751
0.004393276711855022,0.031102655038224986,0.10011648412050965,0.1948489783691276,0.25454718865886033,0.22962035012890628,0.1381182033157372,0.047252863656779776,0.28983517196571695
0.004831455423692159,0.03420478636598507,0.11037722687804338,0.21654003206145922,0.2619270177736057,0.201046551744632,0.11910713761764216,0.05196579213494091,0.1797777426653565
0.005393160221853067,0.031857335083289404,0.09058335731488044,0.1717341297276205,0.23944556864825364,0.24102092141470233,0.16195819471307377,0.05800733287632735,0.06485090428612669
0.004699040705999914,0.03326734273188562,0.10714692587111964,0.20921574329774936,0.2641979183168771,0.2150886603703994,0.11584279248357922,0.05054157622239014,0.21087225143468927
0.0048155601947728706,0.03409225445546457,0.11007816020396967,0.2162492925860684,0.26228221956856934,0.20197240399170976,0.11871528153032948,0.051794827469116504,0.18342005026016542
0.0043958423688742745,0.03112081887138416,0.10018166361317231,0.19497523368143838,0.2545700470906817,0.22927707139842182,0.13819886382520782,0.047280459150820395,0.2891268959177956
0.0033742987135657793,0.027845447173683927,0.10194643680686592,0.21165289062464002,0.27349349780983284,0.22729175694486628,0.11810265250003878,0.036293019426506104,0.656295821987472
0.0033570459731221353,0.028381695951460912,0.10662048989469972,0.22574131734265818,0.285877052658431,0.2166943230071277,0.09722062142859478,0.03610745374390536,0.664415744764802
0.0043685804396154234,0.030927815234912445,0.09968316469919847,0.1945805592274289,0.25526655499394896,0.23084429940442763,0.13734178858612886,0.04698723741433995,0.29669537760533443
0.003068894789512736,0.02532518754175937,0.09280564941053882,0.19926794857125285,0.2789266134318083,0.24925246402958254,0.11834506255078558,0.0330081796747595,0.8135288260758581
0.003152820517740579,0.02665509916768279,0.09987855417139284,0.2178154445179771,0.2953404619652864,0.23194054060878846,0.09130621756201113,0.03391086148912027,0.7672855604398783
0.004679515351670416,0.033129110974580024,0.10684039978288473,0.20911573592628446,0.2648048554513168,0.21573737060906195,0.11536144496793156,0.050331566936270646,0.21560619924497534
0.0030322615988722583,0.025635849920888805,0.0961018261528966,0.21001366178669192,0.2954353370574174,0.24508192507079415,0.09208497515780925,0.03261416325462911,0.8345163259077111
0.0030675761014848147,0.025934411657561864,0.09711814707748948,0.2114558552993763,0.2851139162623478,0.23466167866434562,0.10965441870467,0.032993996232723845,0.8142756175365058
0.004389936510940014,0.031079007741769124,0.10001606584855349,0.19457421799752364,0.25435395444567654,0.23035668779431018,0.13801319227742734,0.0472169373838006,0.290758509347267
0.003494022483325897,0.028833433771576652,0.10553893114306763,0.21909969003353139,0.2843621498263054,0.22250877919177184,0.09858225852118833,0.037580735029232565,0.6021573758204815
0.0032558212995231852,0.02752590549405488,0.10346009449266218,0.21954747029033703,0.28795793317048357,0.22651731082166968,0.09671675515168716,0.03501870927958193,0.7137902960436908
0.004539455925789299,0.03213754584136699,0.10355017795579352,0.20237201329628784,0.2678551994262302,0.2288118417208732,0.11190863916716481,0.048825126666494696,0.25075757175481195
0.0029615660511978148,0.0250381638733093,0.09396872612733335,0.20591405814837943,0.29112314516819077,0.2569942817591306,0.09214627728611492,0.03185378158634323,0.8764862901947498
0.003029291525070083,0.02561073982937333,0.09601599357265427,0.20939123848187824,0.29165497199287455,0.23342965892169512,0.10828588771041694,0.0325822179660371,0.836240154701632
0.0046643736898736,0.03302191402012892,0.10646175194639566,0.20849512458617395,0.2649620791490597,0.21723788303469982,0.11498816614462928,0.05016870742903967,0.21930459986854592
0.0029474099224940514,0.024918482777507592,0.09346196892902818,0.20417825152771732,0.2858810666261817,0.2474017000957535,0.10950959792208276,0.03170152219923435,0.8851323286650267
0.003043844500014041,0.02573377600860817,0.09641778662013399,0.20998605303805465,0.2915771702321086,0.2316965215261655,0.1088061023538714,0.03273874572104323,0.8278257600931246
0.005431161061673156,0.032081805604801006,0.09103033332870752,0.17186158043049446,0.2384869027168109,0.2395927863473734,0.1630993711591033,0.05841605935103729,0.05793431774290808
0.0047423524191815124,0.03357397246694572,0.10796748884186029,0.20038441949928715,0.2440192395567614,0.21589085810380337,0.1424142441367916,0.05100742497536966,0.20051040966608855
0.004698260862868971,0.03326182175210754,0.10723136028474461,0.2098152559137752,0.26473946935274745,0.2138970759354115,0.11582356745199517,0.05053318844635029,0.2110605710432646
0.005395880691867081,0.031873404868212406,0.09059068883706155,0.1716542975751499,0.2392667437827095,0.241142499517797,0.16203989123127757,0.0580365934959254,0.06435251016873049
0.004567561014908247,0.032336518714923164,0.10411647018708112,0.20299501663875547,0.2673037170237772,0.22695180119299704,0.11260149803139677,0.049127417196161455,0.24353101478360767
0.00481772903454298,0.034107608980031824,0.1100934862773702,0.21619806300869962,0.2621328404330233,0.20206336864888869,0.11876874871036437,0.05181815490707957,0.1829216561427692
0.005390809283883862,0.031843448119883135,0.09057726753515177,0.17180645641544962,0.23959651871436752,0.2409158577391915,0.16188759535134292,0.05798204684073013,0.06528200476504448
0.004685322944640658,0.03317022642725989,0.10686316118744546,0.20889416696491486,0.26448335922929117,0.21600511518148233,0.11550461627232604,0.05039403179264001,0.21419401816341835
0.00481368576819982,0.03407898425945375,0.11006513414775625,0.21629654895275546,0.26240812036036365,0.20189378750146716,0.11866907235230503,0.05177466665769936,0.1838511507390832
0.004380260705096278,0.031010506877582156,0.09985369209389666,0.1945771976025453,0.25482744649550015,0.23052903004735886,0.13770899907348857,0.047112867104532795,0.29344115660906356
0.003482190509220612,0.028735793746825864,0.10522770410818849,0.21877324157552544,0.28479447452648504,0.22328469718849417,0.09824842474203276,0.03745347360322703,0.6073419562143053
0.0033667412521409547,0.028463663390536763,0.10689365306083001,0.2261314452760618,0.28569815455959213,0.2157332106343069,0.09750139835529759,0.03621173347123382,0.6598424635386911
0.004537037043262667,0.03212042111334774,0.10355514935573437,0.2025207757030979,0.2679285814763128,0.22868991764563748,0.11184900782449161,0.04879910983811594,0.2513837143857636
0.002871100962700894,0.024273338888337846,0.09102060006929787,0.19907432239078102,0.2800424203969841,0.2589791061188621,0.11285834694317003,0.030880764229865687,0.9332075345580405
0.0030671462615371866,0.025930777633244338,0.09713280213135193,0.21150619108013916,0.28520751414852286,0.2345271422238034,0.10963905352772448,0.032989372993676616,0.8145191806785358
0.004661861802562982,0.0330041308551609,0.10646622322124763,0.20863876536194081,0.26504019173540455,0.21712089474901308,0.1149262420076252,0.0501416902670454,0.21992045993624332
0.002956894884454191,0.024998672119154738,0.09368269058070362,0.2043614068527852,0.2856141946647748,0.24672059396210802,0.10986200712130341,0.03180353981471548,0.8793301140091456
0.0030756694508444703,0.026002835796699007,0.09734262336997217,0.2117745646055757,0.2849484713851592,0.23383106354600341,0.10994372579601723,0.033081046049728655,0.8097023363103949
0.004388378730592119,0.031067979275327406,0.10000776125310373,0.1946249905448792,0.2544715447997718,0.2302749451266525,0.13796421793847183,0.047200182331202246,0.2911896098261848
0.003486432488835787,0.028770799485592066,0.10533126978803296,0.2188389286425936,0.2845307491546076,0.22317461101143743,0.0983681102715508,0.037499099157349274,0.605479142549211
0.0032578151399477477,0.027542762151115504,0.10348981637016158,0.21952242473021724,0.28771501505622066,0.22665602831554613,0.09677598376358369,0.03504015447320722,0.7127881338267884
0.004527336486214201,0.03205174502045723,0.10330176690675891,0.20208848248414496,0.2680327888973565,0.2296932413845458,0.11160986547875587,0.048694773341767084,0.25390148523222467
0.00289371258345777,0.02446450581021784,0.09178589901022065,0.20071325859320885,0.2814689991149607,0.257877536602732,0.10967211974503165,0.031123968540170174,0.9186976999998896
0.003040481328582402,0.025705342525787368,0.0963392716187191,0.20986532040379746,0.29163626780737667,0.2320248624289415,0.10868588150322585,0.03270257238356946,0.8297631580076295
0.004662615091035572,0.03300946383849974,0.10645049818109031,0.20854382141642572,0.26508301834195425,0.2171559783001992,0.11494481240223767,0.05014979242855812,0.2197357003474637
0.0029590378391127167,0.025016789442552447,0.09380013710073593,0.20463632088547282,0.28564809492990484,0.2461714033917626,0.10994162757084773,0.03182658883961043,0.878024360496405
0.0030455870967070753,0.025748508559161155,0.09644154057577933,0.20995716515515958,0.29135214885323196,0.23182916745870152,0.1088683936943597,0.032757488606899365,0.8268235978762222
0.005431161061673156,0.032081805604801006,0.09103033332870752,0.17186158043049446,0.2384869027168109,0.2395927863473734,0.1630993711591033,0.05841605935103729,0.05793431774290808
0.0047423524191815124,0.03357397246694572,0.10796748884186029,0.20038441949928715,0.2440192395567614,0.21589085810380337,0.1424142441367916,0.05100742497536966,0.20051040966608855
0.004698260862868971,0.03326182175210754,0.10723136028474461,0.2098152559137752,0.26473946935274745,0.2138970759354115,0.11582356745199517,0.05053318844635029,0.2110605710432646
0.005395880691867081,0.031873404868212406,0.09059068883706155,0.1716542975751499,0.2392667437827095,0.241142499517797,0.16203989123127757,0.0580365934959254,0.06435251016873049
0.004567561014908247,0.032336518714923164,0.10411647018708112,0.20299501663875547,0.2673037170237772,0.22695180119299704,0.11260149803139677,0.049127417196161455,0.24353101478360767
0.00481772903454298,0.034107608980031824,0.1100934862773702,0.21619806300869962,0.2621328404330233,0.20206336864888869,0.11876874871036437,0.05181815490707957,0.1829216561427692
0.005390809283883862,0.031843448119883135,0.09057726753515177,0.17180645641544962,0.23959651871436752,0.2409158577391915,0.16188759535134292,0.05798204684073013,0.06528200476504448
0.004685322944640658,0.03317022642725989,0.10686316118744546,0.20889416696491486,0.26448335922929117,0.21600511518148233,0.11550461627232604,0.05039403179264001,0.21419401816341835
0.00481368576819982,0.03407898425945375,0.11006513414775625,0.21629654895275546,0.26240812036036365,0.20189378750146716,0.11866907235230503,0.05177466665769936,0.1838511507390832
0.004380260705096278,0.031010506877582156,0.09985369209389666,0.1945771976025453,0.25482744649550015,0.23052903004735886,0.13770899907348857,0.047112867104532795,0.29344115660906356
0.003482190509220612,0.028735793746825864,0.10522770410818849,0.21877324157552544,0.28479447452648504,0.22328469718849417,0.09824842474203276,0.03745347360322703,0.6073419562143053
0.0033667412521409547,0.028463663390536763,0.10689365306083001,0.2261314452760618,0.28569815455959213,0.2157332106343069,0.09750139835529759,0.03621173347123382,0.6598424635386911
0.004537037043262667,0.03212042111334774,0.10355514935573437,0.2025207757030979,0.2679285814763128,0.22868991764563748,0.11184900782449161,0.04879910983811594,0.2513837143857636
0.002871100962700894,0.024273338888337846,0.09102060006929787,0.19907432239078102,0.2800424203969841,0.2589791061188621,0.11285834694317003,0.030880764229865687,0.9332075345580405
0.0030671462615371866,0.025930777633244338,0.09713280213135193,0.21150619108013916,0.28520751414852286,0.2345271422238034,0.10963905352772448,0.032989372993676616,0.8145191806785358
0.004661861802562982,0.0330041308551609,0.10646622322124763,0.20863876536194081,0.26504019173540455,0.21712089474901308,0.1149262420076252,0.0501416902670454,0.21992045993624332
0.002956894884454191,0.024998672119154738,0.09368269058070362,0.2043614068527852,0.2856141946647748,0.24672059396210802,0.10986200712130341,0.03180353981471548,0.8793301140091456
0.0030756694508444703,0.026002835796699007,0.09734262336997217,0.2117745646055757,0.2849484713851592,0.23383106354600341,0.10994372579601723,0.033081046049728655,0.8097023363103949
0.004388378730592119,0.031067979275327406,0.10000776125310373,0.1946249905448792,0.2544715447997718,0.2302749451266525,0.13796421793847183,0.047200182331202246,0.2911896098261848
0.003486432488835787,0.028770799485592066,0.10533126978803296,0.2188389286425936,0.2845307491546076,0.22317461101143743,0.0983681102715508,0.037499099157349274,0.605479142549211
0.0032578151399477477,0.027542762151115504,0.10348981637016158,0.21952242473021724,0.28771501505622066,0.22665602831554613,0.09677598376358369,0.03504015447320722,0.7127881338267884
0.004527336486214201,0.03205174502045723,0.10330176690675891,0.20208848248414496,0.2680327888973565,0.2296932413845458,0.11160986547875587,0.048694773341767084,0.25390148523222467
0.00289371258345777,0.02446450581021784,0.09178589901022065,0.20071325859320885,0.2814689991149607,0.257877536602732,0.10967211974503165,0.031123968540170174,0.9186976999998896
0.003040481328582402,0.025705342525787368,0.0963392716187191,0.20986532040379746,0.29163626780737667,0.2320248624289415,0.10868588150322585,0.03270257238356946,0.8297631580076295
0.004662615091035572,0.03300946383849974,0.10645049818109031,0.20854382141642572,0.26508301834195425,0.2171559783001992,0.11494481240223767,0.05014979242855812,0.2197357003474637
0.0029590378391127167,0.025016789442552447,0.09380013710073593,0.20463632088547282,0.28564809492990484,0.2461714033917626,0.10994162757084773,0.03182658883961043,0.878024360496405
0.0030455870967070753,0.025748508559161155,0.09644154057577933,0.20995716515515958,0.29135214885323196,0.23182916745870152,0.1088683936943597,0.032757488606899365,0.8268235978762222
0.005454437169681463,0.032219297305724495,0.0911592888062781,0.1715298269639749,0.23760105821154273,0.2395713212823705,0.16379835955883543,0.058666410701592814,0.05374539487382122
0.004793923352814435,0.033939074203983066,0.10891204355280382,0.20104627663070038,0.24258722117894166,0.21319641896312183,0.1439629345089063,0.0515621076087293,0.18841683449066188
0.004387866944500534,0.031064356032972338,0.09993694482029886,0.19434480731591552,0.254155557923269,0.23096766112961506,0.13794812813123045,0.04719467770219906,0.2913313084242326
0.005433800960353967,0.032097399455790224,0.0909671454907663,0.17165077401881834,0.23851853453422162,0.23970924407591945,0.16317864809636864,0.05844445336776187,0.05745741977029516
0.004637187982355763,0.03282945000332439,0.10548156240090986,0.20449755360889516,0.25184086253661386,0.21158095292430468,0.13925612503116946,0.04987630551242763,0.22600540868238106
0.004706455780477787,0.033319838515487345,0.10732534424124612,0.20935284284403444,0.2642224443538387,0.2144261514413942,0.11602559212029949,0.05062133070322271,0.209084747719534
0.0054042541942689775,0.03192286705009921,0.09054440444985291,0.17125716534331237,0.2389365901612531,0.24151671225788873,0.16229134998211195,0.05812665656121306,0.06282162129059549
0.004734512616051758,0.0335184697731012,0.10775838442558151,0.2096595312551714,0.26321595860023284,0.2134727796815132,0.11671726141718206,0.05092310223116677,0.20237194240935744
0.004684273474885648,0.03316279659802218,0.10688182389370399,0.2088339765134506,0.2644636578167006,0.21611198342759644,0.11547874428809485,0.05038274398754648,0.2144489492398342
0.0044163488869465445,0.03126599687847756,0.10046490497038647,0.19485957934514878,0.253719072840525,0.22892951671392206,0.13884355880304997,0.04750102156154438,0.28349543512241476
0.0033999031149108674,0.028056740264660755,0.10257828149506783,0.21217654831779595,0.2725352126449477,0.22568607768724924,0.1189988232220834,0.036568413253284214,0.6443971310591079
0.003617501933101206,0.03058368601178677,0.11541689361106985,0.2376499167461784,0.290669750789235,0.20293868338765722,0.08021472183827068,0.03890884568270042,0.5500745134837799
0.0043897586960476576,0.03107774888292177,0.09998341883289671,0.19451630424451907,0.2544916680684831,0.23031847438199346,0.13800760203691534,0.04721502485622364,0.29080770241080395
0.003194487172448851,0.026361603212489673,0.0964704875706149,0.20641422424896655,0.27773588582054043,0.23677466122839877,0.11868963429630672,0.034359016450234196,0.745229758032796
0.0032147589183531993,0.027178749087279297,0.10230660742702427,0.22507885498421748,0.29464100912743885,0.219903002577663,0.0930999641612726,0.0345770537167506,0.7347058699479819
0.00470524204787294,0.0333112457704833,0.10723163188864596,0.20924336906575652,0.2640430268305027,0.2148615376072355,0.11599567065694756,0.05060827613255616,0.20937694871562293
0.0030909874846797077,0.026132340063952632,0.0984109947328513,0.21698844460766675,0.29479913324657486,0.23346391013653395,0.09386838716213979,0.033245802565600564,0.8011121863744161
0.0030087778031533926,0.02543730931250411,0.09569266597011705,0.20995123117989728,0.2852708142599855,0.23648793139246424,0.11178969200911362,0.0323615780727641,0.8482392334354569
0.004774825926343981,0.03380387200603693,0.10858596593158956,0.20084662274745047,0.24310624795723293,0.21413633128535886,0.14338943315022468,0.051356700995763484,0.1928647941787534
0.00375289840231,0.030969734181979014,0.11320197822610062,0.2265311677940841,0.26591095257977304,0.20128249177537139,0.11798564455428806,0.04036513248609439,0.4969045471503974
0.0037128925622325146,0.03063959728507717,0.11220679298918783,0.23364962086804889,0.29203079814591554,0.20826395816156884,0.07956149920227139,0.03993484078569791,0.5122111505650842
0.004394771430967839,0.031113237056156963,0.1000665546323999,0.19442377252984536,0.25398605011627634,0.23058147869253498,0.1381651951015646,0.047268940440254974,0.2894224388059572
0.0033194389652347646,0.02739273259391912,0.10022047077621975,0.214295838029627,0.288495299615786,0.22976716053325155,0.10080609626992294,0.03570296321603897,0.6824078271149504
0.003081356371803253,0.026050915108940913,0.09811279988490997,0.21653776408935052,0.29509170689385983,0.23440733911926148,0.09357590554040233,0.03314221299147105,0.8065032185319778
0.004721519787203927,0.03342648570286626,0.10756925426360657,0.20949817162123857,0.2635556954818846,0.21404856161204067,0.11639695655707044,0.05078335497408966,0.2054706546718692
0.0030692156157011334,0.025948272711109603,0.0977692177709513,0.2161876401670907,0.295687202157665,0.23511961115082647,0.09320721003455398,0.03301163039210151,0.8133472347757136
0.0028894644718402873,0.02442859071901547,0.09194635209010603,0.20242764776612432,0.2861968359920067,0.24960709820008595,0.1114257337288859,0.031078277031934873,0.9214063805723968
0.005437042032738095,0.03211654443289511,0.09097019757733871,0.17159214231015957,0.2382765594843492,0.23985222226317054,0.16327597845754366,0.05847931344180539,0.056872553010901425
0.004761463981498511,0.033709274741073623,0.1082636097716359,0.20044489897364282,0.2434281596521016,0.21519143925135373,0.14298816999912095,0.051212983629573314,0.19599812501978062
0.004722505511924288,0.03343346424256473,0.10764686296455472,0.21003455294302195,0.2640160045390629,0.21293139557254995,0.11642125707102023,0.05079395715530184,0.20523496747785072
0.005418004829574213,0.03200409189388412,0.0908039783524127,0.17162955744174863,0.23882015749158145,0.2403453697942574,0.1627042856225496,0.058274554573992235,0.06031792161445157
0.00440255968045213,0.03116837477065782,0.10022679481436418,0.19474800040723925,0.2541525619104663,0.22953895343865807,0.1384100462903919,0.04735270868777125,0.2872764229034292
0.004857366743188532,0.03438822822151541,0.11085749211697948,0.2168425459013324,0.2610677525890025,0.19999621261961598,0.1197459147202881,0.05224448708807814,0.1738914034910058
0.00539947267732117,0.03189462268476485,0.0905652226996665,0.17144005751646035,0.23917461117129893,0.2413030257414283,0.1621477596156105,0.05807522789344951,0.063695222464007
0.004719975874829856,0.033415555416173776,0.10751575320949947,0.20953241300820227,0.2637120892036335,0.21397856884746083,0.11635889535863606,0.05076674908156459,0.20584000261131144
0.004842466182339176,0.03428273816605794,0.11058184977748928,0.21653389836064163,0.26131739383826885,0.20097885325729128,0.11937857962226334,0.05208422079564903,0.17726870434056108
0.004404938026455251,0.031185212516183166,0.10028766495606325,0.1948497866035127,0.2542246995549079,0.22918459081122391,0.13848481801508844,0.04737828951656605,0.28662259325949485
0.003383544484274718,0.027921745285294706,0.10214797277914964,0.21169564997788987,0.2729886973002968,0.22704366530955064,0.11842626049619596,0.03639246436734773,0.6519784215882262
0.003356722311746522,0.028378959599672047,0.10685196241433059,0.22641540693104967,0.2860693520618961,0.21561237600902977,0.09721124814019737,0.0361039725320774,0.6645688721254722
0.0043794437441622746,0.031004723118493765,0.09983034248625965,0.1944454257235324,0.2546979405323381,0.2308547292805801,0.1376833150149181,0.04710408009971627,0.2936682042549605
0.003081360728483434,0.025428059182519395,0.09311177413588248,0.19952261647232233,0.27843682802253816,0.24845131800620548,0.11882578360133544,0.03314225985071259,0.806500772253846
0.003133541552372957,0.02649210773482681,0.09949349220210395,0.21791643345148784,0.29731388229681166,0.23119914501690172,0.09074789545127836,0.03370350229421644,0.7776891603540854
0.0047016170495893265,0.03328558222171908,0.10723690335768281,0.2093733580978464,0.2642309423559892,0.214696004634199,0.11590630562476434,0.05056928665821018,0.21025054988903458
0.0030154916273464494,0.025494070440723538,0.0957875100028878,0.21026703869129684,0.2974478380329481,0.2439785633822834,0.09157569772214023,0.03243379010037302,0.8442941486006948
0.0030224430923052057,0.025552840670996307,0.09590693250567478,0.20965295894635305,0.28449307830918175,0.23656576909511703,0.1122974192543411,0.03250855812603018,0.8402278927254636
0.004399579991882739,0.031147279758489563,0.10013460723888565,0.19447340715883882,0.2539115783765394,0.2302965182562603,0.13831636923368978,0.0473206599854145,0.288096564860267
0.0035085241112963197,0.0289531043608933,0.10589628411981569,0.21945201994701827,0.2840186664913065,0.22144327508674988,0.09899141537246237,0.03773671051045792,0.5958506895963005
0.00325416037666941,0.027511863444046603,0.10364168095231573,0.22009599374652666,0.2878295092915808,0.22599853121361635,0.09666741612039638,0.035000844854848084,0.7146260618013687
0.004559307328731893,0.03227808589341566,0.10389817193934624,0.20261258515447012,0.2674006757122981,0.22781450655599383,0.11239802457483973,0.04903864284090523,0.24564401407928255
0.0029407914420917004,0.024862527720608114,0.09352135677572312,0.2059085807789008,0.2932049363288543,0.2564315759723094,0.09149989531856488,0.03163033566294734,0.8892032072115438
0.00298927664798227,0.025272439405687106,0.09496297625106653,0.20797932348329326,0.29123355611905244,0.23434546305777187,0.1110651359690774,0.03215182906606844,0.8597987251355539
0.004687381859680216,0.03318480272837372,0.10687911648577533,0.20879574146721164,0.2642260162395341,0.21625539076852385,0.11555537354015823,0.050416176910743446,0.21369421018368545
0.0029275805307263825,0.024750837838308573,0.09304402676831301,0.20416555023038088,0.2870866857387108,0.24776422971346607,0.10877284640918856,0.03148824277090558,0.8973839799478045
0.0029979356023407196,0.025345645376599245,0.0951794739288274,0.20810359842539333,0.29065019610077003,0.2340913329396004,0.11138685525317925,0.032244962373289,0.854647486531559
0.005434837245337088,0.032103520779205634,0.09096697730430564,0.17163699028057805,0.2384373477512161,0.2397549592376936,0.16320976804055173,0.05845559936111231,0.05727034140729476
0.004748327131872811,0.03361627106090601,0.10799432741748284,0.20015527264664126,0.24365759696146444,0.21616285093264306,0.1425936665239647,0.05107168732502511,0.19909586327466713
0.004720842063156005,0.033421687685655836,0.10763819158560009,0.21005996816425362,0.264146603015174,0.21285639291415184,0.11638024900947583,0.050776065562533376,0.20563275587424393
0.005401975214367022,0.031909405142164324,0.09056879295321944,0.17139438962686407,0.2389855166381027,0.24141486439629004,0.16222291154239854,0.05810214448659389,0.06323780661802168
0.004585726277392961,0.03246512156190894,0.10442509633960184,0.20323965459167326,0.26706742017516927,0.22584486736981974,0.11304931597213935,0.04932279771229502,0.23890737685625668
0.004844478934253437,0.03429698765057091,0.11059337140452398,0.21651168657897918,0.2611570178563161,0.20106238932267362,0.11942819885668006,0.05210586939600304,0.17681128849457578
0.0053972982482274855,0.031881778357245774,0.09056218775739264,0.17148465696346912,0.239333927200924,0.24120585026691022,0.16208246086755593,0.05805184033827505,0.06409301086040019
0.004707066648352677,0.033324163217533856,0.10725085618075014,0.2092204488538594,0.2638840558779097,0.21494485669275892,0.11604065150047796,0.05062790102835761,0.2089377408661978
0.004840717166308923,0.03427035582690355,0.11057189814140561,0.21655761149141878,0.26145228325926545,0.20090626313010138,0.11933546211941125,0.05206540886518537,0.17766649273695456
0.00439033311634185,0.031081815550566223,0.0999823519779462,0.19447006893873742,0.25433444433137037,0.23049412195172353,0.1380256609720077,0.047221203161307394,0.2906488015393188
0.0034969141180558184,0.028857296170537925,0.10559222430475786,0.21912124128627436,0.2844102648342233,0.2222463779545378,0.09866384468265534,0.037611836648957425,0.6008956430123948
0.003364455444619141,0.028444338336722462,0.10706338794688984,0.22661844515030186,0.28571717384838985,0.21516985033112226,0.09743520098132176,0.036187147960632486,0.6609183086759546
0.004557032900581794,0.032261983845035494,0.10390675589930223,0.20274076574061625,0.26747646710107476,0.22770086040552565,0.11234195438419971,0.04901417972366435,0.2462276282327254
0.002846610551462726,0.024066287983747027,0.09044921056873245,0.19873323766572196,0.2811789347627145,0.26021269790908047,0.11189566838738077,0.030617352171159514,0.9491830244062894
0.003023577836639965,0.025562434215126963,0.09597080187229402,0.20983322205835117,0.28447270029011756,0.2362769204723892,0.11233958013427012,0.03252076312081027,0.839565899777811
0.004684982278945149,0.03316781464937616,0.10688651278858755,0.20891677059321534,0.2643126494083068,0.2161446845608632,0.11549621803363432,0.05039036768707184,0.21427675816885855
0.0029378267341811063,0.024837462994304973,0.0932901414070853,0.20437225137196102,0.28664668840966034,0.24716364182444042,0.10915353916997196,0.03159844808839428,0.8910326807538266
0.003028711269743489,0.025605834138362416,0.09607456090584965,0.2098009724022638,0.28417277550132214,0.23621085850951823,0.11253031037197359,0.03257597690096609,0.8365773292759462
0.004398136223988177,0.031137058454955777,0.1001289938401137,0.19450219160605892,0.254036565315485,0.23022094406056412,0.13827097927974866,0.047305131219086256,0.28849435325666034
0.0035013861437706434,0.02889420029977251,0.10570253326910369,0.21919978202898655,0.28410527215736975,0.22214686872752368,0.09879002085846307,0.037659936515010026,0.5989484278511874
0.003255652218273873,0.02752447601925844,0.10365558060932192,0.21998241901464033,0.28775111071046766,0.2261021382803821,0.09671173245901271,0.03501689068864293,0.7138753376604032
0.004547950796254115,0.032197686151889345,0.10366755251880604,0.20233742220710652,0.26746870276083917,0.22874613202860192,0.11211805840355792,0.04891649513294544,0.24856389908285267
0.0028723664395536048,0.02428403769304735,0.09131568760709594,0.20058952373374336,0.28264057198185294,0.2585403393517083,0.10886309784571264,0.03089437534728531,0.932389445615811
0.002996472948081176,0.025333279561889275,0.09516064943806551,0.20813425708674316,0.2907258151771643,0.23408778427986476,0.11133251103772444,0.032229230470466504,0.8555155343395144
0.004685743058415296,0.033173200666003856,0.10687077799701611,0.2088214008416844,0.26435557030435236,0.21617978361328316,0.11551497309957223,0.050398550419672936,0.21409199858007893
0.0029406206947202034,0.024861084159804613,0.09342810642241436,0.20467991933996219,0.28652918667253546,0.24667523612903638,0.10925734742986537,0.03162849915166104,0.8893084725562838
0.0029992017190264594,0.025356349590691465,0.09518870485822883,0.2079939053294234,0.29057916430198066,0.23419019661845678,0.11143389720961687,0.0322585803725749,0.8538967623905935
0.005434837245337088,0.032103520779205634,0.09096697730430564,0.17163699028057805,0.2384373477512161,0.2397549592376936,0.16320976804055173,0.05845559936111231,0.05727034140729476
0.004748327131872811,0.03361627106090601,0.10799432741748284,0.20015527264664126,0.24365759696146444,0.21616285093264306,0.1425936665239647,0.05107168732502511,0.19909586327466713
0.004720842063156005,0.033421687685655836,0.10763819158560009,0.21005996816425362,0.264146603015174,0.21285639291415184,0.11638024900947583,0.050776065562533376,0.20563275587424393
0.005401975214367022,0.031909405142164324,0.09056879295321944,0.17139438962686407,0.2389855166381027,0.24141486439629004,0.16222291154239854,0.05810214448659389,0.06323780661802168
0.004585726277392961,0.03246512156190894,0.10442509633960184,0.20323965459167326,0.26706742017516927,0.22584486736981974,0.11304931597213935,0.04932279771229502,0.23890737685625668
0.004844478934253437,0.03429698765057091,0.11059337140452398,0.21651168657897918,0.2611570178563161,0.20106238932267362,0.11942819885668006,0.05210586939600304,0.17681128849457578
0.0053972982482274855,0.031881778357245774,0.09056218775739264,0.17148465696346912,0.239333927200924,0.24120585026691022,0.16208246086755593,0.05805184033827505,0.06409301086040019
0.004707066648352677,0.033324163217533856,0.10725085618075014,0.2092204488538594,0.2638840558779097,0.21494485669275892,0.11604065150047796,0.05062790102835761,0.2089377408661978
0.004840717166308923,0.03427035582690355,0.11057189814140561,0.21655761149141878,0.26145228325926545,0.20090626313010138,0.11933546211941125,0.05206540886518537,0.17766649273695456
0.00439033311634185,0.031081815550566223,0.0999823519779462,0.19447006893873742,0.25433444433137037,0.23049412195172353,0.1380256609720077,0.047221203161307394,0.2906488015393188
0.0034969141180558184,0.028857296170537925,0.10559222430475786,0.21912124128627436,0.2844102648342233,0.2222463779545378,0.09866384468265534,0.037611836648957425,0.6008956430123948
0.003364455444619141,0.028444338336722462,0.10706338794688984,0.22661844515030186,0.28571717384838985,0.21516985033112226,0.09743520098132176,0.036187147960632486,0.6609183086759546
0.004557032900581794,0.032261983845035494,0.10390675589930223,0.20274076574061625,0.26747646710107476,0.22770086040552565,0.11234195438419971,0.04901417972366435,0.2462276282327254
0.002846610551462726,0.024066287983747027,0.09044921056873245,0.19873323766572196,0.2811789347627145,0.26021269790908047,0.11189566838738077,0.030617352171159514,0.9491830244062894
0.003023577836639965,0.025562434215126963,0.09597080187229402,0.20983322205835117,0.28447270029011756,0.2362769204723892,0.11233958013427012,0.03252076312081027,0.839565899777811
0.004684982278945149,0.03316781464937616,0.10688651278858755,0.20891677059321534,0.2643126494083068,0.2161446845608632,0.11549621803363432,0.05039036768707184,0.21427675816885855
0.0029378267341811063,0.024837462994304973,0.0932901414070853,0.20437225137196102,0.28664668840966034,0.24716364182444042,0.10915353916997196,0.03159844808839428,0.8910326807538266
0.003028711269743489,0.025605834138362416,0.09607456090584965,0.2098009724022638,0.28417277550132214,0.23621085850951823,0.11253031037197359,0.03257597690096609,0.8365773292759462
0.004398136223988177,0.031137058454955777,0.1001289938401137,0.19450219160605892,0.254036565315485,0.23022094406056412,0.13827097927974866,0.047305131219086256,0.28849435325666034
0.0035013861437706434,0.02889420029977251,0.10570253326910369,0.21919978202898655,0.28410527215736975,0.22214686872752368,0.09879002085846307,0.037659936515010026,0.5989484278511874
0.003255652218273873,0.02752447601925844,0.10365558060932192,0.21998241901464033,0.28775111071046766,0.2261021382803821,0.09671173245901271,0.03501689068864293,0.7138753376604032
0.004547950796254115,0.032197686151889345,0.10366755251880604,0.20233742220710652,0.26746870276083917,0.22874613202860192,0.11211805840355792,0.04891649513294544,0.24856389908285267
0.0028723664395536048,0.02428403769304735,0.09131568760709594,0.20058952373374336,0.28264057198185294,0.2585403393517083,0.10886309784571264,0.03089437534728531,0.932389445615811
0.002996472948081176,0.025333279561889275,0.09516064943806551,0.20813425708674316,0.2907258151771643,0.23408778427986476,0.11133251103772444,0.032229230470466504,0.8555155343395144
0.004685743058415296,0.033173200666003856,0.10687077799701611,0.2088214008416844,0.26435557030435236,0.21617978361328316,0.11551497309957223,0.050398550419672936,0.21409199858007893
0.0029406206947202034,0.024861084159804613,0.09342810642241436,0.20467991933996219,0.28652918667253546,0.24667523612903638,0.10925734742986537,0.03162849915166104,0.8893084725562838
0.0029992017190264594,0.025356349590691465,0.09518870485822883,0.2079939053294234,0.29057916430198066,0.23419019661845678,0.11143389720961687,0.0322585803725749,0.8538967623905935
0.005450198991681677,0.03219426243727488,0.09125194833063711,0.1718177432281439,0.23760876431627362,0.23938517083794292,0.16367108582145662,0.058620826036589434,0.05450546124134171
0.00467478923898708,0.03309565197299586,0.10634569436536216,0.20570966468066731,0.2511722200705986,0.20833594361401267,0.14038530187599507,0.05028073418138187,0.21675799582740668
0.004375184928593697,0.030974572394970368,0.09977934648183627,0.19455457579334207,0.25484545493670974,0.23086316792822864,0.13754942407356266,0.04705827346275704,0.29485317626495805
0.0054278607793742375,0.032062310875413946,0.09103052259472558,0.17194939704333834,0.23870188742268014,0.23944719614617116,0.16300026270669532,0.05838056243160155,0.0585311665547595
0.0045605245539185706,0.03228670336451255,0.10387451227165556,0.20186006678991936,0.2624060464382014,0.20900651197773987,0.13695389962724172,0.04905173497681155,0.24533191542963026
0.004682819762918264,0.033152504894400484,0.10692682415423697,0.20918481188974747,0.264841657578515,0.2154013667053842,0.11544290674926408,0.050367108265533866,0.21480226524118332
0.005397670317156404,0.03188397616410762,0.09059601222118797,0.17155385361476966,0.23919653319895093,0.241222478068123,0.1620936342074082,0.058055842208296494,0.06402492212670799
0.004711617347633476,0.0333563803618652,0.10737862000147673,0.20943260736549016,0.26378593574264003,0.21450515477975196,0.11615283731571631,0.05067684708542666,0.2078438036358467
0.004660331342823264,0.03299329580777909,0.10647533008454194,0.20866448440947308,0.2651432015059564,0.21704961533273304,0.11488851244937595,0.05012522906731766,0.2202960208131318
0.004400727132860131,0.031155401061207365,0.10024154517841219,0.19490189329759727,0.25424567326242253,0.2293693280818756,0.1383524336705871,0.047332998315038385,0.2877806894930999
0.0032350388521511886,0.0266962444967411,0.09770121395418918,0.2088603320429394,0.27969143674288666,0.23337996662992075,0.11564058823119552,0.03479517904997603,0.7243097029357741
0.0035532899569764424,0.030040814452264874,0.11287437941710747,0.23891107021911986,0.29010471569992524,0.21251054886307869,0.07378698188296073,0.03821819950856615,0.5767069708635556
0.0043727254156475425,0.030957160019710724,0.09972663027277592,0.19454227666584986,0.25523085965063935,0.23066642777177832,0.13747210057872386,0.047031819624874925,0.2955385620883919
0.003086969887096209,0.025474347179848412,0.09331616834402724,0.2002446820320168,0.28010044335536366,0.24757819967536623,0.11699659912401354,0.03320259040226731,0.8033569541532871
0.0031885603135119295,0.02695725648845562,0.10102972842964156,0.22042446092760898,0.2982292840460366,0.2280244639690419,0.08785097702343836,0.034295268802264835,0.7483319125880855
0.0046810040785367065,0.03313965056978545,0.1068196706755379,0.20902015550313296,0.26478778955103816,0.21580600464390357,0.11539814570925866,0.050347579268807126,0.21524386468847762
0.0030805913285679013,0.02604444715328308,0.09765187294428133,0.2129917565012211,0.29780430578231865,0.24007859391271982,0.08921444797861146,0.033133984398996084,0.8069328979854835
0.0030390342395818404,0.025693108305476574,0.09623260365124453,0.20964172884564866,0.28369080607576724,0.23610185563511746,0.1129138553508149,0.03268700789634782,0.8305980915986689
0.0047658081065777,0.03374002942206522,0.10852385028465128,0.20121792522298884,0.24364214410880156,0.21373190966439676,0.1431186253585932,0.05125970783192574,0.19497751484974585
0.0036312364234641066,0.029965753060989517,0.10964110839929292,0.22698204093578436,0.2797311797181804,0.19683134178718634,0.11416076963013679,0.039056570044965655,0.544500296418748
0.0036820565308139518,0.030385131644421345,0.11138535372246249,0.2326537642551841,0.29301492829974923,0.2103748574255282,0.0789007311224016,0.03960317699943886,0.5242362941428171
0.004378958428058086,0.031001287273141175,0.0998378583936515,0.19446779426789798,0.25455195754264875,0.23099522653463966,0.13766805738542032,0.047098860174542935,0.29380312214909715
0.003203751996279258,0.026438058554604436,0.0968237550042392,0.2076065311352062,0.290405775988309,0.241381801127823,0.09968165987238155,0.034458666321156496,0.7404034864948943
0.0030550726091824543,0.025828702555065728,0.09685132227636886,0.21206933792042268,0.29866232651620256,0.2421983044472136,0.08847542153197399,0.03285951214356945,0.821388556374648
0.004698911223247996,0.033266426045405244,0.1071951237440959,0.2093118697274795,0.2640651517283496,0.21508273357099633,0.1158396004185389,0.050540183541886816,0.21090351511486385
0.0030533790375157355,0.025814384480037367,0.09684040024642354,0.2119147736838624,0.29842917975815014,0.2426802108278083,0.08842637540892696,0.03284129655727494,0.8223564685405245
0.002917380930561922,0.02466460668359342,0.09242924234258848,0.20213656236193095,0.28470298164385666,0.24926841782063305,0.11250226951137611,0.0313785387054584,0.9037507004159724
0.0054310890070352,0.03208137997888758,0.09103351255262676,0.17189188569157615,0.2384600333861844,0.23958960769528023,0.16309720733703909,0.05841528435137156,0.05794734092051791
0.0046394397101599885,0.03284539134226756,0.10562825843936052,0.20495256490075062,0.25209398797407084,0.21061608807999846,0.13932374508233722,0.049900524471055516,0.22544741371908575
0.004698206942654998,0.03326144001839834,0.10723392456456478,0.20984103614163727,0.26471592453252646,0.2138946211172481,0.11582223818746042,0.050532608495510334,0.2110735942208744
0.005411463993915823,0.031965455253264816,0.0908566857848676,0.17197481428262495,0.239024300032486,0.24005521509441333,0.16250786239543033,0.05820420316299796,0.06150728263717071
0.004385923227385626,0.031050595287432734,0.09997962258430633,0.194781788057022,0.2548243202826652,0.22991695843623144,0.1378870205039916,0.047173771620965824,0.2918697681293414
0.004830147993297117,0.03419553027782342,0.11038118258993113,0.21659897205705766,0.2619753840860659,0.20099214694327955,0.11907490627566929,0.051951729776876614,0.18007642861120957
0.005392536863710135,0.03185365291394539,0.09061065039014209,0.17179210027932976,0.23941789278867115,0.24099306347097352,0.16193947508388865,0.058000628209339766,0.06496517523066117
0.004696063601161015,0.03324626601150354,0.10711192800802244,0.20931394771837436,0.264400450062707,0.2149523896863078,0.11576939960200364,0.050509555309920684,0.21159151088491485
0.004815063202084342,0.03408873594453033,0.11010051855769855,0.21629646099908806,0.2622551505796699,0.20195155931237685,0.11870302945070618,0.0517894819538463,0.1835343212046999
0.0043882596775815675,0.03106713642727541,0.1000395835657655,0.19489640116402565,0.2548863561274581,0.22956288612209502,0.13796047508570036,0.0471989018300992,0.2912225691722765
0.0032180708325072046,0.026556220706689834,0.09724891730081353,0.20831865678322892,0.28018122043074317,0.2348301934649131,0.11503404473591601,0.034612675745187796,0.7329991208274536
0.0032717769288109232,0.027660800226740844,0.10369326256063346,0.2259950237797202,0.29437921135411077,0.2196658465252518,0.09014375502974431,0.03519032359498735,0.7058047555332368
0.004362077592368385,0.030881777657961025,0.09956532825292026,0.1945077501303031,0.25545050134411545,0.23117792185991468,0.13713734856627444,0.04691729459614323,0.2985146781708035
0.00300596921238629,0.024805911987789104,0.09092378366308436,0.19543584682867415,0.274439881834302,0.2608974365653897,0.11815980025754384,0.03233136965082986,0.8498948068529983
0.0031429366712451235,0.02657153751010917,0.09935500483672927,0.2160435322710248,0.2917884721679661,0.24270000514149176,0.08659395781902751,0.0338045535824059,0.772603283778139
0.004677142811826855,0.03311231433435939,0.10681898431879229,0.20919589027300176,0.26495867303612425,0.215627990583771,0.11530295608521007,0.05030604855691486,0.21618411779243094
0.0030429276475297767,0.02572602460196999,0.09623612482659809,0.20919862359794136,0.2914359074049646,0.2535078062303057,0.08812370138022353,0.03272888431046661,0.8283535000817205
0.0030516059633852216,0.02579939426206759,0.09640821660334013,0.2094911884896931,0.2829737246790032,0.23607269243639853,0.11338095170154264,0.03282222586456932,0.8233709692246362
0.004383476836236575,0.031033275809287372,0.09989959158176177,0.19450681284568047,0.25452098244463045,0.23069829202562767,0.13781010953928896,0.0471474589174875,0.29254816022789265
0.0033289283956629305,0.027471041438549122,0.10057548246879189,0.21540591730798675,0.2906590883993201,0.2303481814857289,0.09640633161083927,0.035805028893120636,0.6778295125343351
0.0031679479123610955,0.026782991701206234,0.10045563311609063,0.21948946163981517,0.2968963107607279,0.22948892466916507,0.08964516265806632,0.034073567542567046,0.7592109518161184
0.004536692156576844,0.03211797945252827,0.10351890287238807,0.20243466975831695,0.2680833163100753,0.22867253358925316,0.11184050552811331,0.048795400332748734,0.25147304481455407
0.002970291873638066,0.02511193517147097,0.09404671299046595,0.20488121172682455,0.2866992714464852,0.2661080656909386,0.08823487699210353,0.03194763410807259,0.8711979370744751
0.0030249982767143243,0.02557444313565724,0.09567737418825414,0.20811307906757348,0.28960141615507096,0.23308029229516355,0.11239235590198005,0.03253604097958598,0.8387379361533797
0.004662744201756184,0.03301037789114616,0.10645721215183043,0.20856714337056725,0.2650413544965941,0.21716199148470963,0.11494799529580063,0.050151181107596074,0.21970403926384122
0.0029962976731398154,0.025331797723352225,0.09481157334931536,0.20610111089849698,0.2862524848819251,0.24517290980368786,0.10710648040818566,0.03222734526189673,0.8556196123873332
0.003022417374697904,0.02555262324492681,0.09553668579429861,0.20771906789091055,0.2895297129834315,0.23383474746813046,0.11229646372901236,0.03250828151459159,0.8402429017551366
0.00542883335371104,0.032068055860778065,0.09102933635505855,0.17194505755941408,0.23861812355213657,0.23949010074661264,0.163029469401348,0.05839102317094195,0.05835520320504646
0.004626528203144411,0.03275398299832113,0.10536295793884182,0.20464756988306895,0.2523563777500363,0.21155492262524306,0.1389360087123338,0.04976165188901116,0.22865435354927846
0.004696518885537526,0.03324948924414643,0.1072244909307544,0.20987340040879499,0.2648432556652913,0.2138177691730973,0.11578062347020333,0.050514452222175335,0.21148145650540295
0.005395095323213817,0.03186876570465677,0.09061528428858037,0.17173708212229072,0.2392319185871453,0.24110740130660482,0.16201630637860595,0.05802814628890271,0.0644963392570661
0.004563805759688956,0.0323099329987649,0.10406282955776318,0.20307768102043555,0.267624591066273,0.22676521103400937,0.11250892184865892,0.04908702671440674,0.2444914378329219
0.004817102939306582,0.03410317647431093,0.11011291223060832,0.21626618985236823,0.2620987745647435,0.20203710919933174,0.1187533139386561,0.051811420800675155,0.18306548523110483
0.005390313113316331,0.03184051724607667,0.09060667820276769,0.1718449360157015,0.23957446622940495,0.24089368382214735,0.16187269520262096,0.057976710167964955,0.06537303751518972
0.004682835452895114,0.033152615973207844,0.10683921937496194,0.20899295535326962,0.26463136769192847,0.21589043558578366,0.11544329354538825,0.05036727702256547,0.2147984507151076
0.004813290144030004,0.034076183397389825,0.1100897948017463,0.21632725285987575,0.26238655372727426,0.20187719438219898,0.11865931925343383,0.051770411434051554,0.18394218348922844
0.004373288061198392,0.03096114332684675,0.09972536704467864,0.19450501604958978,0.25506647250932524,0.23084105239118827,0.1374897893330828,0.04703787128409084,0.2953817031674445
0.0033167632859918156,0.027370652306624544,0.10025191457623439,0.2150290345531722,0.2910695464428479,0.2312338765125454,0.09605402796905363,0.035674184353529544,0.6837034825161848
0.0032734537918558283,0.02767497704096197,0.10371261003915867,0.2259970385945505,0.2944498990537497,0.21949370617587613,0.09018995583585895,0.03520835946798806,0.7049700326514052
0.0045343172710040555,0.03210116620547593,0.10352482520538382,0.20260500385977195,0.2681300447315681,0.22855282718595954,0.11178195881745606,0.048769856723381126,0.25208854203935915
0.00292090893422917,0.024694433718492892,0.0924040571817577,0.2009766722147225,0.28027424158476894,0.2566103361141287,0.11070286531923956,0.031416484932660346,0.9015434454816935
0.00305442618908521,0.025823237482855275,0.09652546129991509,0.20970196103455324,0.28292755581724266,0.2356290629168845,0.11348573583085503,0.03285255942860896,0.8217578725287821
0.004660138941550153,0.032991933683146624,0.1064595111572763,0.2087268474377812,0.2651139853749932,0.217040654462948,0.11488376928962292,0.050123159652682076,0.22034325178759895
0.0030052925271708626,0.025407843513097404,0.09501484132940627,0.2063010127793458,0.2861114299438732,0.2444074755610684,0.10742801293337073,0.03232409141266725,0.850294153492028
0.003053064684112154,0.025811726821252465,0.09642277911155356,0.20948517853443777,0.2830342012255262,0.23591998439522432,0.11343514976848536,0.032837915459407965,0.8225362463428045
0.004382007332353748,0.031022872305173563,0.09989324842986973,0.19454215037644385,0.25464320432198484,0.23062095340868993,0.1377639104834649,0.04713165334202012,0.2929560225124212
0.0033222757205914324,0.027416142116351495,0.10039506982641067,0.21516601220576906,0.29077043838737254,0.23098291816392738,0.09621366901110369,0.03573347456847314,0.681036452364528
0.0031681166454821663,0.02678441823279904,0.10042827345845542,0.21948227358311162,0.29691045045470127,0.22950114784441347,0.08964993739190118,0.034075382389135406,0.7591213213263379
0.004525182167964107,0.03203649330248681,0.10328430014777795,0.2021579905402928,0.26818373285133745,0.2295839426073631,0.11155675628953975,0.04867160209323855,0.2544621014344493
0.0029412752660183854,0.02486661814525262,0.09309760805858223,0.2025152395307021,0.28181406753148247,0.2557969331255698,0.10733271880371818,0.03163553953867404,0.8889049973023277
0.003024070001798823,0.02556659515960268,0.09561679094016007,0.20788148098819,0.28942236306533153,0.23360477683839542,0.1123578662940087,0.03252605671251265,0.8392789324205924
0.004661081527348541,0.03299860681640319,0.10644812666467447,0.20859971768842012,0.2651676088142732,0.21708455432111437,0.11490700632413109,0.0501332978436355,0.22011190154836976
0.003006840378627519,0.025420929616109565,0.09511413017602074,0.20660253038739415,0.2862378886199493,0.24379359829193098,0.10748334285709736,0.03234073967287015,0.8493809516466134
0.0030225709608595846,0.02555392171857837,0.0955103331005124,0.2077116119385549,0.2895428287505295,0.23384662993731944,0.11230217014897236,0.03250993344467327,0.840153271265356
0.00542883335371104,0.032068055860778065,0.09102933635505855,0.17194505755941408,0.23861812355213657,0.23949010074661264,0.163029469401348,0.05839102317094195,0.05835520320504646
0.004626528203144411,0.03275398299832113,0.10536295793884182,0.20464756988306895,0.2523563777500363,0.21155492262524306,0.1389360087123338,0.04976165188901116,0.22865435354927846
0.004696518885537526,0.03324948924414643,0.1072244909307544,0.20987340040879499,0.2648432556652913,0.2138177691730973,0.11578062347020333,0.050514452222175335,0.21148145650540295
0.005395095323213817,0.03186876570465677,0.09061528428858037,0.17173708212229072,0.2392319185871453,0.24110740130660482,0.16201630637860595,0.05802814628890271,0.0644963392570661
0.004563805759688956,0.0323099329987649,0.10406282955776318,0.20307768102043555,0.267624591066273,0.22676521103400937,0.11250892184865892,0.04908702671440674,0.2444914378329219
0.004817102939306582,0.03410317647431093,0.11011291223060832,0.21626618985236823,0.2620987745647435,0.20203710919933174,0.1187533139386561,0.051811420800675155,0.18306548523110483
0.005390313113316331,0.03184051724607667,0.09060667820276769,0.1718449360157015,0.23957446622940495,0.24089368382214735,0.16187269520262096,0.057976710167964955,0.06537303751518972
0.004682835452895114,0.033152615973207844,0.10683921937496194,0.20899295535326962,0.26463136769192847,0.21589043558578366,0.11544329354538825,0.05036727702256547,0.2147984507151076
0.004813290144030004,0.034076183397389825,0.1100897948017463,0.21632725285987575,0.26238655372727426,0.20187719438219898,0.11865931925343383,0.051770411434051554,0.18394218348922844
0.004373288061198392,0.03096114332684675,0.09972536704467864,0.19450501604958978,0.25506647250932524,0.23084105239118827,0.1374897893330828,0.04703787128409084,0.2953817031674445
0.0033167632859918156,0.027370652306624544,0.10025191457623439,0.2150290345531722,0.2910695464428479,0.2312338765125454,0.09605402796905363,0.035674184353529544,0.6837034825161848
0.0032734537918558283,0.02767497704096197,0.10371261003915867,0.2259970385945505,0.2944498990537497,0.21949370617587613,0.09018995583585895,0.03520835946798806,0.7049700326514052
0.0045343172710040555,0.03210116620547593,0.10352482520538382,0.20260500385977195,0.2681300447315681,0.22855282718595954,0.11178195881745606,0.048769856723381126,0.25208854203935915
0.00292090893422917,0.024694433718492892,0.0924040571817577,0.2009766722147225,0.28027424158476894,0.2566103361141287,0.11070286531923956,0.031416484932660346,0.9015434454816935
0.00305442618908521,0.025823237482855275,0.09652546129991509,0.20970196103455324,0.28292755581724266,0.2356290629168845,0.11348573583085503,0.03285255942860896,0.8217578725287821
0.004660138941550153,0.032991933683146624,0.1064595111572763,0.2087268474377812,0.2651139853749932,0.217040654462948,0.11488376928962292,0.050123159652682076,0.22034325178759895
0.0030052925271708626,0.025407843513097404,0.09501484132940627,0.2063010127793458,0.2861114299438732,0.2444074755610684,0.10742801293337073,0.03232409141266725,0.850294153492028
0.003053064684112154,0.025811726821252465,0.09642277911155356,0.20948517853443777,0.2830342012255262,0.23591998439522432,0.11343514976848536,0.032837915459407965,0.8225362463428045
0.004382007332353748,0.031022872305173563,0.09989324842986973,0.19454215037644385,0.25464320432198484,0.23062095340868993,0.1377639104834649,0.04713165334202012,0.2929560225124212
0.0033222757205914324,0.027416142116351495,0.10039506982641067,0.21516601220576906,0.29077043838737254,0.23098291816392738,0.09621366901110369,0.03573347456847314,0.681036452364528
0.0031681166454821663,0.02678441823279904,0.10042827345845542,0.21948227358311162,0.29691045045470127,0.22950114784441347,0.08964993739190118,0.034075382389135406,0.7591213213263379
0.004525182167964107,0.03203649330248681,0.10328430014777795,0.2021579905402928,0.26818373285133745,0.2295839426073631,0.11155675628953975,0.04867160209323855,0.2544621014344493
0.0029412752660183854,0.02486661814525262,0.09309760805858223,0.2025152395307021,0.28181406753148247,0.2557969331255698,0.10733271880371818,0.03163553953867404,0.8889049973023277
0.003024070001798823,0.02556659515960268,0.09561679094016007,0.20788148098819,0.28942236306533153,0.23360477683839542,0.1123578662940087,0.03252605671251265,0.8392789324205924
0.004661081527348541,0.03299860681640319,0.10644812666467447,0.20859971768842012,0.2651676088142732,0.21708455432111437,0.11490700632413109,0.0501332978436355,0.22011190154836976
0.003006840378627519,0.025420929616109565,0.09511413017602074,0.20660253038739415,0.2862378886199493,0.24379359829193098,0.10748334285709736,0.03234073967287015,0.8493809516466134
0.0030225709608595846,0.02555392171857837,0.0955103331005124,0.2077116119385549,0.2895428287505295,0.23384662993731944,0.11230217014897236,0.03250993344467327,0.840153271265356
0.00542838222718119,0.03206539106158146,0.09108517807310644,0.1719631461205064,0.23858561006061782,0.23947019953929163,0.16301592193838452,0.05838617097933075,0.058436815588760134
0.004394065372638841,0.031108238443484915,0.10012025437829167,0.1944892684145749,0.25359311132544843,0.2308907181335989,0.1381429976589191,0.04726134627304401,0.28961736598575405
0.004347039524388956,0.030775314106611426,0.09929643199688797,0.1946495951405867,0.25662310231147567,0.23088839393229613,0.1366645736725251,0.0467555493152289,0.30274272407371916
0.005395091400117428,0.03186874253097176,0.09067823564027314,0.1718351736456148,0.23907123813999542,0.24110722598299722,0.16201618856686245,0.05802810409316798,0.06449705782142962
0.004564788831676055,0.032316892758164975,0.10413856424791287,0.20330647612242966,0.2679544700506706,0.22608805065931342,0.11253315696627611,0.049097600363557,0.2442398601560175
0.0047871176989971705,0.03389089287672526,0.10948340318545413,0.21541179223414772,0.2623099551712704,0.20461382617556387,0.11801410477064478,0.05148890788719693,0.18999786149549852
0.0053838060106042905,0.03180207986558149,0.0905601846454273,0.17206768265586658,0.23999935956874954,0.24060288068875604,0.16167728498584596,0.05790672157916904,0.06656845303834899
0.004799804975163417,0.03398071375527558,0.10956395124514731,0.21470398458378098,0.2618431864585341,0.20515611326423638,0.11832687701333505,0.05162536870452761,0.18705408168953747
0.004778230405215481,0.033827974364907115,0.10934371884651237,0.21553724832906773,0.2630905378959928,0.20423396018952414,0.11779501134419748,0.05139331862458328,0.19206925671241787
0.004714495163983548,0.033376754159162816,0.1075610799825362,0.21016034977466264,0.2641735375966721,0.21308220075014583,0.11622378249434001,0.05070780007849725,0.20715309880363555
0.0033341051956958514,0.028187746218566023,0.10592248280639606,0.22508242353642172,0.284757500574017,0.2156035461266931,0.10125148642629012,0.0358607091159197,0.6753428762699576
0.0032759522321216257,0.02769609976985651,0.10396510268523976,0.21954176163678307,0.28682910373085047,0.22858461502883792,0.09487213291900588,0.035235231997304446,0.7037279233309268
0.0046824992346214435,0.033150235681305144,0.10696272116935877,0.20976012671676703,0.2653142420330313,0.21433150946621427,0.1154350049464714,0.050363660752230886,0.21488019724509802
0.003025637782054978,0.025579849747983406,0.09587728411724752,0.20935282474906944,0.28447667322207476,0.23672869464492324,0.11241611641530044,0.03254291932134582,0.8383654271835034
0.0029003495309387673,0.024520616994562545,0.0918098178607129,0.20012706332088037,0.28040774052989764,0.25911539705836034,0.10992366100142266,0.0311953537032241,0.9144817323065412
0.004958956380747695,0.03510744252548462,0.11334383113808531,0.22298229750682982,0.259032374941824,0.1889875939134477,0.12225034659022739,0.05333715700335373,0.15140640550171916
0.003279041221083347,0.027722215213675547,0.10384313383501992,0.22614959286573605,0.294620267460168,0.218773392828907,0.09034390027109726,0.03526845630431239,0.7021948372345559
0.0042948736442095,0.0309319268229159,0.10427568011148536,0.20851001942569633,0.2715471103381812,0.22691465556477255,0.10733126649062112,0.046194467602118476,0.31763898204130897
0.004715909956966756,0.03338677033182694,0.10756005364628904,0.2003847819057918,0.24485563345108016,0.21675366432448268,0.14162016918483342,0.05072301719872955,0.20681384336098682
0.0035603227794941115,0.029380558241360388,0.10763014426847342,0.22388211708945369,0.2920249482183503,0.22893590019458507,0.07629216661476088,0.03829384259352208,0.5737432024746109
0.003781511640461016,0.031205856848949474,0.11453223788980897,0.2405501721358707,0.2954092667349708,0.1928161671529379,0.0810318990714383,0.040672888525562716,0.4861555144044506
0.004544877886895495,0.03217593117354096,0.10378692829339121,0.2031443475541095,0.26847928712491054,0.22694288048612193,0.11204230370735004,0.04888344377368079,0.24935648508699068
0.0029049662154330465,0.024559648135830652,0.09210205490530737,0.20175067884343906,0.28502766856160044,0.25038645006577287,0.11202352379370026,0.031245009478915595,0.9115604508908245
0.00296561206058356,0.025072370318238082,0.09392534825915229,0.20551348391090882,0.2912533143086075,0.277225362040993,0.07214720976238859,0.031897299339127334,0.874030304974117
0.0048093603375875755,0.03404836192786664,0.10989064116434427,0.21564512052082657,0.262018319599991,0.20329761296341703,0.11856243995812797,0.05172814352783921,0.18484724152057866
0.003137811675290918,0.02652820891762361,0.09942311623597272,0.2172739961869353,0.2950654835754177,0.23395039392279995,0.09087155893607554,0.03374943054988393,0.7753738315782697
0.004306782124277747,0.031017692380778072,0.10456480732711014,0.20869799906169184,0.27097705022577706,0.22648425098506017,0.10762886599030058,0.04632255190500473,0.3142066628678225
0.005395087355861405,0.03186871864159818,0.09062735616305582,0.17167874861922977,0.2392789162645702,0.24110704524475232,0.1620160671166593,0.05802806059427388,0.06449779857879552
0.004581123637756462,0.03243253670047898,0.10446807196014007,0.20364060548225757,0.26793076768694707,0.22473775183253686,0.11293584970069231,0.0492732929991915,0.24007542692039466
0.0048058376525909625,0.03402342271655715,0.10986627454164341,0.21622447042127077,0.2617654382542692,0.20314870470935334,0.11847559719753502,0.05169025450678083,0.18565979512653596
0.005384333296474961,0.03180519453712389,0.0905980644875545,0.17213268355951333,0.23984776651142353,0.2406264451521078,0.1616931195363133,0.057912392919489505,0.06647147812035115
0.004625885128235031,0.032749430283256255,0.1056188502453385,0.20679738020445268,0.27467427122049604,0.21174011835841378,0.11403932940584656,0.049754735153961886,0.22881454750757288
0.005014013171440341,0.035497222746658556,0.11476632242155906,0.22657759245931336,0.24952205832990415,0.19108582781645106,0.12360763050795906,0.05392933254671507,0.1396013030878948
0.005377410414606922,0.03176430115396081,0.09055312203620271,0.17236146742432795,0.24030348249396893,0.2403170608026648,0.16148522334865392,0.05783793232561439,0.06774620289625922
0.004895084754504849,0.03465525676800638,0.11183037992242706,0.219652132282064,0.26908779572914543,0.1865534234880256,0.12067575551784292,0.05265017153798439,0.16543428722463763
0.005008009285991732,0.035454717621157754,0.11469552770787876,0.22672546653417006,0.24993488470809874,0.19085701760358656,0.12345962011612942,0.05386475642298753,0.1408760278638026
0.00468936141116463,0.03319881716702358,0.10707530953973285,0.2097095184191612,0.26463973964391746,0.21464561109934432,0.11560417430315795,0.05043746841649864,0.21321408179367138
0.003023422775345415,0.02556112327016195,0.09583186979441541,0.20956105506362507,0.28463761774930924,0.23653199711607517,0.11233381890645792,0.03251909532460931,0.8396563309160654
0.0029907616489701057,0.025284994147821052,0.0946962979931396,0.2059942029767509,0.28650162910877575,0.2454557246342768,0.10690858816617389,0.032167801324091486,0.85891317438491
0.0046743932096108935,0.0330928482422317,0.1068649302209201,0.20995275597281501,0.26594295276042207,0.21396047329744436,0.11523517169710948,0.05027647459944694,0.21685461754401983
0.003044381328389022,0.025738314552267928,0.0962492845034775,0.20935747728405185,0.28316178039561596,0.23659171837489268,0.11311252386341615,0.03274451969788872,0.8275169094024462
0.0029531583921853137,0.024967082445272005,0.09326616885107743,0.20268643150487714,0.2844970591808878,0.2679820674156585,0.09188468106799928,0.0317633511420422,0.8816113808431683
0.0049535298345283,0.03506902473252945,0.11331239328544458,0.2231972088970352,0.2592916973504182,0.18878078630424086,0.12211656901584009,0.05327879057996402,0.15258415535962913
0.0032937375856170537,0.02784646366100901,0.10406841948171676,0.22595237614009692,0.2939954159872285,0.21866824741082655,0.09074881341559936,0.035426526317905584,0.6949403174522075
0.004023091850084132,0.028974538721633584,0.09767706190474214,0.2061332136134626,0.28519053702438996,0.2341910095278115,0.1005392892197885,0.04327125813808761,0.4014970104319412
0.004551253965654567,0.03222107127992324,0.10388966837272262,0.20326355704710658,0.26916183963640383,0.22576109702261754,0.11219948957032906,0.04895202310524311,0.24771311639454263
0.002928359226534504,0.02475742121781595,0.09286772758702681,0.20350474622813736,0.28642155265149183,0.24703834242182426,0.11098523246050891,0.03149661820665994,0.8968997303589515
0.0029675177005339727,0.02508848129619268,0.09401002004824183,0.2050533788065887,0.28733370911557954,0.2654766291811254,0.08815246797877829,0.03191779587295885,0.8728758744083543
0.004770002660929956,0.03376972520168804,0.10901704526023212,0.21430515447202977,0.28745457134251956,0.18178650035110305,0.11759217741840089,0.05130482329309696,0.19399380894398308
0.0031166615064139504,0.02634939764509585,0.0985866413604213,0.2144214842872674,0.2982913923087491,0.23984245125371445,0.08587002642839685,0.03352194520994065,0.7869039018223234
0.0038998578894194934,0.0280870006543575,0.09468505186541014,0.2005602344899948,0.2799193196753345,0.25053531671536866,0.10036743081282856,0.041945787897285876,0.4433721533709276
0.004881624146797835,0.0345599610091514,0.11163306978628659,0.2198812079920491,0.2701543903801142,0.186040434934015,0.12034391877011791,0.05250539298146858,0.16843742141688706
0.0032594848668515545,0.027556878633786648,0.1030407589006577,0.2237598946793241,0.3005368609251535,0.21698292335110622,0.08980508505126308,0.035058113591857024,0.7119498237935465
0.003744183582120912,0.026965825346194478,0.09090541930478059,0.19150345489737347,0.2759100598468428,0.2517220178864354,0.11897764083473018,0.040271398301521606,0.5002110516208271
0.005394157846699688,0.03186322804172543,0.09064515939971954,0.1717880412364271,0.23923769136306194,0.2410655053784393,0.16198815368193675,0.05801806305199118,0.06466807956949806
0.004575565606869395,0.03239318804827463,0.10436967247056779,0.20366881347440743,0.26851532772038705,0.2244650896070775,0.112798830709168,0.04921351236324884,0.24148906677779466
0.004805100082875518,0.03401820101577872,0.10987918094485226,0.21631499136900573,0.2617252641423321,0.20311752672475272,0.11845741430855102,0.05168232141185256,0.1858300761172385
0.005378441687415991,0.03177039287052203,0.09053225076682013,0.1722409814077228,0.24034956758480513,0.24036314849753146,0.16151619277576953,0.05784902440941334,0.06755610446009223
0.004781128218761769,0.033848489734415274,0.10919300147977803,0.21416568366153008,0.2865102613784975,0.18221049932268957,0.11786644950238799,0.05142448670194022,0.191393006233683
0.005008903727054002,0.03546104990879553,0.11468040233087899,0.22662296830628814,0.24997952360771145,0.19089110507104487,0.12348167026569146,0.05387437678253612,0.1406859294276356
0.0053764869859973105,0.031758846471839054,0.09057087969854076,0.17247028476805054,0.24026221669991285,0.2402757926768918,0.16145749251470742,0.05782800018406069,0.06791648388696177
0.004888739321661296,0.03461033362253988,0.1117157018373064,0.21966151543698714,0.26971086602255717,0.18631159678229003,0.12051932515128413,0.052581921825374536,0.1668479270820375
0.005007208360102697,0.035449047383822006,0.11470820463229606,0.22681811548787395,0.2498949128733229,0.19082649403268778,0.12343987534323572,0.053856141886659416,0.14104630885450514
0.004682449436526681,0.03314988313056351,0.10694649198015843,0.20970641381874344,0.2653886291304009,0.21432923006363797,0.1154337773022098,0.05036312513775984,0.214892305917827
0.0030245529830054594,0.02557067845958331,0.09583646548433973,0.2093976954149516,0.28438005309039677,0.23688349181512572,0.11237581122842011,0.032531251524176664,0.8389974107566234
0.0030924863394402586,0.026145011930954136,0.09788527115268454,0.21296526093773405,0.2972713342872025,0.2398197820077098,0.08955892951332066,0.033261923830953714,0.8002762193616174
0.004831806085490386,0.0342072689123077,0.11049360155300086,0.21748090173762208,0.27775922479739507,0.18414185087377205,0.11911578228459982,0.05196956375581253,0.1796976605368854
0.0032132407656733433,0.0271659140686014,0.10155466435927453,0.2205538286266808,0.2972049272251425,0.22721572905729678,0.08853097100899116,0.034560724888339264,0.7354894049428007
0.003599825798487342,0.025926152291856276,0.08740054178921684,0.18459184763127268,0.26903957458673816,0.2685793502594258,0.12214398155295896,0.038718726090043315,0.5573110651775495
0.004945817813026909,0.03501442668188586,0.11316661991883656,0.2231729310419183,0.26009103499474795,0.188486878418014,0.12192644891211894,0.053195842219452144,0.15426237948378474
0.003295078969217337,0.027857804209158284,0.10407678058258052,0.225781080476235,0.29371862488523176,0.2190439058934019,0.09078577111696343,0.03544095386721168,0.694281397292765
0.003761342771393179,0.02708940681351562,0.09132202903064288,0.19181847079403896,0.2750334201436139,0.25099647015086124,0.11952290252221785,0.04045595777371587,0.493715271093337
0.004550592464576169,0.032216388114896716,0.10390275984213639,0.20335116725068403,0.26912271836377727,0.22572828382206497,0.11218318195842548,0.04894490818343953,0.24788339738524517
0.002928541411125039,0.02475896147305732,0.09284326863102839,0.20336775219016712,0.28655704964294243,0.24705371163570106,0.11099213728248158,0.031498577733496416,0.896786471926769
0.0030130049346050254,0.0254730470297018,0.09541993251707324,0.20824881110886645,0.29259202469129475,0.25334243343394075,0.08950370236035254,0.03240704392416478,0.8457532947123487
0.004765378195724625,0.03373698582389525,0.10894087633905729,0.21436022220594836,0.2878530201765633,0.18161026033502123,0.11747817309355119,0.051255083830239224,0.19507843528372373
0.0031795680513555533,0.026881232611368003,0.10054368093754137,0.21842946135071434,0.3036762108001482,0.22548807283575814,0.08760322288413577,0.03419855052897815,0.7530606023750065
0.00365340766470094,0.026312051971812835,0.08870146144458285,0.18700844862918423,0.2703867832101637,0.2658256564956279,0.11881715282841643,0.039295037755510416,0.5355904140323232
0.00488086313303517,0.03455457333382568,0.11164590425554165,0.21997258614127066,0.2701122750506784,0.18601143242846774,0.12032515792829904,0.05249720772888224,0.1686077024075896
0.003259710583675992,0.027558786926474208,0.1030142385194274,0.2236088115548056,0.3006886578399075,0.21699794925195148,0.08981130398445165,0.03506054133930608,0.7118365653613634
0.003770473213629539,0.027155164783251636,0.09154370797926543,0.19194252419633454,0.27454281049119983,0.25067811960105474,0.11981303746171368,0.040554162273550035,0.4902829519198506
0.005394157846699688,0.03186322804172543,0.09064515939971954,0.1717880412364271,0.23923769136306194,0.2410655053784393,0.16198815368193675,0.05801806305199118,0.06466807956949806
0.004575565606869395,0.03239318804827463,0.10436967247056779,0.20366881347440743,0.26851532772038705,0.2244650896070775,0.112798830709168,0.04921351236324884,0.24148906677779466
0.004805100082875518,0.03401820101577872,0.10987918094485226,0.21631499136900573,0.2617252641423321,0.20311752672475272,0.11845741430855102,0.05168232141185256,0.1858300761172385
0.005378441687415991,0.03177039287052203,0.09053225076682013,0.1722409814077228,0.24034956758480513,0.24036314849753146,0.16151619277576953,0.05784902440941334,0.06755610446009223
0.004781128218761769,0.033848489734415274,0.10919300147977803,0.21416568366153008,0.2865102613784975,0.18221049932268957,0.11786644950238799,0.05142448670194022,0.191393006233683
0.005008903727054002,0.03546104990879553,0.11468040233087899,0.22662296830628814,0.24997952360771145,0.19089110507104487,0.12348167026569146,0.05387437678253612,0.1406859294276356
0.0053764869859973105,0.031758846471839054,0.09057087969854076,0.17247028476805054,0.24026221669991285,0.2402757926768918,0.16145749251470742,0.05782800018406069,0.06791648388696177
0.004888739321661296,0.03461033362253988,0.1117157018373064,0.21966151543698714,0.26971086602255717,0.18631159678229003,0.12051932515128413,0.052581921825374536,0.1668479270820375
0.005007208360102697,0.035449047383822006,0.11470820463229606,0.22681811548787395,0.2498949128733229,0.19082649403268778,0.12343987534323572,0.053856141886659416,0.14104630885450514
0.004682449436526681,0.03314988313056351,0.10694649198015843,0.20970641381874344,0.2653886291304009,0.21432923006363797,0.1154337773022098,0.05036312513775984,0.214892305917827
0.0030245529830054594,0.02557067845958331,0.09583646548433973,0.2093976954149516,0.28438005309039677,0.23688349181512572,0.11237581122842011,0.032531251524176664,0.8389974107566234
0.0030924863394402586,0.026145011930954136,0.09788527115268454,0.21296526093773405,0.2972713342872025,0.2398197820077098,0.08955892951332066,0.033261923830953714,0.8002762193616174
0.004831806085490386,0.0342072689123077,0.11049360155300086,0.21748090173762208,0.27775922479739507,0.18414185087377205,0.11911578228459982,0.05196956375581253,0.1796976605368854
0.0032132407656733433,0.0271659140686014,0.10155466435927453,0.2205538286266808,0.2972049272251425,0.22721572905729678,0.08853097100899116,0.034560724888339264,0.7354894049428007
0.003599825798487342,0.025926152291856276,0.08740054178921684,0.18459184763127268,0.26903957458673816,0.2685793502594258,0.12214398155295896,0.038718726090043315,0.5573110651775495
0.004945817813026909,0.03501442668188586,0.11316661991883656,0.2231729310419183,0.26009103499474795,0.188486878418014,0.12192644891211894,0.053195842219452144,0.15426237948378474
0.003295078969217337,0.027857804209158284,0.10407678058258052,0.225781080476235,0.29371862488523176,0.2190439058934019,0.09078577111696343,0.03544095386721168,0.694281397292765
0.003761342771393179,0.02708940681351562,0.09132202903064288,0.19181847079403896,0.2750334201436139,0.25099647015086124,0.11952290252221785,0.04045595777371587,0.493715271093337
0.004550592464576169,0.032216388114896716,0.10390275984213639,0.20335116725068403,0.26912271836377727,0.22572828382206497,0.11218318195842548,0.04894490818343953,0.24788339738524517
0.002928541411125039,0.02475896147305732,0.09284326863102839,0.20336775219016712,0.28655704964294243,0.24705371163570106,0.11099213728248158,0.031498577733496416,0.896786471926769
0.0030130049346050254,0.0254730470297018,0.09541993251707324,0.20824881110886645,0.29259202469129475,0.25334243343394075,0.08950370236035254,0.03240704392416478,0.8457532947123487
0.004765378195724625,0.03373698582389525,0.10894087633905729,0.21436022220594836,0.2878530201765633,0.18161026033502123,0.11747817309355119,0.051255083830239224,0.19507843528372373
0.0031795680513555533,0.026881232611368003,0.10054368093754137,0.21842946135071434,0.3036762108001482,0.22548807283575814,0.08760322288413577,0.03419855052897815,0.7530606023750065
0.00365340766470094,0.026312051971812835,0.08870146144458285,0.18700844862918423,0.2703867832101637,0.2658256564956279,0.11881715282841643,0.039295037755510416,0.5355904140323232
0.00488086313303517,0.03455457333382568,0.11164590425554165,0.21997258614127066,0.2701122750506784,0.18601143242846774,0.12032515792829904,0.05249720772888224,0.1686077024075896
0.003259710583675992,0.027558786926474208,0.1030142385194274,0.2236088115548056,0.3006886578399075,0.21699794925195148,0.08981130398445165,0.03506054133930608,0.7118365653613634
0.003770473213629539,0.027155164783251636,0.09154370797926543,0.19194252419633454,0.27454281049119983,0.25067811960105474,0.11981303746171368,0.040554162273550035,0.4902829519198506
0.00542838222718119,0.03206539106158146,0.09108517807310644,0.1719631461205064,0.23858561006061782,0.23947019953929163,0.16301592193838452,0.05838617097933075,0.058436815588760134
0.004394065372638841,0.031108238443484915,0.10012025437829167,0.1944892684145749,0.25359311132544843,0.2308907181335989,0.1381429976589191,0.04726134627304401,0.28961736598575405
0.004347039524388956,0.030775314106611426,0.09929643199688797,0.1946495951405867,0.25662310231147567,0.23088839393229613,0.1366645736725251,0.0467555493152289,0.30274272407371916
0.005395091400117428,0.03186874253097176,0.09067823564027314,0.1718351736456148,0.23907123813999542,0.24110722598299722,0.16201618856686245,0.05802810409316798,0.06449705782142962
0.004564788831676055,0.032316892758164975,0.10413856424791287,0.20330647612242966,0.2679544700506706,0.22608805065931342,0.11253315696627611,0.049097600363557,0.2442398601560175
0.0047871176989971705,0.03389089287672526,0.10948340318545413,0.21541179223414772,0.2623099551712704,0.20461382617556387,0.11801410477064478,0.05148890788719693,0.18999786149549852
0.0053838060106042905,0.03180207986558149,0.0905601846454273,0.17206768265586658,0.23999935956874954,0.24060288068875604,0.16167728498584596,0.05790672157916904,0.06656845303834899
0.004799804975163417,0.03398071375527558,0.10956395124514731,0.21470398458378098,0.2618431864585341,0.20515611326423638,0.11832687701333505,0.05162536870452761,0.18705408168953747
0.004778230405215481,0.033827974364907115,0.10934371884651237,0.21553724832906773,0.2630905378959928,0.20423396018952414,0.11779501134419748,0.05139331862458328,0.19206925671241787
0.004714495163983548,0.033376754159162816,0.1075610799825362,0.21016034977466264,0.2641735375966721,0.21308220075014583,0.11622378249434001,0.05070780007849725,0.20715309880363555
0.0034548366259084845,0.029208453939435622,0.11002222499460344,0.22769657189747775,0.28035012704156503,0.22577024561920236,0.08633827704730816,0.037159262834498635,0.6194639364842986
0.0038060443882354644,0.03409023208932658,0.11935996427819358,0.2340155155818382,0.2816611199412655,0.21684343194818173,0.06928693582866903,0.04093675594429007,0.47706807498596904
0.0046824992346214435,0.033150235681305144,0.10696272116935877,0.20976012671676703,0.2653142420330313,0.21433150946621427,0.1154350049464714,0.050363660752230886,0.21488019724509802
0.003083952165231561,0.02607286089712043,0.09796098547809196,0.2084181546968769,0.2776110348449058,0.24904276128033698,0.10464011801308173,0.033170132624354184,0.8050469039715274
0.003226756218124585,0.028901625191644905,0.10866667052371683,0.21893257225226054,0.2795142624627186,0.23846359233890532,0.08758842767294332,0.034706093339685586,0.728539869236661
0.004958956380747695,0.03510744252548462,0.11334383113808531,0.22298229750682982,0.259032374941824,0.1889875939134477,0.12225034659022739,0.05333715700335373,0.15140640550171916
0.004011833202427683,0.03593345505826639,0.1252118052930511,0.2325456179119927,0.279892098116336,0.2062218196417587,0.07303320752409836,0.04315016325206909,0.40521594071637207
0.0042948736442095,0.0309319268229159,0.10427568011148536,0.20851001942569633,0.2715471103381812,0.22691465556477255,0.10733126649062112,0.046194467602118476,0.31763898204130897
0.004715909956966756,0.03338677033182694,0.10756005364628904,0.2003847819057918,0.24485563345108016,0.21675366432448268,0.14162016918483342,0.05072301719872955,0.20681384336098682
0.0035603227794941115,0.029380558241360388,0.10763014426847342,0.22388211708945369,0.2920249482183503,0.22893590019458507,0.07629216661476088,0.03829384259352208,0.5737432024746109
0.003781511640461016,0.031205856848949474,0.11453223788980897,0.2405501721358707,0.2954092667349708,0.1928161671529379,0.0810318990714383,0.040672888525562716,0.4861555144044506
0.004544877886895495,0.03217593117354096,0.10378692829339121,0.2031443475541095,0.26847928712491054,0.22694288048612193,0.11204230370735004,0.04888344377368079,0.24935648508699068
0.00318296123310299,0.026909919812387845,0.10115928580522877,0.21594210635218217,0.29014812720181277,0.2636228243087987,0.06479972863741598,0.03423504664907038,0.7512731179186395
0.003520147784233413,0.03152949432859365,0.11872141990693004,0.2424635447559167,0.2828172271592426,0.2353102486991415,0.04777618585896773,0.03786173150697411,0.5908331287835628
0.0048093603375875755,0.03404836192786664,0.10989064116434427,0.21564512052082657,0.262018319599991,0.20329761296341703,0.11856243995812797,0.05172814352783921,0.18484724152057866
0.003972189710182927,0.03557837358427399,0.12417116104253648,0.23237270421580764,0.2800697178319304,0.20880056510621703,0.07231151964476698,0.042723768864284424,0.4184786936707594
0.004306782124277747,0.031017692380778072,0.10456480732711014,0.20869799906169184,0.27097705022577706,0.22648425098506017,0.10762886599030058,0.04632255190500473,0.3142066628678225
0.005395087355861405,0.03186871864159818,0.09062735616305582,0.17167874861922977,0.2392789162645702,0.24110704524475232,0.1620160671166593,0.05802806059427388,0.06449779857879552
0.004581123637756462,0.03243253670047898,0.10446807196014007,0.20364060548225757,0.26793076768694707,0.22473775183253686,0.11293584970069231,0.0492732929991915,0.24007542692039466
0.0048058376525909625,0.03402342271655715,0.10986627454164341,0.21622447042127077,0.2617654382542692,0.20314870470935334,0.11847559719753502,0.05169025450678083,0.18565979512653596
0.005384333296474961,0.03180519453712389,0.0905980644875545,0.17213268355951333,0.23984776651142353,0.2406264451521078,0.1616931195363133,0.057912392919489505,0.06647147812035115
0.004625885128235031,0.032749430283256255,0.1056188502453385,0.20679738020445268,0.27467427122049604,0.21174011835841378,0.11403932940584656,0.049754735153961886,0.22881454750757288
0.005014013171440341,0.035497222746658556,0.11476632242155906,0.22657759245931336,0.24952205832990415,0.19108582781645106,0.12360763050795906,0.05392933254671507,0.1396013030878948
0.005377410414606922,0.03176430115396081,0.09055312203620271,0.17236146742432795,0.24030348249396893,0.2403170608026648,0.16148522334865392,0.05783793232561439,0.06774620289625922
0.004895084754504849,0.03465525676800638,0.11183037992242706,0.219652132282064,0.26908779572914543,0.1865534234880256,0.12067575551784292,0.05265017153798439,0.16543428722463763
0.005008009285991732,0.035454717621157754,0.11469552770787876,0.22672546653417006,0.24993488470809874,0.19085701760358656,0.12345962011612942,0.05386475642298753,0.1408760278638026
0.00468936141116463,0.03319881716702358,0.10707530953973285,0.2097095184191612,0.26463973964391746,0.21464561109934432,0.11560417430315795,0.05043746841649864,0.21321408179367138
0.0031604959398938383,0.026719989997179033,0.10041827843612135,0.21394851614408159,0.28551360470027903,0.23581570028282292,0.10042999830240933,0.03399341619721264,0.763178960354824
0.003606195734376779,0.03230021434443617,0.11252663585988452,0.22099754045384257,0.27949922751510853,0.22216212190547077,0.09012082483627426,0.03878723935060662,0.5546950581494968
0.0046743932096108935,0.0330928482422317,0.1068649302209201,0.20995275597281501,0.26594295276042207,0.21396047329744436,0.11523517169710948,0.05027647459944694,0.21685461754401983
0.003168079680306201,0.026784105715665397,0.1004023066480269,0.2127099458683558,0.28252175410151836,0.2543431361279127,0.08599568705624086,0.03407498480197336,0.7591409562919061
0.003233946541228393,0.028966027956931543,0.10840128920804594,0.23115568104138862,0.28166145680335036,0.24596046437170493,0.0658377036201651,0.03478343045718506,0.7248663354418705
0.0049535298345283,0.03506902473252945,0.11331239328544458,0.2231972088970352,0.2592916973504182,0.18878078630424086,0.12211656901584009,0.05327879057996402,0.15258415535962913
0.00383111700684892,0.034314804191076596,0.11897029402702353,0.23369900838854937,0.28069936740921025,0.2175356099118028,0.06974336900172842,0.04120643006376064,0.46790090984563226
0.004023091850084132,0.028974538721633584,0.09767706190474214,0.2061332136134626,0.28519053702438996,0.2341910095278115,0.1005392892197885,0.04327125813808761,0.4014970104319412
0.004551253965654567,0.03222107127992324,0.10388966837272262,0.20326355704710658,0.26916183963640383,0.22576109702261754,0.11219948957032906,0.04895202310524311,0.24771311639454263
0.003150960233029364,0.0266393716395287,0.10016806654332179,0.21388990883475328,0.2867871313125533,0.25438004007602855,0.08109366857714506,0.03389085278363978,0.7682838852677351
0.003702813035647402,0.033165602629013406,0.11572477032235583,0.22853370133670056,0.2761753476151119,0.2327027657061288,0.07016857115673396,0.039826428198308186,0.5161198348581818
0.004770002660929956,0.03376972520168804,0.10901704526023212,0.21430515447202977,0.28745457134251956,0.18178650035110305,0.11759217741840089,0.05130482329309696,0.19399380894398308
0.0033004043258974304,0.029561281472763587,0.11029723395273104,0.23328514565436553,0.28197187707495897,0.243542928193132,0.06254289740211959,0.035498231924031814,0.6916707370730909
0.0038998578894194934,0.0280870006543575,0.09468505186541014,0.2005602344899948,0.2799193196753345,0.25053531671536866,0.10036743081282856,0.041945787897285876,0.4433721533709276
0.004881624146797835,0.0345599610091514,0.11163306978628659,0.2198812079920491,0.2701543903801142,0.186040434934015,0.12034391877011791,0.05250539298146858,0.16843742141688706
0.0036237778264809613,0.03245769479902576,0.11271105350062315,0.22083929297664684,0.27917433029997596,0.22165729211209537,0.09056021103699308,0.03897634744815895,0.547522165724071
0.003744183582120912,0.026965825346194478,0.09090541930478059,0.19150345489737347,0.2759100598468428,0.2517220178864354,0.11897764083473018,0.040271398301521606,0.5002110516208271
0.005394157846699688,0.03186322804172543,0.09064515939971954,0.1717880412364271,0.23923769136306194,0.2410655053784393,0.16198815368193675,0.05801806305199118,0.06466807956949806
0.004575565606869395,0.03239318804827463,0.10436967247056779,0.20366881347440743,0.26851532772038705,0.2244650896070775,0.112798830709168,0.04921351236324884,0.24148906677779466
0.004805100082875518,0.03401820101577872,0.10987918094485226,0.21631499136900573,0.2617252641423321,0.20311752672475272,0.11845741430855102,0.05168232141185256,0.1858300761172385
0.005378441687415991,0.03177039287052203,0.09053225076682013,0.1722409814077228,0.24034956758480513,0.24036314849753146,0.16151619277576953,0.05784902440941334,0.06755610446009223
0.004781128218761769,0.033848489734415274,0.10919300147977803,0.21416568366153008,0.2865102613784975,0.18221049932268957,0.11786644950238799,0.05142448670194022,0.191393006233683
0.005008903727054002,0.03546104990879553,0.11468040233087899,0.22662296830628814,0.24997952360771145,0.19089110507104487,0.12348167026569146,0.05387437678253612,0.1406859294276356
0.0053764869859973105,0.031758846471839054,0.09057087969854076,0.17247028476805054,0.24026221669991285,0.2402757926768918,0.16145749251470742,0.05782800018406069,0.06791648388696177
0.004888739321661296,0.03461033362253988,0.1117157018373064,0.21966151543698714,0.26971086602255717,0.18631159678229003,0.12051932515128413,0.052581921825374536,0.1668479270820375
0.005007208360102697,0.035449047383822006,0.11470820463229606,0.22681811548787395,0.2498949128733229,0.19082649403268778,0.12343987534323572,0.053856141886659416,0.14104630885450514
0.004682449436526681,0.03314988313056351,0.10694649198015843,0.20970641381874344,0.2653886291304009,0.21432923006363797,0.1154337773022098,0.05036312513775984,0.214892305917827
0.0032922722256408022,0.027834074971179203,0.10457120766383418,0.2226059683252745,0.29670013535652473,0.22730987332219027,0.08227570282221008,0.03541076531314595,0.6956607514792261
0.0040063459952090685,0.03588430687487078,0.12501280300291523,0.2325481161664418,0.27981423679757267,0.20670973083963584,0.07293331594752873,0.04309114437582621,0.40703603826712803
0.004831806085490386,0.0342072689123077,0.11049360155300086,0.21748090173762208,0.27775922479739507,0.18414185087377205,0.11911578228459982,0.05196956375581253,0.1796976605368854
0.0032830391309599046,0.029405743737174774,0.10955436559112527,0.21858425436872023,0.2785652400294845,0.23617970570383662,0.0891161947265586,0.03531145671213995,0.7002149306966513
0.003599825798487342,0.025926152291856276,0.08740054178921684,0.18459184763127268,0.26903957458673816,0.2685793502594258,0.12214398155295896,0.038718726090043315,0.5573110651775495
0.004945817813026909,0.03501442668188586,0.11316661991883656,0.2231729310419183,0.26009103499474795,0.188486878418014,0.12192644891211894,0.053195842219452144,0.15426237948378474
0.0036396053613528302,0.032599459918437323,0.11302315204896925,0.2208113590748327,0.2790170101550386,0.22080707954315987,0.0909557498825916,0.03914658401561785,0.5411243453133641
0.003761342771393179,0.02708940681351562,0.09132202903064288,0.19181847079403896,0.2750334201436139,0.25099647015086124,0.11952290252221785,0.04045595777371587,0.493715271093337
0.004550592464576169,0.032216388114896716,0.10390275984213639,0.20335116725068403,0.26912271836377727,0.22572828382206497,0.11218318195842548,0.04894490818343953,0.24788339738524517
0.003206497664220725,0.027108905419708788,0.10190047811164246,0.21749597872126486,0.29165742126192373,0.24161953115213128,0.08252298970644674,0.03448819796266108,0.7389785588225448
0.0038817159823564353,0.03476801246785475,0.12131606057076441,0.22700720127569113,0.27464698936078946,0.22307056699848654,0.07355879475847932,0.04175065858557842,0.44976133193413054
0.004765378195724625,0.03373698582389525,0.10894087633905729,0.21436022220594836,0.2878530201765633,0.18161026033502123,0.11747817309355119,0.051255083830239224,0.19507843528372373
0.003316989924061617,0.029709836464004654,0.11085151319258262,0.22065066083801796,0.27927851326361075,0.2351492263048573,0.08536663800322726,0.03567662200963776,0.6835936555825043
0.00365340766470094,0.026312051971812835,0.08870146144458285,0.18700844862918423,0.2703867832101637,0.2658256564956279,0.11881715282841643,0.039295037755510416,0.5355904140323232
0.00488086313303517,0.03455457333382568,0.11164590425554165,0.21997258614127066,0.2701122750506784,0.18601143242846774,0.12032515792829904,0.05249720772888224,0.1686077024075896
0.0036437826102403395,0.03263687497973042,0.11333326610871818,0.22085164026759288,0.2791187376872414,0.22016404336106665,0.09106014164139163,0.03919151334401852,0.5394450842334844
0.003770473213629539,0.027155164783251636,0.09154370797926543,0.19194252419633454,0.27454281049119983,0.25067811960105474,0.11981303746171368,0.040554162273550035,0.4902829519198506
0.005394157846699688,0.03186322804172543,0.09064515939971954,0.1717880412364271,0.23923769136306194,0.2410655053784393,0.16198815368193675,0.05801806305199118,0.06466807956949806
0.004575565606869395,0.03239318804827463,0.10436967247056779,0.20366881347440743,0.26851532772038705,0.2244650896070775,0.112798830709168,0.04921351236324884,0.24148906677779466
0.004805100082875518,0.03401820101577872,0.10987918094485226,0.21631499136900573,0.2617252641423321,0.20311752672475272,0.11845741430855102,0.05168232141185256,0.1858300761172385
0.005378441687415991,0.03177039287052203,0.09053225076682013,0.1722409814077228,0.24034956758480513,0.24036314849753146,0.16151619277576953,0.05784902440941334,0.06755610446009223
0.004781128218761769,0.033848489734415274,0.10919300147977803,0.21416568366153008,0.2865102613784975,0.18221049932268957,0.11786644950238799,0.05142448670194022,0.191393006233683
0.005008903727054002,0.03546104990879553,0.11468040233087899,0.22662296830628814,0.24997952360771145,0.19089110507104487,0.12348167026569146,0.05387437678253612,0.1406859294276356
0.0053764869859973105,0.031758846471839054,0.09057087969854076,0.17247028476805054,0.24026221669991285,0.2402757926768918,0.16145749251470742,0.05782800018406069,0.06791648388696177
0.004888739321661296,0.03461033362253988,0.1117157018373064,0.21966151543698714,0.26971086602255717,0.18631159678229003,0.12051932515128413,0.052581921825374536,0.1668479270820375
0.005007208360102697,0.035449047383822006,0.11470820463229606,0.22681811548787395,0.2498949128733229,0.19082649403268778,0.12343987534323572,0.053856141886659416,0.14104630885450514
0.004682449436526681,0.03314988313056351,0.10694649198015843,0.20970641381874344,0.2653886291304009,0.21432923006363797,0.1154337773022098,0.05036312513775984,0.214892305917827
0.0032922722256408022,0.027834074971179203,0.10457120766383418,0.2226059683252745,0.29670013535652473,0.22730987332219027,0.08227570282221008,0.03541076531314595,0.6956607514792261
0.0040063459952090685,0.03588430687487078,0.12501280300291523,0.2325481161664418,0.27981423679757267,0.20670973083963584,0.07293331594752873,0.04309114437582621,0.40703603826712803
0.004831806085490386,0.0342072689123077,0.11049360155300086,0.21748090173762208,0.27775922479739507,0.18414185087377205,0.11911578228459982,0.05196956375581253,0.1796976605368854
0.0032830391309599046,0.029405743737174774,0.10955436559112527,0.21858425436872023,0.2785652400294845,0.23617970570383662,0.0891161947265586,0.03531145671213995,0.7002149306966513
0.003599825798487342,0.025926152291856276,0.08740054178921684,0.18459184763127268,0.26903957458673816,0.2685793502594258,0.12214398155295896,0.038718726090043315,0.5573110651775495
0.004945817813026909,0.03501442668188586,0.11316661991883656,0.2231729310419183,0.26009103499474795,0.188486878418014,0.12192644891211894,0.053195842219452144,0.15426237948378474
0.0036396053613528302,0.032599459918437323,0.11302315204896925,0.2208113590748327,0.2790170101550386,0.22080707954315987,0.0909557498825916,0.03914658401561785,0.5411243453133641
0.003761342771393179,0.02708940681351562,0.09132202903064288,0.19181847079403896,0.2750334201436139,0.25099647015086124,0.11952290252221785,0.04045595777371587,0.493715271093337
0.004550592464576169,0.032216388114896716,0.10390275984213639,0.20335116725068403,0.26912271836377727,0.22572828382206497,0.11218318195842548,0.04894490818343953,0.24788339738524517
0.003206497664220725,0.027108905419708788,0.10190047811164246,0.21749597872126486,0.29165742126192373,0.24161953115213128,0.08252298970644674,0.03448819796266108,0.7389785588225448
0.0038817159823564353,0.03476801246785475,0.12131606057076441,0.22700720127569113,0.27464698936078946,0.22307056699848654,0.07355879475847932,0.04175065858557842,0.44976133193413054
0.004765378195724625,0.03373698582389525,0.10894087633905729,0.21436022220594836,0.2878530201765633,0.18161026033502123,0.11747817309355119,0.051255083830239224,0.19507843528372373
0.003316989924061617,0.029709836464004654,0.11085151319258262,0.22065066083801796,0.27927851326361075,0.2351492263048573,0.08536663800322726,0.03567662200963776,0.6835936555825043
0.00365340766470094,0.026312051971812835,0.08870146144458285,0.18700844862918423,0.2703867832101637,0.2658256564956279,0.11881715282841643,0.039295037755510416,0.5355904140323232
0.00488086313303517,0.03455457333382568,0.11164590425554165,0.21997258614127066,0.2701122750506784,0.18601143242846774,0.12032515792829904,0.05249720772888224,0.1686077024075896
0.0036437826102403395,0.03263687497973042,0.11333326610871818,0.22085164026759288,0.2791187376872414,0.22016404336106665,0.09106014164139163,0.03919151334401852,0.5394450842334844
0.003770473213629539,0.027155164783251636,0.09154370797926543,0.19194252419633454,0.27454281049119983,0.25067811960105474,0.11981303746171368,0.040554162273550035,0.4902829519198506
0.0054523167255621915,0.03220677186682519,0.09117338251519236,0.17168824900522653,0.2376228075576569,0.2394781865402228,0.16373468199551075,0.05864360379380361,0.054125523378930916
0.0047821595825741385,0.033855791380766956,0.1086882294245562,0.20104585037527792,0.2432940310638427,0.21328869339510756,0.1436096650133297,0.05143557976454539,0.1911525189819118
0.004386494588264874,0.031054640295633935,0.0999455381689198,0.1944651252722147,0.2541678780825589,0.2308954233170295,0.13790498325554643,0.04717991701983248,0.2917114369293424
0.005430838723270496,0.03207990155558286,0.09096689203470439,0.17171851456839476,0.23872300294776488,0.2395785665598983,0.16308969124164602,0.05841259236873884,0.0579925799706983
0.004619574096573236,0.03270475068449972,0.10512286867309041,0.2041434455700167,0.252193689157956,0.21280164152934516,0.13872717483761482,0.049686855450904774,0.23038903133096614
0.004704233330373265,0.033304104451035155,0.10731740013985175,0.2093937168063014,0.2643874187077103,0.2143248966023155,0.11597080331501534,0.05059742664739813,0.20961990791993715
0.005403507584421382,0.031918456834360585,0.09058098453469828,0.17132256902859694,0.2389035805349934,0.24148334618196987,0.1622689290678247,0.05811862623313514,0.06295792786568034
0.004730072113917038,0.03348703278081706,0.10770028884341366,0.2098331189663772,0.2634937902042798,0.2132725634373603,0.11660779222985229,0.05087534142398306,0.2034290608977942
0.004683712537153297,0.03315882538156313,0.1069115747954352,0.20888616805791968,0.26443198852042654,0.21608610420287402,0.11546491580747709,0.050376710697151814,0.21458525581491908
0.004402698631603316,0.03116935848964617,0.10019438039116212,0.19464537182845026,0.25414644303844736,0.22967312970130196,0.13841441471164312,0.04735420320774633,0.2872382044979276
0.0036029298243901433,0.029732160846402282,0.10873652005062548,0.22538696218954046,0.28023456264394603,0.21189972259577514,0.10165502971910892,0.03875211213021156,0.5560351474432974
0.0035576181033391626,0.03007740618651089,0.11382097011464233,0.2354802021013241,0.2908607193427647,0.2040414838492198,0.08389684845391476,0.038264751848283866,0.5748816190179592
0.004376661359137023,0.03098502493709071,0.0997248675551302,0.19427102894601714,0.25489851273439973,0.23107391003528943,0.13759584089347626,0.04707415353946021,0.29444211335970133
0.0033842588285294367,0.027927640209513663,0.10223215669991235,0.21914467841778762,0.28605090175628883,0.2220856437276727,0.10277457270462184,0.03640014765567354,0.6516458334772663
0.0031518729934558788,0.026647088450412224,0.1005841127420445,0.22275422532860883,0.2944224741384732,0.22282217267526447,0.09571738349055997,0.03390067018118021,0.7677939036391489
0.004700949932994769,0.03328085930106744,0.10717652185597706,0.20935025939880084,0.2643738973684368,0.21466554122853113,0.11588985957671734,0.05056211133747504,0.21041146746836623
0.0030354797587864085,0.025663057423239946,0.09691223144755928,0.21478370458967078,0.2942093003528531,0.2362900476570147,0.09645740188236311,0.032648776888511706,0.8326523159026559
0.0031246006373042852,0.026416517964821105,0.09965273003908491,0.22054693177795306,0.29504528115890377,0.22671743683390622,0.09488916529208777,0.03360733629593849,0.7825575644577496
0.004770284084877507,0.03377171757151454,0.10852601472682046,0.20098415089760305,0.24345429860492854,0.21393264359413966,0.14325304030923275,0.05130785021088419,0.19392787139321432
0.0037258635557987996,0.03074663674625117,0.11242035053350068,0.22538615071464255,0.26719679704441046,0.20331413975170837,0.11713570846513444,0.040074353188553555,0.5072123185774182
0.0037101457211492998,0.03061692975479313,0.11215748648992548,0.23373231699868005,0.2922653037649895,0.20810988206406733,0.07950263868018842,0.03990529652620664,0.513274227779545
0.004384382963810686,0.031039690832789568,0.09986984548963668,0.19421540085557903,0.2540132916194848,0.2314815863979957,0.13783859686679403,0.0471572049739104,0.29229679987673757
0.0033721502685935254,0.027827717738308232,0.1018425647824078,0.21810034060290512,0.2959477117009538,0.23711651484192187,0.07952308871558711,0.03626991134932215,0.6573024486154007
0.00301418392635025,0.025483014657643206,0.09624058708053615,0.2139268086179522,0.2949728154895021,0.23816217389604932,0.09578069150016796,0.03241972483179786,0.845061183639731
0.004719573231566571,0.03341270486171459,0.10756778204333023,0.209619820038204,0.26360841709439076,0.21396031514627284,0.11634896922202395,0.05076241836249766,0.20593636610887484
0.0030103907905675866,0.025450946098753008,0.09616164029246985,0.21384395438079037,0.29534147705265745,0.23815250614552938,0.09566015832200273,0.03237892691722849,0.8472898260387672
0.002989819222692296,0.025277026530967542,0.09540422039345942,0.21198443369401246,0.29562117184326897,0.24155920081970844,0.09500646264699335,0.03215766484889707,0.8594750695300449
0.005433644274450459,0.03209647391396955,0.09096271055803529,0.17172580495196454,0.23846232347097948,0.2397023319604847,0.16317394277239802,0.05844276809771834,0.05748571215941286
0.004740868572785819,0.03356346742353463,0.10783839158514782,0.2000810003912233,0.24407697059578573,0.21633815250453411,0.14236968379117007,0.0509914651358189,0.20086227123189962
0.00471994192696005,0.03341531507873247,0.10763130652390863,0.21012979092320697,0.2641633961497274,0.2128158069887514,0.11635805846100454,0.05076638394770924,0.20584812662636215
0.005415773914594206,0.03199091390488753,0.0908157893842745,0.1717362623627902,0.238907005070434,0.24024640530405938,0.16263729058664167,0.058250559472318886,0.06072325999791489
0.004388353680895133,0.031067801933417197,0.0999432537665588,0.19453447081008726,0.25465801936247795,0.2302447571303586,0.13796343041258438,0.04719991290362144,0.29119654458527156
0.004855573560495164,0.03437553319991984,0.11086067832296029,0.2169215222362072,0.26113740367882904,0.19992238048665806,0.1197017084016734,0.05222520011325757,0.1742967418744691
0.005398638555714287,0.03188969553807579,0.09060027676254453,0.17151901039061584,0.23913766298711164,0.24126574875539547,0.16212271069733905,0.05806625631320352,0.06384777814916495
0.004714471990572272,0.033376590100610566,0.10743321025060823,0.20967145631422426,0.26414445725149693,0.21372905204742376,0.11622321121334003,0.050707550831724214,0.20715865728738622
0.0048417952684394645,0.03427798836199329,0.11061051492120456,0.21659845996967425,0.26128118884164914,0.2009510080434847,0.11936203996140035,0.05207700463215472,0.17742126002571904
0.004390515371599105,0.031083105845434285,0.0999991892429906,0.19461219040134475,0.25477906747934603,0.22988137739996373,0.13803139081110682,0.04722316344821546,0.29059839327840936
0.003579441899786957,0.029538333382008543,0.10809456223058404,0.22449980034344413,0.2805848765305623,0.21421117448741267,0.10099232858698756,0.03849948253921399,0.565744899693285
0.003296348981731683,0.027868541360012142,0.10522171309652556,0.22404850207796548,0.2854961650286153,0.21850922559125624,0.10010489009494575,0.03545461376894764,0.6936580305698555
0.004366872104943903,0.030915720903627833,0.09958344084536924,0.1942348963465917,0.2550106985118707,0.23163142720720223,0.1372880810391274,0.04696886304126764,0.29717279338691793
0.0032584817560728685,0.026889700440675318,0.09849357444137505,0.21145220620503818,0.2866224252158041,0.23469262746701086,0.10354366006299072,0.03504732441103216,0.7124533467315732
0.0030671435489519634,0.025930754700055562,0.09765657525883656,0.21538701189068812,0.29722204741080877,0.2346028387188194,0.09314428465397548,0.03298934381786364,0.8145207179459737
0.004697264292761917,0.03325476643137679,0.10718029645947762,0.20949136523082307,0.264557599313591,0.21449723908393567,0.11579899957286202,0.05052246961517219,0.21130131775185096
0.002961734972104114,0.025039591992507198,0.09434189363826233,0.20823290044132192,0.2969768905127259,0.24647735096695744,0.0941140390234432,0.031855598452677325,0.876383618575433
0.0031393189992679157,0.02654095238648224,0.0998932700597786,0.2203528171017044,0.29422124472237265,0.2267506152231188,0.09533613859949917,0.03376564290777603,0.7745580405779888
0.004387794499681497,0.03106384315241334,0.09990623058551565,0.19426805863501584,0.2541084324456879,0.23112589160390482,0.13794585057192768,0.04719389850585403,0.2913513689461606
0.003563734990790271,0.02940871655141476,0.10759506580477803,0.2233818912902689,0.29199363546820295,0.22936112752119828,0.07636528498319385,0.038330543390153085,0.5723094447604159
0.0031905757242620125,0.026974295508946887,0.1018987874428301,0.21757520242040398,0.28740026988058803,0.2293722301724148,0.09927169285023554,0.0343169460003182,0.747275740944347
0.00455467733619774,0.0322453073843291,0.10383404065078695,0.20268168268630088,0.2678284038988501,0.2275831601280224,0.11228388398787917,0.04898884392763444,0.24683267622554128
0.002901002294969101,0.024526135700706372,0.09251260454576574,0.20449824785702975,0.2922732177229843,0.2577392037013619,0.09434721352541585,0.031202374651766257,0.9140681209745609
0.002982015915237181,0.025211054512299932,0.09499608331612254,0.20962500528719882,0.297643832774667,0.2469091801098014,0.09055909344264192,0.03207373464203041,0.8641412169691954
0.004684567230646901,0.03316487627219409,0.10685749652766606,0.20889111989432765,0.264404514410111,0.2161255360394471,0.11548598608271224,0.05038590354289554,0.21437758029098875
0.002871350216695239,0.02427544617287873,0.09151089795386111,0.20202228225837054,0.28696113901399684,0.25074824124747114,0.11072719800015145,0.030883445136574546,0.9330463430638843
0.0031074628057013603,0.026271628460859626,0.09893164180313149,0.21839867771983756,0.3007582591700668,0.2247406069701459,0.09436871652935536,0.03342300654090152,0.7919675734925388
0.005431620975012197,0.03208452230757793,0.0909624885557934,0.17174331600311693,0.23863078843471433,0.23961307518011613,0.1631131824925426,0.058421006051126774,0.05785120100455487
0.00472877000560191,0.03347781437086838,0.10759248607001438,0.19980406513280372,0.24418442723103248,0.21734474063647688,0.14200636024447083,0.05086133630873159,0.20373942092701056
0.004718415161567452,0.03340450618586167,0.10762572186080953,0.21013258007944563,0.2643014270523928,0.21274696719916586,0.11632041997740514,0.05074996248335267,0.20621361547150402
0.005400931373400455,0.03190323918564205,0.0906003576489509,0.1715054381483886,0.2389393367015455,0.24136821502908729,0.16219156468980037,0.05809091722318491,0.06342854922602593
0.004578794811809345,0.032416049537291235,0.10430885137851074,0.20333759082034486,0.2677285342434255,0.22550349594232574,0.11287843847193284,0.04924824479436011,0.2406673270863092
0.004843639412474508,0.03429104416965685,0.11061820896525672,0.21660345804192488,0.26111176076939596,0.20102754630713973,0.11940750260114481,0.05209683973300695,0.17700203110258003
0.0053966412373236995,0.03187789740143243,0.09060019027856395,0.17153648517745515,0.23930479318005185,0.2411764883776104,0.16206273063602067,0.05804477371154201,0.06421326699430682
0.004702507605028991,0.033291887000691356,0.10718969870198956,0.20937172042861169,0.2642003898382295,0.2147366712160972,0.11592825998427018,0.05057886522508162,0.21003580698249702
0.00484018866677202,0.03426661425999068,0.11060379756917091,0.2165991746788687,0.2614237384371084,0.20088432859780436,0.11932243331927703,0.052059724471008116,0.17778674887086118
0.004377072795260019,0.03098793774150599,0.09972013496432684,0.1942553393321787,0.254731458085727,0.23124070240464997,0.1376087758442692,0.047078578832083134,0.2943276120827177
0.003645208449818958,0.030081053262542273,0.11010321019771051,0.22894912200622947,0.28780168639993753,0.22210173621249404,0.07811113419290532,0.03920684927836181,0.5388727753805594
0.0032971919271001186,0.027875667928829537,0.10521457762676263,0.22399667405737178,0.28545661622631924,0.21856510296974174,0.10013048900875338,0.03546368025512123,0.6932445485372788
0.004552099069923168,0.032227054282648,0.1038356118705319,0.2028560745991971,0.2678933917931012,0.2274543321248277,0.11222032344782443,0.048961112811947045,0.2474956449971529
0.0028018143698301306,0.02368756466060459,0.08927366680720235,0.1969935972725284,0.2807171618503218,0.26231021697669393,0.11408044117484263,0.030135536887975222,0.9791269137466613
0.003068789951393005,0.02594467398917746,0.09767731137151603,0.21524913739940824,0.29710026328325806,0.23475848865549376,0.09319428328468052,0.03300705206507256,0.8135881738841931
0.004681881024631657,0.03314585899999991,0.10685829184014449,0.20906093552517666,0.2644746503981245,0.21600160618928746,0.11541976456528748,0.05035701145734814,0.21503053655615922
0.002880602844254018,0.024353671274419758,0.091727802381694,0.2022361454185958,0.2866177038922901,0.2501171054767956,0.11108400488416219,0.030982963827787906,0.927082445779975
0.003140083536548358,0.026547416064612004,0.09988517692122621,0.2203025586097635,0.2941857052581182,0.2268058371673499,0.0953593563840409,0.033773866058340575,0.7741445585454121
0.004386475023844686,0.031054501787305858,0.09990336184961623,0.19427542143592927,0.2542397765640425,0.23105638857014715,0.13790436817875013,0.047179706590364835,0.29171685779130263
0.003556894233443698,0.02935226513335975,0.10741056725314448,0.2231288584997286,0.2919824840846211,0.2300932664728795,0.07621869821801015,0.03825696610481286,0.5751865944555268
0.003190454051632387,0.02697326684398153,0.1018619607172788,0.21755323127696546,0.28747405960268646,0.22936348306066442,0.09926790712347011,0.03431563732332024,0.7473394653757116
0.00454417485945575,0.03217095401836159,0.10362276477547709,0.20241611840610568,0.2677889178453744,0.22855621551980376,0.11202497236954982,0.04887588220587251,0.24953796545365217
0.0028230140251513346,0.02386679430965304,0.08999642119463935,0.19865555646226513,0.28231848359004075,0.2610080489219135,0.11096812700597304,0.030363554490363077,0.9648376112138911
0.0030369108251674898,0.025675156182458435,0.09671347817616828,0.21332055408692124,0.3035055973845425,0.23285796951779306,0.09222616478605855,0.03266416904089003,0.8318246881909711
0.004683063261240885,0.03315422876585853,0.10685220213657665,0.20889428582575184,0.26454143372992395,0.21605614943913629,0.11544890957567533,0.050369727265836856,0.2147430691361309
0.002882370248666386,0.024368613558516168,0.09183235017285882,0.2025879509675907,0.286613149499738,0.24956143113234366,0.11115216088170533,0.03100197353858046,0.9259475985322807
0.0031073473894164365,0.026270652689323347,0.09889588456459851,0.21837724830732586,0.30082963064010165,0.2247322597339761,0.09436521151984893,0.03342176515540887,0.7920312979239031
0.005431620975012197,0.03208452230757793,0.0909624885557934,0.17174331600311693,0.23863078843471433,0.23961307518011613,0.1631131824925426,0.058421006051126774,0.05785120100455487
0.00472877000560191,0.03347781437086838,0.10759248607001438,0.19980406513280372,0.24418442723103248,0.21734474063647688,0.14200636024447083,0.05086133630873159,0.20373942092701056
0.004718415161567452,0.03340450618586167,0.10762572186080953,0.21013258007944563,0.2643014270523928,0.21274696719916586,0.11632041997740514,0.05074996248335267,0.20621361547150402
0.005400931373400455,0.03190323918564205,0.0906003576489509,0.1715054381483886,0.2389393367015455,0.24136821502908729,0.16219156468980037,0.05809091722318491,0.06342854922602593
0.004578794811809345,0.032416049537291235,0.10430885137851074,0.20333759082034486,0.2677285342434255,0.22550349594232574,0.11287843847193284,0.04924824479436011,0.2406673270863092
0.004843639412474508,0.03429104416965685,0.11061820896525672,0.21660345804192488,0.26111176076939596,0.20102754630713973,0.11940750260114481,0.05209683973300695,0.17700203110258003
0.0053966412373236995,0.03187789740143243,0.09060019027856395,0.17153648517745515,0.23930479318005185,0.2411764883776104,0.16206273063602067,0.05804477371154201,0.06421326699430682
0.004702507605028991,0.033291887000691356,0.10718969870198956,0.20937172042861169,0.2642003898382295,0.2147366712160972,0.11592825998427018,0.05057886522508162,0.21003580698249702
0.00484018866677202,0.03426661425999068,0.11060379756917091,0.2165991746788687,0.2614237384371084,0.20088432859780436,0.11932243331927703,0.052059724471008116,0.17778674887086118
0.004377072795260019,0.03098793774150599,0.09972013496432684,0.1942553393321787,0.254731458085727,0.23124070240464997,0.1376087758442692,0.047078578832083134,0.2943276120827177
0.003645208449818958,0.030081053262542273,0.11010321019771051,0.22894912200622947,0.28780168639993753,0.22210173621249404,0.07811113419290532,0.03920684927836181,0.5388727753805594
0.0032971919271001186,0.027875667928829537,0.10521457762676263,0.22399667405737178,0.28545661622631924,0.21856510296974174,0.10013048900875338,0.03546368025512123,0.6932445485372788
0.004552099069923168,0.032227054282648,0.1038356118705319,0.2028560745991971,0.2678933917931012,0.2274543321248277,0.11222032344782443,0.048961112811947045,0.2474956449971529
0.0028018143698301306,0.02368756466060459,0.08927366680720235,0.1969935972725284,0.2807171618503218,0.26231021697669393,0.11408044117484263,0.030135536887975222,0.9791269137466613
0.003068789951393005,0.02594467398917746,0.09767731137151603,0.21524913739940824,0.29710026328325806,0.23475848865549376,0.09319428328468052,0.03300705206507256,0.8135881738841931
0.004681881024631657,0.03314585899999991,0.10685829184014449,0.20906093552517666,0.2644746503981245,0.21600160618928746,0.11541976456528748,0.05035701145734814,0.21503053655615922
0.002880602844254018,0.024353671274419758,0.091727802381694,0.2022361454185958,0.2866177038922901,0.2501171054767956,0.11108400488416219,0.030982963827787906,0.927082445779975
0.003140083536548358,0.026547416064612004,0.09988517692122621,0.2203025586097635,0.2941857052581182,0.2268058371673499,0.0953593563840409,0.033773866058340575,0.7741445585454121
0.004386475023844686,0.031054501787305858,0.09990336184961623,0.19427542143592927,0.2542397765640425,0.23105638857014715,0.13790436817875013,0.047179706590364835,0.29171685779130263
0.003556894233443698,0.02935226513335975,0.10741056725314448,0.2231288584997286,0.2919824840846211,0.2300932664728795,0.07621869821801015,0.03825696610481286,0.5751865944555268
0.003190454051632387,0.02697326684398153,0.1018619607172788,0.21755323127696546,0.28747405960268646,0.22936348306066442,0.09926790712347011,0.03431563732332024,0.7473394653757116
0.00454417485945575,0.03217095401836159,0.10362276477547709,0.20241611840610568,0.2677889178453744,0.22855621551980376,0.11202497236954982,0.04887588220587251,0.24953796545365217
0.0028230140251513346,0.02386679430965304,0.08999642119463935,0.19865555646226513,0.28231848359004075,0.2610080489219135,0.11096812700597304,0.030363554490363077,0.9648376112138911
0.0030369108251674898,0.025675156182458435,0.09671347817616828,0.21332055408692124,0.3035055973845425,0.23285796951779306,0.09222616478605855,0.03266416904089003,0.8318246881909711
0.004683063261240885,0.03315422876585853,0.10685220213657665,0.20889428582575184,0.26454143372992395,0.21605614943913629,0.11544890957567533,0.050369727265836856,0.2147430691361309
0.002882370248666386,0.024368613558516168,0.09183235017285882,0.2025879509675907,0.286613149499738,0.24956143113234366,0.11115216088170533,0.03100197353858046,0.9259475985322807
0.0031073473894164365,0.026270652689323347,0.09889588456459851,0.21837724830732586,0.30082963064010165,0.2247322597339761,0.09436521151984893,0.03342176515540887,0.7920312979239031
0.005431206182575496,0.03208207213344951,0.09098329491321874,0.17177881402651998,0.23861256510015877,0.23959477683202138,0.16310072615313023,0.058416544658926185,0.05792616275296969
0.004396185193452847,0.03112324593330293,0.1000477334799495,0.19417472719916695,0.2536750553413998,0.23108926464674068,0.13820964172925315,0.04728414647673496,0.2890323182748387
0.004362937189416476,0.030887863263811096,0.09953966345565883,0.19445965492125902,0.2556035654242914,0.23105540252040643,0.1371643730420006,0.04692654018315658,0.29827387777658615
0.005399394829282012,0.031894162837297506,0.09060217246491713,0.17154162578188256,0.23904328498502825,0.24129954670402606,0.16214542181599667,0.05807439058157012,0.0637094583948393
0.004568148899095383,0.03234068070158464,0.10408967110588689,0.20289774833630483,0.2673948605369226,0.2269591592973477,0.1126159908077219,0.04913374031513681,0.24338080376356178
0.004661616831276099,0.03300239655570063,0.1064850286791587,0.20866416385657008,0.2650180502934741,0.21710948549081355,0.1149202028690592,0.050139055423948066,0.2199805570812631
0.005391327723385114,0.03184651053602366,0.09053853469647216,0.17177425196176105,0.2396195609503516,0.24093902685732435,0.16190316424272327,0.057987623031959076,0.0651869042191682
0.0046694468510007185,0.033057829986920695,0.10645996698980845,0.2082121184182406,0.2647899731709954,0.21747415972623968,0.11511323191623117,0.05022327294056362,0.218062791712344
0.004655602471515091,0.03295981727622624,0.10640958334926581,0.2088171497688876,0.265482172686037,0.2168293735467112,0.11477193425993086,0.05007436664142662,0.221458002905592
0.00472510518201894,0.03345186887479492,0.10767328572017487,0.2099765809639364,0.26381728432105567,0.2130486111861442,0.11648534526734423,0.05082191848453106,0.20461385692261255
0.0034820252625118965,0.029438316629309704,0.11103537465243773,0.23717022873273022,0.28957479396317104,0.2146369111220679,0.07721065338222972,0.03745169625554128,0.6074146141405726
0.00321545338107506,0.027184620329430666,0.10242702163015724,0.21794991670529817,0.2870783456145896,0.22991190015963603,0.09764821901497965,0.034584523164833,0.73434769687222
0.004696319391832691,0.03324807690791297,0.10714934576623121,0.2095886903268279,0.2645754647652986,0.21445409085383946,0.11577570546474288,0.05051230652331472,0.21152967682927293
0.003122778558321809,0.02640111344188808,0.09932640299338306,0.21818349202522197,0.2980238120964311,0.2309184650481578,0.09043619731593476,0.033587738520660985,0.7835531214300868
0.002839492852457736,0.02400611234997524,0.09022066328438912,0.19830638473519,0.2809485761641228,0.26152209131321275,0.11161588312236294,0.030540796178288584,0.9538776980735704
0.004823392951728777,0.0341477072651955,0.11011277799414232,0.21598177173950933,0.2618459750450074,0.2023009225208695,0.11890837805691602,0.051879074426631235,0.18162221532207595
0.0032018167245796854,0.027069331041900804,0.10177781192343803,0.22331641766220556,0.29460417448472875,0.22286744105475478,0.09272515603192782,0.03443785107646409,0.7414093086847958
0.004840324346720188,0.03486029413083796,0.1175187339666956,0.22287530169191902,0.27588870626946976,0.21065638256307334,0.0812990732244522,0.05206118380683243,0.17775587340354415
0.004722732271720724,0.0334350696119024,0.10758586007047954,0.20001632358684354,0.24455134000843132,0.21706723301760694,0.1418250453123477,0.050796396120667935,0.20518076303510785
0.00356427109218731,0.029413140576789565,0.10765154554802517,0.22348212596769443,0.29161802839273737,0.2295578060743911,0.07637677280034932,0.03833630954782582,0.5720844328873544
0.0036562912393877664,0.03017251085348839,0.11063914780028997,0.23150352335815352,0.29337333109839464,0.21298052187135894,0.07834862109527545,0.03932605268365119,0.5344395423281787
0.004558331410895036,0.032271176782559176,0.10396887521208151,0.20297650799037145,0.26770335300261233,0.227119643637232,0.11237396582444167,0.049028146139807216,0.24589436149713859
0.002990648028789789,0.02528403356121083,0.09517380046695746,0.20980606418683503,0.2983794984173707,0.24537813904236452,0.09082123703946976,0.032166579257000956,0.8589808984460255
0.0028939269796089163,0.02446631839378796,0.09199868812560061,0.2030519343951712,0.29158478104637886,0.2803994611229393,0.07447861541090954,0.031126274525602717,0.9185612075438535
0.0046806479526990625,0.0331371293402329,0.10682101024391188,0.20899385025928247,0.2648446606338004,0.21578958635139986,0.11538936634042798,0.05034374887824569,0.21533051958580793
0.0030644109744602287,0.025907652514678876,0.09746134024375622,0.21466421866067503,0.2952844403692258,0.23759668353042201,0.0930613007009149,0.03295995300586641,0.8160706959103842
0.004851048085795371,0.034937527115978,0.11777909673357477,0.2229296156137968,0.2759173821686691,0.20992961358808548,0.08147919132932754,0.05217652536477325,0.17532103120556214
0.005398977379950767,0.03189169696892372,0.09054431949997456,0.17144851822404245,0.23923281077764375,0.24128089084765955,0.16213288568925624,0.05806990061255002,0.06378580360603811
0.0045820172203358935,0.03243886291039906,0.10436252023576417,0.20318523201124664,0.26770216797392465,0.22548841683663046,0.11295787868656253,0.049282904125137195,0.23984847148457503
0.0046741578111611564,0.033091181714658115,0.10672747980450836,0.20926293761379475,0.2652505572028886,0.2154903745815809,0.1152293685522827,0.05027394271912617,0.21691205690639462
0.005390250428726746,0.03184014696893066,0.09054948562155497,0.171810247787266,0.23967213803674023,0.24089088244096846,0.1618708127658774,0.05797603594993606,0.06538453949169373
0.004636816626906626,0.032826820954168466,0.10574100466201108,0.20664899899554798,0.27422829064808174,0.21173693933776058,0.11430881745912756,0.049872311316396474,0.22609748539461075
0.004813240161593366,0.0340758295415809,0.11003852219847986,0.21629581598730122,0.2624735331717489,0.20187509803774958,0.11865808706469627,0.05176987383685052,0.18395368546573246
0.0053853538974818526,0.03181122321547303,0.0905388792813835,0.17200120066400518,0.23994414831228505,0.2406720559229655,0.16172376848605688,0.057923370220349366,0.06628382990673597
0.004760584874850646,0.03370305101500224,0.10862683394618525,0.212871078537615,0.2718082674378405,0.19966664992036465,0.11736000606541659,0.05120352820272546,0.1962048892332878
0.004809335459171203,0.03404818579855517,0.1100132399900027,0.21643025594949936,0.2626979517297805,0.20171132848588466,0.11856182664460177,0.05172787594250508,0.18485297588077468
0.0047006928242752264,0.03327903907340236,0.10720485663036364,0.20949165486124796,0.2642270889009087,0.21465380054138877,0.11588352122088959,0.050559345947524356,0.21047349777568142
0.003196657949138412,0.027025716865262072,0.1017024841890378,0.22349245968419187,0.294576834055562,0.22304772551648572,0.09257575701915685,0.03438236472116472,0.7440964382802521
0.002931087099874086,0.024780483657930858,0.09315495310722924,0.2041236838213019,0.2866168535650121,0.24796384899512106,0.10890313129915935,0.03152595845437082,0.895205370120074
0.004689399869673551,0.033199089437999145,0.10707912888351495,0.20976632732813674,0.26508493422912704,0.2141381157869899,0.1156051223990241,0.05043788206553504,0.2132047579261275
0.003084588041940977,0.026078236831669356,0.09788679317758589,0.21420048053973212,0.29155983902389765,0.24468289697104653,0.08933019347656214,0.03317697193756463,0.8046905326563563
0.002885721354855426,0.024396945037357943,0.09147912178545768,0.20047016957919364,0.2848454644907978,0.2710343181585754,0.0938502424881043,0.031038017105657123,0.9237996757940227
0.00481861086903633,0.034113852018166316,0.11009367971724933,0.21614100794820704,0.2621143674785358,0.20210035421761607,0.1187904880773138,0.05182763967387554,0.18271914100964357
0.0032161753704338255,0.02719072429185022,0.10199976249604566,0.22313000568813746,0.2939232637879525,0.2228067948297561,0.09314098485404976,0.03459228868177377,0.7339754907752194
0.00458921243653272,0.03305177172162724,0.11142196200363778,0.22365279407377084,0.2764347638944275,0.2244078555444186,0.07708134645420046,0.04936029387138565,0.23802422467918224
0.004563788878435863,0.032309813486194675,0.10405036982163954,0.20311800039684122,0.26847541050476365,0.22588726608311122,0.11250850568467542,0.04908684514433888,0.24449575885622749
0.0030939873809297147,0.026157702285362554,0.09848780557667886,0.21696495249734377,0.29695002241266927,0.23315811104397677,0.09190935018688304,0.03327806861615539,0.7994398444558094
0.0029035318476048648,0.024547521464969434,0.09232782236957926,0.20293294663107875,0.2875082024650262,0.26820979450757354,0.09034059889707749,0.031229581817089548,0.9124670754540575
0.00470086051323972,0.03328022624470033,0.10730762605494464,0.21033426392655544,0.2807665051960026,0.19716171333904592,0.11588765516207694,0.05056114956343468,0.21043304019850415
0.003056072583178067,0.02583715670139856,0.09703305586957171,0.21239854876208572,0.29772760732927084,0.24257291021977861,0.08850438094868864,0.032870267586027124,0.8208175537158208
0.004448079509339816,0.032035324268715415,0.10799538111015643,0.2176201764188928,0.27012595267009504,0.24190533621571284,0.07802744248732005,0.04784230731976854,0.27488396498858475
0.004752814017469281,0.033648036429685634,0.1085568143375633,0.21311365560259066,0.27229956951908413,0.19934072755974405,0.11716843551402735,0.051119947019835923,0.19803590646367292
0.003181950756310006,0.026901376871560072,0.10096762665328327,0.220999343603005,0.30056225202333064,0.2210134376335934,0.09214983421747475,0.034224178241442346,0.7518050254820752
0.004325781937403733,0.031154530126879038,0.10502610574932902,0.2104227693121313,0.27349663951796743,0.22703533959681776,0.1020119251435134,0.046526908615958956,0.30876957401645483
0.005398304669978036,0.03188772327889161,0.09056648065992964,0.17151831239989832,0.23920300248501927,0.24125082736524797,0.16211268401004272,0.05806266513099334,0.06390885699866526
0.004578174743295056,0.03241165969837033,0.1043033640520384,0.20324971628763536,0.26805303505713335,0.2252993223782281,0.11286315227359565,0.04924157550970419,0.24082502674653572
0.004673653592566871,0.033087612047179714,0.106744920384519,0.2093192836631921,0.2652219436497118,0.21546712884231767,0.11521693833649216,0.050268519484021335,0.21703511029902176
0.0053860863517582735,0.031815549814416366,0.09051290156597518,0.17192687751109254,0.23997678277250423,0.2407047893848571,0.1617457643043599,0.0579312482950368,0.06614920432767346
0.004706929309329693,0.03332319091177318,0.10736906002532058,0.21015362376176006,0.2803672578957378,0.19741624848886252,0.11603726575923101,0.05062642384798554,0.20897078851413753
0.004809919597692046,0.034052321267386276,0.10999240653550228,0.2163692797021551,0.26272985883924593,0.20173582820274977,0.11857622708113454,0.05173415877413451,0.1847183503017122
0.005384684577974022,0.03180726955287789,0.09056098520417528,0.1720707500567472,0.23991432681822683,0.24064214396080194,0.16170366862350594,0.057916171205691126,0.0664068832993631
0.004756437204053208,0.03367368715233529,0.10856165907800125,0.21292963485081584,0.27216921894253077,0.19949268988081742,0.117257755883403,0.05115891700804344,0.1971814444952485
0.004808801656304355,0.034044406686171653,0.11003082020276794,0.21648743583527652,0.26266879407984345,0.20168893992797773,0.11854866710447426,0.05172213450718444,0.18497602927340182
0.004696151823428331,0.033246890590132874,0.10713038678222285,0.20955457534307523,0.26464347779974906,0.21444643896162033,0.11577157449565627,0.05051050420411569,0.21157018354251828
0.0031962038411898386,0.027021877670378013,0.10165503644940241,0.22332763552119264,0.2945621620899352,0.2232969979898035,0.09256260597585585,0.0343774804622421,0.7443333917605965
0.003024038175928545,0.02556632609204124,0.0960778744227543,0.21067800057116343,0.29729636280638133,0.24299644068290413,0.09183524284653187,0.032525714402294646,0.8392974863459088
0.004760613346535619,0.03370325258322891,0.10873473064195993,0.21336079782707948,0.271208219134172,0.19966784406900515,0.11736070796176105,0.051203834436258276,0.19619819155053056
0.0031438027605911172,0.026578859746587788,0.09973346305281994,0.2180259429711206,0.29690826143859206,0.23075073924782408,0.09104506178369229,0.03381386899877164,0.772135972351534
0.004164858379969555,0.029995549417551684,0.10111902610333466,0.20314073538010202,0.266746024469194,0.24285021650589322,0.10718753019973419,0.04479605954422125,0.3563895737657752
0.004813839302041152,0.03408007121809917,0.11001448300472251,0.2161989208071902,0.2625432833479019,0.2019002269597594,0.11867285733524804,0.05177631802503792,0.18381582677648042
0.003215715700779286,0.02718683807626732,0.1019519826139855,0.22296422712686817,0.293908595665486,0.22305762347112662,0.09312767274279957,0.03458734460268708,0.7342124442555636
0.004341939949111929,0.03127090105584352,0.105418407781868,0.21055928769264634,0.27360164330344355,0.2257141521525718,0.10239296836406783,0.046700699700447615,0.3041831509987744
0.004563308189293482,0.03230641039789483,0.10406768059925482,0.20317366333707415,0.2684471328569005,0.22586347410694832,0.11249665552715309,0.049081674985481154,0.24461881224885462
0.0030935796680513802,0.026154255331391405,0.09844288665499533,0.21689668364368125,0.2971142861487566,0.2331273864310883,0.09189723875231756,0.03327368336971756,0.7996669403133018
0.0029459403661069266,0.024906058609683607,0.09364593141361535,0.20606084454750268,0.2928110443335947,0.25628436553679923,0.09166009913365125,0.03168571605904533,0.8860346399470012
0.004697693145394113,0.03325780253776303,0.10726442641213,0.21041003036701536,0.2810045246734866,0.19702886879506165,0.1158095718342204,0.050527082234928945,0.21119770503448387
0.003109720412677015,0.026290715096930123,0.09870431549933374,0.21593325925527737,0.3033741704356066,0.22908249936520234,0.09005803120070836,0.03344728873426379,0.7907220392258878
0.004215396437361476,0.030359527411439078,0.10234604481043001,0.20522384495974533,0.2677054214946886,0.24225825243165242,0.10255187960697015,0.04533963284771357,0.3410428913081768
0.004752292687169301,0.033644345618124065,0.10857434771607098,0.21317052735251676,0.2722697013155861,0.1993188621215184,0.11715558345303563,0.05111433973597905,0.19815895985630005
0.003181519532596765,0.026897731148381347,0.10092109477081644,0.22092858735190335,0.3007306956784249,0.22098348549336513,0.09213734590551487,0.034219540118996666,0.7520321213395675
0.004350567069835861,0.03133303407511986,0.10562786653558587,0.21058352703601063,0.27362281649092796,0.22509228239015555,0.10259641578842457,0.04679349061394015,0.3017483088007924
0.005398304669978036,0.03188772327889161,0.09056648065992964,0.17151831239989832,0.23920300248501927,0.24125082736524797,0.16211268401004272,0.05806266513099334,0.06390885699866526
0.004578174743295056,0.03241165969837033,0.1043033640520384,0.20324971628763536,0.26805303505713335,0.2252993223782281,0.11286315227359565,0.04924157550970419,0.24082502674653572
0.004673653592566871,0.033087612047179714,0.106744920384519,0.2093192836631921,0.2652219436497118,0.21546712884231767,0.11521693833649216,0.050268519484021335,0.21703511029902176
0.0053860863517582735,0.031815549814416366,0.09051290156597518,0.17192687751109254,0.23997678277250423,0.2407047893848571,0.1617457643043599,0.0579312482950368,0.06614920432767346
0.004706929309329693,0.03332319091177318,0.10736906002532058,0.21015362376176006,0.2803672578957378,0.19741624848886252,0.11603726575923101,0.05062642384798554,0.20897078851413753
0.004809919597692046,0.034052321267386276,0.10999240653550228,0.2163692797021551,0.26272985883924593,0.20173582820274977,0.11857622708113454,0.05173415877413451,0.1847183503017122
0.005384684577974022,0.03180726955287789,0.09056098520417528,0.1720707500567472,0.23991432681822683,0.24064214396080194,0.16170366862350594,0.057916171205691126,0.0664068832993631
0.004756437204053208,0.03367368715233529,0.10856165907800125,0.21292963485081584,0.27216921894253077,0.19949268988081742,0.117257755883403,0.05115891700804344,0.1971814444952485
0.004808801656304355,0.034044406686171653,0.11003082020276794,0.21648743583527652,0.26266879407984345,0.20168893992797773,0.11854866710447426,0.05172213450718444,0.18497602927340182
0.004696151823428331,0.033246890590132874,0.10713038678222285,0.20955457534307523,0.26464347779974906,0.21444643896162033,0.11577157449565627,0.05051050420411569,0.21157018354251828
0.0031962038411898386,0.027021877670378013,0.10165503644940241,0.22332763552119264,0.2945621620899352,0.2232969979898035,0.09256260597585585,0.0343774804622421,0.7443333917605965
0.003024038175928545,0.02556632609204124,0.0960778744227543,0.21067800057116343,0.29729636280638133,0.24299644068290413,0.09183524284653187,0.032525714402294646,0.8392974863459088
0.004760613346535619,0.03370325258322891,0.10873473064195993,0.21336079782707948,0.271208219134172,0.19966784406900515,0.11736070796176105,0.051203834436258276,0.19619819155053056
0.0031438027605911172,0.026578859746587788,0.09973346305281994,0.2180259429711206,0.29690826143859206,0.23075073924782408,0.09104506178369229,0.03381386899877164,0.772135972351534
0.004164858379969555,0.029995549417551684,0.10111902610333466,0.20314073538010202,0.266746024469194,0.24285021650589322,0.10718753019973419,0.04479605954422125,0.3563895737657752
0.004813839302041152,0.03408007121809917,0.11001448300472251,0.2161989208071902,0.2625432833479019,0.2019002269597594,0.11867285733524804,0.05177631802503792,0.18381582677648042
0.003215715700779286,0.02718683807626732,0.1019519826139855,0.22296422712686817,0.293908595665486,0.22305762347112662,0.09312767274279957,0.03458734460268708,0.7342124442555636
0.004341939949111929,0.03127090105584352,0.105418407781868,0.21055928769264634,0.27360164330344355,0.2257141521525718,0.10239296836406783,0.046700699700447615,0.3041831509987744
0.004563308189293482,0.03230641039789483,0.10406768059925482,0.20317366333707415,0.2684471328569005,0.22586347410694832,0.11249665552715309,0.049081674985481154,0.24461881224885462
0.0030935796680513802,0.026154255331391405,0.09844288665499533,0.21689668364368125,0.2971142861487566,0.2331273864310883,0.09189723875231756,0.03327368336971756,0.7996669403133018
0.0029459403661069266,0.024906058609683607,0.09364593141361535,0.20606084454750268,0.2928110443335947,0.25628436553679923,0.09166009913365125,0.03168571605904533,0.8860346399470012
0.004697693145394113,0.03325780253776303,0.10726442641213,0.21041003036701536,0.2810045246734866,0.19702886879506165,0.1158095718342204,0.050527082234928945,0.21119770503448387
0.003109720412677015,0.026290715096930123,0.09870431549933374,0.21593325925527737,0.3033741704356066,0.22908249936520234,0.09005803120070836,0.03344728873426379,0.7907220392258878
0.004215396437361476,0.030359527411439078,0.10234604481043001,0.20522384495974533,0.2677054214946886,0.24225825243165242,0.10255187960697015,0.04533963284771357,0.3410428913081768
0.004752292687169301,0.033644345618124065,0.10857434771607098,0.21317052735251676,0.2722697013155861,0.1993188621215184,0.11715558345303563,0.05111433973597905,0.19815895985630005
0.003181519532596765,0.026897731148381347,0.10092109477081644,0.22092858735190335,0.3007306956784249,0.22098348549336513,0.09213734590551487,0.034219540118996666,0.7520321213395675
0.004350567069835861,0.03133303407511986,0.10562786653558587,0.21058352703601063,0.27362281649092796,0.22509228239015555,0.10259641578842457,0.04679349061394015,0.3017483088007924
0.005426281988797482,0.03205298497772854,0.09109923315816187,0.17212064404774155,0.2386068746312852,0.23937754863819846,0.16295285115926803,0.05836358139881918,0.058816944093869686
0.004384180153790061,0.03103825501835686,0.09993484510925588,0.19450362877005875,0.2542163396178131,0.230935506909092,0.1378322208159554,0.04715502360567859,0.29235305047700383
0.0043456925839181005,0.030765778302798065,0.09930514387688102,0.19476869949207448,0.2566345432974646,0.2308168526177317,0.13662222783136607,0.046741061997766876,0.30312285257882876
0.0053921712064026,0.03185149298045693,0.09067814036665393,0.17190233207342948,0.23927395157937714,0.24097672220582306,0.16192849428692066,0.05799669530093648,0.06503221802183276
0.004547719641706304,0.03219604966945661,0.10379047166160733,0.2029623298182242,0.26824155480694156,0.22723550562196512,0.11211235988124474,0.04891400889885463,0.24862348280460272
0.0047848184354689766,0.03387461500372755,0.10947428647829748,0.2154504562540027,0.26247867416442705,0.20451554968907007,0.11795742232747686,0.05146417764752967,0.19053302169590167
0.005383065039605446,0.03179770295845725,0.09059662416870826,0.1721327273548273,0.239966328555962,0.2405697666136059,0.1616550334078525,0.05789875190098155,0.06670475961343385
0.004795241212061958,0.03394840412428014,0.10950333847083289,0.2148751675388257,0.26212615118140575,0.20496104619284516,0.11821436914311559,0.05157628213663326,0.18811120017797395
0.004777646740684084,0.03382384225173312,0.10937376569512777,0.21558966779130687,0.2630584011837597,0.20420901285367798,0.11778062259265842,0.05138704089105265,0.19220556328750246
0.0046989428934053265,0.03326665025754645,0.10724894361987208,0.2098812543963319,0.2645951768447229,0.21392812664580904,0.11584038116501318,0.05054052417729964,0.2108958681791481
0.003504350129265553,0.029627059227841913,0.11164102683838843,0.23003878001605496,0.2807425212115473,0.22411377961351445,0.0826406666439262,0.0376918163194607,0.5976605840277461
0.0038060443882354644,0.03409023208932658,0.11935996427819358,0.2340155155818382,0.2816611199412655,0.21684343194818173,0.06928693582866903,0.04093675594429007,0.47706807498596904
0.004667599767665709,0.03304475337018026,0.10666477493062557,0.20945004170797163,0.2657136948209925,0.21518803236155962,0.1150676968155873,0.050203406225417635,0.21851460819399543
0.0031265579679085466,0.02643306595449161,0.09935182228670934,0.21101480790819527,0.2785150868883877,0.2462474715596251,0.10168279863460081,0.03362838880008075,0.7814894007702136
0.003226756218124585,0.028901625191644905,0.1086666705237168,0.21893257225226054,0.2795142624627186,0.23846359233890532,0.08758842767294332,0.034706093339685586,0.728539869236661
0.004954189145167559,0.03507369239011646,0.11327987644689479,0.22308173823971192,0.2593858863404788,0.1888059128675312,0.1221328226280866,0.05328588194201283,0.15244092425446246
0.0040118332024276825,0.03593345505826638,0.12521180529305106,0.23254561791199269,0.2798920981163359,0.20622181964175865,0.07303320752409834,0.04315016325206908,0.40521594071637235
0.004362827474919717,0.03142133421717048,0.10592553817495648,0.21075757361459657,0.27283368702835215,0.22488813491923337,0.10288554444625846,0.04692536012451321,0.29830460700394085
0.004711479454422614,0.03335540413267437,0.10750180530079927,0.2005210485980279,0.2451977500682961,0.21655002861684522,0.141487119884571,0.05067536394436377,0.2078769205754476
0.0035359822732704852,0.02917969508792769,0.10692644309408525,0.22281356404824842,0.29306673118934645,0.2306749539223371,0.07577058751328278,0.03803204287150175,0.5840509739016309
0.0037786623697446085,0.031182344047045396,0.11448026866670453,0.24062919606088135,0.2956455574687607,0.1926708851834629,0.08097084364200402,0.04064224256139652,0.48721859161891123
0.004533768546829529,0.03209728145615765,0.10357442288607337,0.2029075599303584,0.26847203004602493,0.22788255090516507,0.1117684314307707,0.048763954798620945,0.2522308461577709
0.003224573812913788,0.027261727799946497,0.10252044475884696,0.21859023300523248,0.29166846566384036,0.26094603119171444,0.061105903771893254,0.03468261999561159,0.7296581002604217
0.003520147784233413,0.03152949432859365,0.11872141990693003,0.2424635447559167,0.2828172271592426,0.2353102486991415,0.04777618585896773,0.03786173150697411,0.5908331287835628
0.004807340695106058,0.03403406366087296,0.10988816672287761,0.21576644982117532,0.2620726672546021,0.20321224017645342,0.11851265085445437,0.05170642081445831,0.1853129529575843
0.0039721897101829265,0.03557837358427398,0.12417116104253645,0.23237270421580758,0.28006971783193035,0.208800565106217,0.07231151964476697,0.04272376886428441,0.4184786936707597
0.004374475071717924,0.0315052208787282,0.10620833137876468,0.21092394804792008,0.27236486710806274,0.22441229740546606,0.10316022166990826,0.04705063843943238,0.2950509110419369
0.005391741816407158,0.03184895657871778,0.09062013948002644,0.17181132679387462,0.23946262613115335,0.24095753271986486,0.16191559957850687,0.057992076901449946,0.06511095772730696
0.004562055662121513,0.03229754300275656,0.10407469000667215,0.20327713071864656,0.26845312019659817,0.22580147957869395,0.11246577768328225,0.04906820315122956,0.24493957313251366
0.004803182822080574,0.03400462757048161,0.10984921770503756,0.21631796859754623,0.261916672516349,0.20303648173837605,0.1184101491626837,0.05166169988744608,0.1862729542750474
0.005382130018839499,0.03179217980160203,0.09060988640714622,0.17223851972775397,0.2399336540761214,0.2405279804330958,0.16162695445802672,0.05788869507741515,0.06687681650381447
0.004610203906320378,0.032638413457370195,0.10530269652169008,0.20653220974379677,0.2751357154798014,0.21254193949083874,0.11365274911216479,0.04958607228801828,0.23273466918941507
0.0050121024889698135,0.035483695873286786,0.11476812180903827,0.2266554050315268,0.24959835445947123,0.191013011026967,0.12356052753380249,0.053908781776938246,0.14000664147135813
0.0053765830949989435,0.031759414186600644,0.09058803475180172,0.17243995598664472,0.24026651157904813,0.24028008779870852,0.16146037869641905,0.05782903390577872,0.0678987585814172
0.004889165167904317,0.03461334844488428,0.11173956071853523,0.21978409009604508,0.26952968423127,0.18632782593428623,0.12052982329783078,0.05258650210924465,0.1667529419007124
0.005007291720094287,0.03544963753946948,0.11472458322640476,0.22679077462567707,0.2498990731231742,0.19082967091165778,0.1234419303699553,0.05385703848356768,0.14102858354896056
0.004673019561522443,0.0330831233590884,0.10674461797902413,0.20940484993624112,0.2651934827898761,0.2154378984241803,0.11520130792779743,0.05026170002227068,0.21718988181258608
0.0032119769776593594,0.02715522954195292,0.10209248058071531,0.2167076639342731,0.28614266118470016,0.232600209687782,0.09754264615731711,0.03454713193559975,0.7361422245136872
0.0036061957343767785,0.03230021434443616,0.11252663585988451,0.2209975404538426,0.2794992275151085,0.22216212190547072,0.09012082483627423,0.03878723935060661,0.5546950581494972
0.0046600739509094135,0.03299147357521074,0.10657990169695976,0.2096805869338326,0.26624226272769885,0.21484107337186226,0.11488216711211913,0.05012246063140769,0.22035920667597741
0.00320567495744701,0.027101949955382197,0.10163219272801063,0.2150624285229554,0.28399224193481426,0.25202434636445764,0.0825018163797432,0.03447934915718908,0.7394052653496197
0.003233946541228393,0.028966027956931543,0.10840128920804594,0.2311556810413886,0.28166145680335036,0.24596046437170493,0.0658377036201651,0.03478343045718506,0.7248663354418705
0.004948698379695159,0.035034819950344326,0.11324683058086696,0.22330804951356267,0.2596406570488504,0.1885966578397192,0.12199746189278096,0.05322682479418088,0.1536349232224455
0.003831117006848919,0.03431480419107659,0.11897029402702351,0.23369900838854935,0.2806993674092102,0.21753560991180274,0.06974336900172841,0.041206430063760624,0.46790090984563254
0.004092573900726892,0.02947495244367303,0.09936402377755132,0.2087069283445201,0.2848637678232218,0.2329668247163962,0.09651234122444466,0.04401858776946644,0.37899865494675306
0.0045386430295958555,0.032131790859028106,0.1036430355414292,0.20302679245259772,0.2693232048745361,0.2266315505647879,0.11188859929712762,0.04881638338089826,0.2509679204804361
0.0031991482406291782,0.027046770701428545,0.10173829259627609,0.21655366433177728,0.2877100440548785,0.2515142683048004,0.07782866216568865,0.03440914960452098,0.7427982003989967
0.0037028130356474027,0.03316560262901341,0.11572477032235584,0.22853370133670062,0.276175347615112,0.23270276570612883,0.07016857115673397,0.03982642819830819,0.5161198348581816
0.004764935094882368,0.033733848845838146,0.10894451527630443,0.2143650197782612,0.28788073986078816,0.18159337360410255,0.11746724957912977,0.05125031796069387,0.1951824710902418
0.00330040432589743,0.029561281472763584,0.11029723395273103,0.23328514565436548,0.2819718770749589,0.24354292819313195,0.06254289740211957,0.03549823192403181,0.6916707370730911
0.0039679209743800365,0.02857719490400205,0.09633756252409163,0.20310422454135407,0.2794291288207225,0.24937479943683658,0.09653131327057186,0.04267785552804122,0.41992260626978983
0.004878571487305122,0.03453834939181467,0.1116075816481504,0.2199736042214888,0.2703365735512318,0.18592409699347479,0.12026866328239978,0.05247255942413528,0.16912079152419038
0.0036237778264809613,0.03245769479902576,0.11271105350062315,0.22083929297664684,0.27917433029997596,0.22165729211209537,0.09056021103699308,0.03897634744815895,0.547522165724071
0.003815433474932846,0.027478971169138697,0.09263530279992176,0.19422808985011653,0.2763917510855352,0.24854404645694406,0.11586866281132699,0.04103774235208356,0.47362108326714997
0.005390989529294535,0.031844512827440274,0.09064089325271389,0.17189348286395997,0.23942921491568211,0.2409239129263497,0.16189300817427368,0.05798398551028681,0.06524893916675817
0.004557402989397004,0.03226460392692606,0.10399678154321745,0.20331638652179576,0.2689243937908458,0.2255711929572675,0.11235107797441805,0.049018160296132915,0.24613262443013809
0.0048025858001345964,0.034000400892115125,0.10986531617146325,0.2163856256308795,0.26188411701985803,0.20301124488191608,0.11839543111835868,0.05165527848527552,0.1864109357144986
0.005377406920685011,0.031764280515404475,0.09056368500885888,0.17235138336599426,0.24030332635903823,0.2403169046589117,0.1614851184251468,0.0578378947459611,0.06774684706809649
0.004773593941030178,0.03379515003909958,0.10906429758110885,0.21425056882667068,0.2871688629779415,0.1819233653148372,0.11768071121528186,0.051343450104030845,0.19315295646373523
0.005008006255611693,0.03545469616727011,0.11470535044899242,0.22671604230363399,0.24993473347082215,0.19085690211472395,0.12345954540988448,0.053864723829061815,0.14087667203563986
0.005375835031712113,0.03175499538541326,0.09060873465084009,0.17252179364609088,0.24023308243767869,0.24024665676843096,0.1614379141349222,0.05782098794491222,0.0680367400208684
0.00488382175166677,0.03457551917919891,0.11164769513887335,0.21980811693437427,0.2700335356688857,0.18612418643829617,0.12039809507986296,0.052529029808842324,0.1679459931983367
0.005006642883173652,0.035445044031652384,0.11474073395848762,0.22685994928931308,0.24986669159756342,0.1908049435055146,0.1234259349603695,0.053850059773926304,0.14116656498841176
0.004667368857475763,0.0330431186177042,0.10664445509003553,0.20942837183183846,0.2657763718422528,0.21517738682383142,0.11506200431729033,0.050200922619572125,0.21857111646122598
0.003342654922594899,0.02826002874053908,0.1062115583534086,0.22546308884999527,0.29785536267521,0.2240871184951467,0.07882752036016977,0.035952667602935376,0.6712529448593227
0.004006345995209069,0.035884306874870785,0.12501280300291526,0.2325481161664419,0.2798142367975727,0.20670973083963587,0.07293331594752876,0.043091144375826215,0.40703603826712775
0.004826259693585345,0.03416800265947555,0.11041061172375063,0.21758623525183113,0.27818945624071595,0.1839304759027995,0.11897905022231574,0.051909908305526706,0.1809656773013132
0.0032830391309599046,0.029405743737174774,0.10955436559112527,0.21858425436872017,0.2785652400294845,0.23617970570383662,0.0891161947265586,0.03531145671213995,0.7002149306966513
0.00367029295998484,0.02643366083888837,0.08911142127005658,0.18732066587411922,0.26960357709174787,0.2650174295087947,0.11936630115634174,0.039476651300066244,0.5288769847429453
0.0049423617496349714,0.034989959125089454,0.11313244042738616,0.22331515473013802,0.26026499905843475,0.18835516661119306,0.12184124853626116,0.05315866976186309,0.1550161578710854
0.0036396053613528302,0.032599459918437323,0.11302315204896925,0.2208113590748327,0.2790170101550386,0.22080707954315987,0.0909557498825916,0.03914658401561785,0.5411243453133641
0.003832173507372618,0.027599533844862204,0.09304173577382287,0.1945070376621328,0.2757047226002178,0.247719972077302,0.11637703104444072,0.041217793489848706,0.467517261118317
0.004538109956104471,0.03212801691033332,0.10365897640346469,0.20309228472664792,0.26929157227858236,0.22660493219644967,0.11187545773788082,0.04881064979053745,0.2511059019198873
0.0032550806371688746,0.02751964366329324,0.10348342877078755,0.22037393185600507,0.29276153692921336,0.23840625349423983,0.07918938172820233,0.03501074292108929,0.7141628872365631
0.003881715982356436,0.034768012467854756,0.12131606057076444,0.22700720127569118,0.2746469893607895,0.2230705669984866,0.07355879475847933,0.04175065858557843,0.44976133193413026
0.004761232754992273,0.033707637749203795,0.1088893619494021,0.21443221869192597,0.288170798232668,0.18145227611221995,0.11737597788807072,0.051210496621517665,0.1960525016545234
0.003316989924061616,0.029709836464004647,0.11085151319258259,0.22065066083801788,0.2792785132636107,0.23514922630485727,0.08536663800322725,0.035676622009637754,0.6835936555825046
0.0037226664219466806,0.0268108575219737,0.09038300195397893,0.18965640523179764,0.2708677212504701,0.26269219912344416,0.11582718279123594,0.040039965705152156,0.5084412124413538
0.00487795557829115,0.03453398900050473,0.11162371076757852,0.22004186152005267,0.27030244414821086,0.18590062448158254,0.12025347962587105,0.052465934877909064,0.16925877296364156
0.0036437826102403395,0.03263687497973042,0.11333326610871818,0.22085164026759288,0.2791187376872414,0.22016404336106665,0.09106014164139163,0.03919151334401852,0.5394450842334844
0.0038411570901894874,0.027664234124618665,0.0932598491074549,0.19461503304825212,0.27529978970614544,0.24735567030742403,0.11664984820534373,0.04131441841057119,0.46426356515631306
0.005390989529294535,0.031844512827440274,0.09064089325271389,0.17189348286395997,0.23942921491568211,0.2409239129263497,0.16189300817427368,0.05798398551028681,0.06524893916675817
0.004557402989397004,0.03226460392692606,0.10399678154321745,0.20331638652179576,0.2689243937908458,0.2255711929572675,0.11235107797441805,0.049018160296132915,0.24613262443013809
0.0048025858001345964,0.034000400892115125,0.10986531617146325,0.2163856256308795,0.26188411701985803,0.20301124488191608,0.11839543111835868,0.05165527848527552,0.1864109357144986
0.005377406920685011,0.031764280515404475,0.09056368500885888,0.17235138336599426,0.24030332635903823,0.2403169046589117,0.1614851184251468,0.0578378947459611,0.06774684706809649
0.004773593941030178,0.03379515003909958,0.10906429758110885,0.21425056882667068,0.2871688629779415,0.1819233653148372,0.11768071121528186,0.051343450104030845,0.19315295646373523
0.005008006255611693,0.03545469616727011,0.11470535044899242,0.22671604230363399,0.24993473347082215,0.19085690211472395,0.12345954540988448,0.053864723829061815,0.14087667203563986
0.005375835031712113,0.03175499538541326,0.09060873465084009,0.17252179364609088,0.24023308243767869,0.24024665676843096,0.1614379141349222,0.05782098794491222,0.0680367400208684
0.00488382175166677,0.03457551917919891,0.11164769513887335,0.21980811693437427,0.2700335356688857,0.18612418643829617,0.12039809507986296,0.052529029808842324,0.1679459931983367
0.005006642883173652,0.035445044031652384,0.11474073395848762,0.22685994928931308,0.24986669159756342,0.1908049435055146,0.1234259349603695,0.053850059773926304,0.14116656498841176
0.004667368857475763,0.0330431186177042,0.10664445509003553,0.20942837183183846,0.2657763718422528,0.21517738682383142,0.11506200431729033,0.050200922619572125,0.21857111646122598
0.003342654922594899,0.02826002874053908,0.1062115583534086,0.22546308884999527,0.29785536267521,0.2240871184951467,0.07882752036016977,0.035952667602935376,0.6712529448593227
0.004006345995209069,0.035884306874870785,0.12501280300291526,0.2325481161664419,0.2798142367975727,0.20670973083963587,0.07293331594752876,0.043091144375826215,0.40703603826712775
0.004826259693585345,0.03416800265947555,0.11041061172375063,0.21758623525183113,0.27818945624071595,0.1839304759027995,0.11897905022231574,0.051909908305526706,0.1809656773013132
0.0032830391309599046,0.029405743737174774,0.10955436559112527,0.21858425436872017,0.2785652400294845,0.23617970570383662,0.0891161947265586,0.03531145671213995,0.7002149306966513
0.00367029295998484,0.02643366083888837,0.08911142127005658,0.18732066587411922,0.26960357709174787,0.2650174295087947,0.11936630115634174,0.039476651300066244,0.5288769847429453
0.0049423617496349714,0.034989959125089454,0.11313244042738616,0.22331515473013802,0.26026499905843475,0.18835516661119306,0.12184124853626116,0.05315866976186309,0.1550161578710854
0.0036396053613528302,0.032599459918437323,0.11302315204896925,0.2208113590748327,0.2790170101550386,0.22080707954315987,0.0909557498825916,0.03914658401561785,0.5411243453133641
0.003832173507372618,0.027599533844862204,0.09304173577382287,0.1945070376621328,0.2757047226002178,0.247719972077302,0.11637703104444072,0.041217793489848706,0.467517261118317
0.004538109956104471,0.03212801691033332,0.10365897640346469,0.20309228472664792,0.26929157227858236,0.22660493219644967,0.11187545773788082,0.04881064979053745,0.2511059019198873
0.0032550806371688746,0.02751964366329324,0.10348342877078755,0.22037393185600507,0.29276153692921336,0.23840625349423983,0.07918938172820233,0.03501074292108929,0.7141628872365631
0.003881715982356436,0.034768012467854756,0.12131606057076444,0.22700720127569118,0.2746469893607895,0.2230705669984866,0.07355879475847933,0.04175065858557843,0.44976133193413026
0.004761232754992273,0.033707637749203795,0.1088893619494021,0.21443221869192597,0.288170798232668,0.18145227611221995,0.11737597788807072,0.051210496621517665,0.1960525016545234
0.003316989924061616,0.029709836464004647,0.11085151319258259,0.22065066083801788,0.2792785132636107,0.23514922630485727,0.08536663800322725,0.035676622009637754,0.6835936555825046
0.0037226664219466806,0.0268108575219737,0.09038300195397893,0.18965640523179764,0.2708677212504701,0.26269219912344416,0.11582718279123594,0.040039965705152156,0.5084412124413538
0.00487795557829115,0.03453398900050473,0.11162371076757852,0.22004186152005267,0.27030244414821086,0.18590062448158254,0.12025347962587105,0.052465934877909064,0.16925877296364156
0.0036437826102403395,0.03263687497973042,0.11333326610871818,0.22085164026759288,0.2791187376872414,0.22016404336106665,0.09106014164139163,0.03919151334401852,0.5394450842334844
0.0038411570901894874,0.027664234124618665,0.0932598491074549,0.19461503304825212,0.27529978970614544,0.24735567030742403,0.11664984820534373,0.04131441841057119,0.46426356515631306
0.005426281988797482,0.03205298497772854,0.09109923315816187,0.17212064404774155,0.2386068746312852,0.23937754863819846,0.16295285115926803,0.05836358139881918,0.058816944093869686
0.004384180153790061,0.03103825501835686,0.09993484510925588,0.19450362877005875,0.2542163396178131,0.230935506909092,0.1378322208159554,0.04715502360567859,0.29235305047700383
0.0043456925839181005,0.030765778302798065,0.09930514387688102,0.19476869949207448,0.2566345432974646,0.2308168526177317,0.13662222783136607,0.046741061997766876,0.30312285257882876
0.0053921712064026,0.03185149298045693,0.09067814036665393,0.17190233207342948,0.23927395157937714,0.24097672220582306,0.16192849428692066,0.05799669530093648,0.06503221802183276
0.004547719641706304,0.03219604966945661,0.10379047166160733,0.2029623298182242,0.26824155480694156,0.22723550562196512,0.11211235988124474,0.04891400889885463,0.24862348280460272
0.0047848184354689766,0.03387461500372755,0.10947428647829748,0.2154504562540027,0.26247867416442705,0.20451554968907007,0.11795742232747686,0.05146417764752967,0.19053302169590167
0.005383065039605446,0.03179770295845725,0.09059662416870826,0.1721327273548273,0.239966328555962,0.2405697666136059,0.1616550334078525,0.05789875190098155,0.06670475961343385
0.004795241212061958,0.03394840412428014,0.10950333847083289,0.2148751675388257,0.26212615118140575,0.20496104619284516,0.11821436914311559,0.05157628213663326,0.18811120017797395
0.004777646740684084,0.03382384225173312,0.10937376569512777,0.21558966779130687,0.2630584011837597,0.20420901285367798,0.11778062259265842,0.05138704089105265,0.19220556328750246
0.0046989428934053265,0.03326665025754645,0.10724894361987208,0.2098812543963319,0.2645951768447229,0.21392812664580904,0.11584038116501318,0.05054052417729964,0.2108958681791481
0.0034793133656263802,0.029415389259987785,0.11110945975955282,0.23017556064235778,0.28133891127924743,0.22500859589289157,0.08205024195420456,0.03742252784613134,0.6086080039766191
0.003325752130242801,0.02978831837642123,0.11073757109658947,0.23067153325910314,0.29042391892337177,0.21616965620424838,0.08311238414524795,0.0357708658647755,0.6793590392965402
0.004667599767665709,0.03304475337018026,0.10666477493062557,0.20945004170797163,0.2657136948209925,0.21518803236155962,0.1150676968155873,0.050203406225417635,0.21851460819399543
0.003099118549012789,0.026201083059285715,0.0987168650406368,0.2107208767746801,0.27994879927515487,0.24718959314019576,0.10079040612665247,0.03333325803438057,0.7965868945954608
0.0027714130347661226,0.02482317701354067,0.09869866338252568,0.21715265932826805,0.2893836673664419,0.24332637026602286,0.09403550103350747,0.029808548574926968,1.0
0.004954189145167559,0.03507369239011646,0.11327987644689479,0.22308173823971192,0.2593858863404788,0.1888059128675312,0.1221328226280866,0.05328588194201283,0.15244092425446246
0.003532733927468388,0.031642226735319134,0.11709948858135988,0.23193168898719224,0.27956607579933973,0.20994570772933593,0.08828497367338903,0.03799710456659544,0.585437333433895
0.004362827474919717,0.03142133421717048,0.10592553817495648,0.21075757361459657,0.27283368702835215,0.22488813491923337,0.10288554444625846,0.04692536012451321,0.29830460700394085
0.004711479454422614,0.03335540413267437,0.10750180530079927,0.2005210485980279,0.2451977500682961,0.21655002861684522,0.141487119884571,0.05067536394436377,0.2078769205754476
0.0035359822732704852,0.02917969508792769,0.10692644309408525,0.22281356404824842,0.29306673118934645,0.2306749539223371,0.07577058751328278,0.03803204287150175,0.5840509739016309
0.0037786623697446085,0.031182344047045396,0.11448026866670453,0.24062919606088135,0.2956455574687607,0.1926708851834629,0.08097084364200402,0.04064224256139652,0.48721859161891123
0.004533768546829529,0.03209728145615765,0.10357442288607337,0.2029075599303584,0.26847203004602493,0.22788255090516507,0.1117684314307707,0.048763954798620945,0.2522308461577709
0.0031908531031524415,0.026976640571658134,0.10169233847719604,0.21792224151702255,0.29295240684291807,0.2624786961609268,0.06046689391653043,0.03431992941059493,0.7471304855852456
0.0030573417131440498,0.027384202060181544,0.1090328373407572,0.24289283595152908,0.30397101351677575,0.21853552459054354,0.062242326831750204,0.032883917995318104,0.820093396141484
0.004807340695106058,0.03403406366087296,0.10988816672287761,0.21576644982117532,0.2620726672546021,0.20321224017645342,0.11851265085445437,0.05170642081445831,0.1853129529575843
0.0034932842376857198,0.03128888112413813,0.11596479446926759,0.2314257059674783,0.2812942084728631,0.21166122694561473,0.0872991041187062,0.037572794664245686,0.6024798358554532
0.004374475071717924,0.0315052208787282,0.10620833137876468,0.21092394804792008,0.27236486710806274,0.22441229740546606,0.10316022166990826,0.04705063843943238,0.2950509110419369
0.005391741816407158,0.03184895657871778,0.09062013948002644,0.17181132679387462,0.23946262613115335,0.24095753271986486,0.16191559957850687,0.057992076901449946,0.06511095772730696
0.004562055662121513,0.03229754300275656,0.10407469000667215,0.20327713071864656,0.26845312019659817,0.22580147957869395,0.11246577768328225,0.04906820315122956,0.24493957313251366
0.004803182822080574,0.03400462757048161,0.10984921770503756,0.21631796859754623,0.261916672516349,0.20303648173837605,0.1184101491626837,0.05166169988744608,0.1862729542750474
0.005382130018839499,0.03179217980160203,0.09060988640714622,0.17223851972775397,0.2399336540761214,0.2405279804330958,0.16162695445802672,0.05788869507741515,0.06687681650381447
0.004610203906320378,0.032638413457370195,0.10530269652169008,0.20653220974379677,0.2751357154798014,0.21254193949083874,0.11365274911216479,0.04958607228801828,0.23273466918941507
0.0050121024889698135,0.035483695873286786,0.11476812180903827,0.2266554050315268,0.24959835445947123,0.191013011026967,0.12356052753380249,0.053908781776938246,0.14000664147135813
0.0053765830949989435,0.031759414186600644,0.09058803475180172,0.17243995598664472,0.24026651157904813,0.24028008779870852,0.16146037869641905,0.05782903390577872,0.0678987585814172
0.004889165167904317,0.03461334844488428,0.11173956071853523,0.21978409009604508,0.26952968423127,0.18632782593428623,0.12052982329783078,0.05258650210924465,0.1667529419007124
0.005007291720094287,0.03544963753946948,0.11472458322640476,0.22679077462567707,0.2498990731231742,0.19082967091165778,0.1234419303699553,0.05385703848356768,0.14102858354896056
0.004673019561522443,0.0330831233590884,0.10674461797902413,0.20940484993624112,0.2651934827898761,0.2154378984241803,0.11520130792779743,0.05026170002227068,0.21718988181258608
0.0031880450832620934,0.026952900543254707,0.10157558480263389,0.2166750588945066,0.28734862333186634,0.23315418773174923,0.09681587248387444,0.03428972712885245,0.7486021322136724
0.0031281852087704184,0.028018737804269847,0.10366825505908901,0.21570156778962654,0.28412504119212406,0.232309050742717,0.09940327125273508,0.0336458909506681,0.7806023927974509
0.0046600739509094135,0.03299147357521074,0.10657990169695976,0.2096805869338326,0.26624226272769885,0.21484107337186226,0.11488216711211913,0.05012246063140769,0.22035920667597741
0.0031720882718822953,0.026817995816729605,0.10080992374137457,0.2143548727080901,0.2850342755061655,0.2540553203432365,0.08163742351332762,0.03411810009919326,0.7570143598902271
0.0027782776924656295,0.02488466283722505,0.09850711881890652,0.22720968402104694,0.3042796568162791,0.2370434789061846,0.07541473798206906,0.02988238292582273,0.9952469037954473
0.004948698379695159,0.035034819950344326,0.11324683058086696,0.22330804951356267,0.2596406570488504,0.1885966578397192,0.12199746189278096,0.05322682479418088,0.1536349232224455
0.003350605334449498,0.030010925212586515,0.11053663811405835,0.22946616473713366,0.2897228709248225,0.21714113619636233,0.08373347945673663,0.03603818002385047,0.6674684368205666
0.004092573900726892,0.02947495244367303,0.09936402377755132,0.2087069283445201,0.2848637678232218,0.2329668247163962,0.09651234122444466,0.04401858776946644,0.37899865494675306
0.0045386430295958555,0.032131790859028106,0.1036430355414292,0.20302679245259772,0.2693232048745361,0.2266315505647879,0.11188859929712762,0.04881638338089826,0.2509679204804361
0.0031726640061067067,0.026822863284687123,0.10113865121647317,0.2163490501777539,0.2888902655822552,0.2523178576978669,0.07718435549831118,0.03412429253654538,0.7567093686777853
0.0032384196512875146,0.029006093007288788,0.10748175796514937,0.2249147760432344,0.28625646891759254,0.23092640283073784,0.08334453959856626,0.03483154198614363,0.722589255663065
0.004764935094882368,0.033733848845838146,0.10894451527630443,0.2143650197782612,0.28788073986078816,0.18159337360410255,0.11746724957912977,0.05125031796069387,0.1951824710902418
0.0028416611997014647,0.025452380460010554,0.10046885416326366,0.22978113940899617,0.3040165184717073,0.23374183390117806,0.07313349407636764,0.030564118318774747,0.9524450141736253
0.0039679209743800365,0.02857719490400205,0.09633756252409163,0.20310422454135407,0.2794291288207225,0.24937479943683658,0.09653131327057186,0.04267785552804122,0.41992260626978983
0.004878571487305122,0.03453834939181467,0.1116075816481504,0.2199736042214888,0.2703365735512318,0.18592409699347479,0.12026866328239978,0.05247255942413528,0.16912079152419038
0.003145362317980489,0.0281725908810771,0.10392138018286835,0.21541983615670107,0.28335474560535107,0.23220633931533108,0.09994910237595608,0.03383064316473438,0.7712951388333493
0.003815433474932846,0.027478971169138697,0.09263530279992176,0.19422808985011653,0.2763917510855352,0.24854404645694406,0.11586866281132699,0.04103774235208356,0.47362108326714997
0.005390989529294535,0.031844512827440274,0.09064089325271389,0.17189348286395997,0.23942921491568211,0.2409239129263497,0.16189300817427368,0.05798398551028681,0.06524893916675817
0.004557402989397004,0.03226460392692606,0.10399678154321745,0.20331638652179576,0.2689243937908458,0.2255711929572675,0.11235107797441805,0.049018160296132915,0.24613262443013809
0.0048025858001345964,0.034000400892115125,0.10986531617146325,0.2163856256308795,0.26188411701985803,0.20301124488191608,0.11839543111835868,0.05165527848527552,0.1864109357144986
0.005377406920685011,0.031764280515404475,0.09056368500885888,0.17235138336599426,0.24030332635903823,0.2403169046589117,0.1614851184251468,0.0578378947459611,0.06774684706809649
0.004773593941030178,0.03379515003909958,0.10906429758110885,0.21425056882667068,0.2871688629779415,0.1819233653148372,0.11768071121528186,0.051343450104030845,0.19315295646373523
0.005008006255611693,0.03545469616727011,0.11470535044899242,0.22671604230363399,0.24993473347082215,0.19085690211472395,0.12345954540988448,0.053864723829061815,0.14087667203563986
0.005375835031712113,0.03175499538541326,0.09060873465084009,0.17252179364609088,0.24023308243767869,0.24024665676843096,0.1614379141349222,0.05782098794491222,0.0680367400208684
0.00488382175166677,0.03457551917919891,0.11164769513887335,0.21980811693437427,0.2700335356688857,0.18612418643829617,0.12039809507986296,0.052529029808842324,0.1679459931983367
0.005006642883173652,0.035445044031652384,0.11474073395848762,0.22685994928931308,0.24986669159756342,0.1908049435055146,0.1234259349603695,0.053850059773926304,0.14116656498841176
0.004667368857475763,0.0330431186177042,0.10664445509003553,0.20942837183183846,0.2657763718422528,0.21517738682383142,0.11506200431729033,0.050200922619572125,0.21857111646122598
0.003313999047812761,0.02801776148182371,0.10555443826123684,0.22517479216939681,0.2989624294506518,0.22518037793921955,0.07815174867414904,0.03564445297570914,0.6850442183894844
0.003527161010972191,0.03159231086535266,0.11689033830054633,0.23179240834706194,0.2798225190097229,0.21029239523161708,0.08814570340955026,0.0379371638251769,0.5878217435007628
0.004826259693585345,0.03416800265947555,0.11041061172375063,0.21758623525183113,0.27818945624071595,0.1839304759027995,0.11897905022231574,0.051909908305526706,0.1809656773013132
0.0028251441681995822,0.0253044396112211,0.0997450171058084,0.21667726829342537,0.2867037839955997,0.2424992544745021,0.09585862663410566,0.030386465717137545,0.9634136775947842
0.00367029295998484,0.02643366083888837,0.08911142127005658,0.18732066587411922,0.26960357709174787,0.2650174295087947,0.11936630115634174,0.039476651300066244,0.5288769847429453
0.0049423617496349714,0.034989959125089454,0.11313244042738616,0.22331515473013802,0.26026499905843475,0.18835516661119306,0.12184124853626116,0.05315866976186309,0.1550161578710854
0.0031607346693898588,0.028310278982909002,0.1042727953461899,0.21541607565838078,0.28264444356818363,0.23176210354166765,0.10043758432793698,0.03399598390534171,0.7630515521402695
0.003832173507372618,0.027599533844862204,0.09304173577382287,0.1945070376621328,0.2757047226002178,0.247719972077302,0.11637703104444072,0.041217793489848706,0.467517261118317
0.004538109956104471,0.03212801691033332,0.10365897640346469,0.20309228472664792,0.26929157227858236,0.22660493219644967,0.11187545773788082,0.04881064979053745,0.2511059019198873
0.003227066897048122,0.02728280524614431,0.10283959576440434,0.2200927223150864,0.29405077784082456,0.2392897316686157,0.07850786535201008,0.034709434915866144,0.728380805092512
0.0034186350530981324,0.030620258331472895,0.11346302978435291,0.22636225969957402,0.27599100970920526,0.22539232366601383,0.08798259498045755,0.036769888775825633,0.6358050560718406
0.004761232754992273,0.033707637749203795,0.1088893619494021,0.21443221869192597,0.288170798232668,0.18145227611221995,0.11737597788807072,0.051210496621517665,0.1960525016545234
0.0028575217051798685,0.025594440892748566,0.10102961306444189,0.2191693418064336,0.28768344290294245,0.2399978045786731,0.09293312554066317,0.030734709508916776,0.9420316797878645
0.0037226664219466806,0.0268108575219737,0.09038300195397893,0.18965640523179764,0.2708677212504701,0.26269219912344416,0.11582718279123594,0.040039965705152156,0.5084412124413538
0.00487795557829115,0.03453398900050473,0.11162371076757852,0.22004186152005267,0.27030244414821086,0.18590062448158254,0.12025347962587105,0.052465934877909064,0.16925877296364156
0.003164805750066788,0.028346743109696346,0.10456378258158386,0.21570333231714342,0.28233261888766864,0.231281996369948,0.10056694966592464,0.03403977131796783,0.7608818044475886
0.0038411570901894874,0.027664234124618665,0.0932598491074549,0.19461503304825212,0.27529978970614544,0.24735567030742403,0.11664984820534373,0.04131441841057119,0.46426356515631306
0.005390989529294535,0.031844512827440274,0.09064089325271389,0.17189348286395997,0.23942921491568211,0.2409239129263497,0.16189300817427368,0.05798398551028681,0.06524893916675817
0.004557402989397004,0.03226460392692606,0.10399678154321745,0.20331638652179576,0.2689243937908458,0.2255711929572675,0.11235107797441805,0.049018160296132915,0.24613262443013809
0.0048025858001345964,0.034000400892115125,0.10986531617146325,0.2163856256308795,0.26188411701985803,0.20301124488191608,0.11839543111835868,0.05165527848527552,0.1864109357144986
0.005377406920685011,0.031764280515404475,0.09056368500885888,0.17235138336599426,0.24030332635903823,0.2403169046589117,0.1614851184251468,0.0578378947459611,0.06774684706809649
0.004773593941030178,0.03379515003909958,0.10906429758110885,0.21425056882667068,0.2871688629779415,0.1819233653148372,0.11768071121528186,0.051343450104030845,0.19315295646373523
0.005008006255611693,0.03545469616727011,0.11470535044899242,0.22671604230363399,0.24993473347082215,0.19085690211472395,0.12345954540988448,0.053864723829061815,0.14087667203563986
0.005375835031712113,0.03175499538541326,0.09060873465084009,0.17252179364609088,0.24023308243767869,0.24024665676843096,0.1614379141349222,0.05782098794491222,0.0680367400208684
0.00488382175166677,0.03457551917919891,0.11164769513887335,0.21980811693437427,0.2700335356688857,0.18612418643829617,0.12039809507986296,0.052529029808842324,0.1679459931983367
0.005006642883173652,0.035445044031652384,0.11474073395848762,0.22685994928931308,0.24986669159756342,0.1908049435055146,0.1234259349603695,0.053850059773926304,0.14116656498841176
0.004667368857475763,0.0330431186177042,0.10664445509003553,0.20942837183183846,0.2657763718422528,0.21517738682383142,0.11506200431729033,0.050200922619572125,0.21857111646122598
0.003313999047812761,0.02801776148182371,0.10555443826123684,0.22517479216939681,0.2989624294506518,0.22518037793921955,0.07815174867414904,0.03564445297570914,0.6850442183894844
0.003527161010972191,0.03159231086535266,0.11689033830054633,0.23179240834706194,0.2798225190097229,0.21029239523161708,0.08814570340955026,0.0379371638251769,0.5878217435007628
0.004826259693585345,0.03416800265947555,0.11041061172375063,0.21758623525183113,0.27818945624071595,0.1839304759027995,0.11897905022231574,0.051909908305526706,0.1809656773013132
0.0028251441681995822,0.0253044396112211,0.0997450171058084,0.21667726829342537,0.2867037839955997,0.2424992544745021,0.09585862663410566,0.030386465717137545,0.9634136775947842
0.00367029295998484,0.02643366083888837,0.08911142127005658,0.18732066587411922,0.26960357709174787,0.2650174295087947,0.11936630115634174,0.039476651300066244,0.5288769847429453
0.0049423617496349714,0.034989959125089454,0.11313244042738616,0.22331515473013802,0.26026499905843475,0.18835516661119306,0.12184124853626116,0.05315866976186309,0.1550161578710854
0.0031607346693898588,0.028310278982909002,0.1042727953461899,0.21541607565838078,0.28264444356818363,0.23176210354166765,0.10043758432793698,0.03399598390534171,0.7630515521402695
0.003832173507372618,0.027599533844862204,0.09304173577382287,0.1945070376621328,0.2757047226002178,0.247719972077302,0.11637703104444072,0.041217793489848706,0.467517261118317
0.004538109956104471,0.03212801691033332,0.10365897640346469,0.20309228472664792,0.26929157227858236,0.22660493219644967,0.11187545773788082,0.04881064979053745,0.2511059019198873
0.003227066897048122,0.02728280524614431,0.10283959576440434,0.2200927223150864,0.29405077784082456,0.2392897316686157,0.07850786535201008,0.034709434915866144,0.728380805092512
0.0034186350530981324,0.030620258331472895,0.11346302978435291,0.22636225969957402,0.27599100970920526,0.22539232366601383,0.08798259498045755,0.036769888775825633,0.6358050560718406
0.004761232754992273,0.033707637749203795,0.1088893619494021,0.21443221869192597,0.288170798232668,0.18145227611221995,0.11737597788807072,0.051210496621517665,0.1960525016545234
0.0028575217051798685,0.025594440892748566,0.10102961306444189,0.2191693418064336,0.28768344290294245,0.2399978045786731,0.09293312554066317,0.030734709508916776,0.9420316797878645
0.0037226664219466806,0.0268108575219737,0.09038300195397893,0.18965640523179764,0.2708677212504701,0.26269219912344416,0.11582718279123594,0.040039965705152156,0.5084412124413538
0.00487795557829115,0.03453398900050473,0.11162371076757852,0.22004186152005267,0.27030244414821086,0.18590062448158254,0.12025347962587105,0.052465934877909064,0.16925877296364156
0.003164805750066788,0.028346743109696346,0.10456378258158386,0.21570333231714342,0.28233261888766864,0.231281996369948,0.10056694966592464,0.03403977131796783,0.7608818044475886
0.0038411570901894874,0.027664234124618665,0.0932598491074549,0.19461503304825212,0.27529978970614544,0.24735567030742403,0.11664984820534373,0.04131441841057119,0.46426356515631306
